path,bytes,sha256,availability
paper_outputs/ess_evidence_revision/cosmic/202401_block_00000.parquet,204176,1c9296dead76ea71c60082e33c85d1cf0490f5b0b099bac27b3dfcc25d5daa6c,local_only_not_in_this_repository
paper_outputs/ess_evidence_revision/cosmic/202401_block_00001.parquet,204562,7e9ae8436ffeba17d6c43a93238129135e8ee690756a43872239cbab9deb998c,local_only_not_in_this_repository
paper_outputs/ess_evidence_revision/cosmic/202401_block_00002.parquet,205982,1c4dce325e5ad9528edbd477c8d491bce5ec6a33c1ef4ef44dc4c784470097be,local_only_not_in_this_repository
paper_outputs/ess_evidence_revision/cosmic/202401_block_00003.parquet,201746,6a3dcdce511379d675ad2e2a9618a45090b7e12ae696adb5cd3b24406ef05000,local_only_not_in_this_repository
paper_outputs/ess_evidence_revision/cosmic/202401_block_00004.parquet,204671,cef1aea16d63f811665edb557f1ce5ebdee24a863bb4bfee4b5a25441106548c,local_only_not_in_this_repository
paper_outputs/ess_evidence_revision/cosmic/202401_block_00005.parquet,204168,f44e34d4cb274724719acfaa09fa58fb8a895fed85b37381297437b620260500,local_only_not_in_this_repository
paper_outputs/ess_evidence_revision/cosmic/202401_block_00006.parquet,203171,7e265c9f31b1a22953ac7972751689312037257dc1c16207b32cfc2da485193b,local_only_not_in_this_repository
paper_outputs/ess_evidence_revision/cosmic/202401_block_00007.parquet,204900,94959ffed88a01dbe5813c0794685f6fcd02a0701d997d539dcf38e0f7587c61,local_only_not_in_this_repository
paper_outputs/ess_evidence_revision/cosmic/202401_block_00008.parquet,207202,2f6a87ad99b11042d6eb453d4d8e62db2564461d4cecc932499a534452108eb7,local_only_not_in_this_repository
paper_outputs/ess_evidence_revision/cosmic/202401_block_00009.parquet,204249,af388f57ab7a03d3cbd06041d66848e91631c745689620f986cf336ad7f7887d,local_only_not_in_this_repository
paper_outputs/ess_evidence_revision/cosmic/202401_block_00010.parquet,203932,7d79a0caf7dcf1580d83a1a79821319d02e464ba78fa8fcd2758d6101ef76151,local_only_not_in_this_repository
paper_outputs/ess_evidence_revision/cosmic/202401_block_00011.parquet,202717,f9b5d985d2a674a55c5db716389c4a49a022ece584d2777c8fa28177c1fe4dc6,local_only_not_in_this_repository
paper_outputs/ess_evidence_revision/cosmic/202401_block_00012.parquet,204418,e18edf245ef3f4a916bd3fd2a15d0360306387b00ccfbfc3adbdbcd383e9827e,local_only_not_in_this_repository
paper_outputs/ess_evidence_revision/cosmic/202401_block_00013.parquet,203131,2010c8a38d4d11d01429f4062d5d35d55c02f41fdae7b49e5665d5d21ee48322,local_only_not_in_this_repository
paper_outputs/ess_evidence_revision/cosmic/202401_block_00014.parquet,201699,ca8e797c150dc5741bb16f3bf0d5bdcc7189056f35c6716a42ff00dc811a158a,local_only_not_in_this_repository
paper_outputs/ess_evidence_revision/cosmic/202401_block_00015.parquet,203449,23ff3a2c3695fb7d3e9015257d6c37b22c5be574ac59775f12eaf0baa1689747,local_only_not_in_this_repository
paper_outputs/ess_evidence_revision/cosmic/202401_block_00016.parquet,202434,937d06bd6b7e3b66268ae04fa19be2d7b0d7371c8d9118f5354d73a56d4a1927,local_only_not_in_this_repository
paper_outputs/ess_evidence_revision/cosmic/202401_block_00017.parquet,204464,caae7d22d7f1ce754dab0ae66f3af5615e39be38be874d4cacdcdfd08e0c79e6,local_only_not_in_this_repository
paper_outputs/ess_evidence_revision/cosmic/202401_block_00018.parquet,205879,639fe7840105136df0f81adca70fac594bb7b6c46e0f965fda3e2757dcc43824,local_only_not_in_this_repository
paper_outputs/ess_evidence_revision/cosmic/202401_block_00019.parquet,202908,4a6e47c43775c60c77536dadf62d7aaaa48431444e3694f00674e11d3dfb546b,local_only_not_in_this_repository
paper_outputs/ess_evidence_revision/cosmic/202401_block_00020.parquet,202596,c7510b6b24caeddbc1b740200749a7a4bad9088ab80660b2e8b0870fd94b3952,local_only_not_in_this_repository
paper_outputs/ess_evidence_revision/cosmic/202401_block_00021.parquet,204965,b36795324cf1997d51bbbb74361fd654f370fd3647a792702427e30c7794ffb2,local_only_not_in_this_repository
paper_outputs/ess_evidence_revision/cosmic/202401_block_00022.parquet,82883,edffe884aaed42bbeea953fd6e4d3870bb6b6b902495b793e47a265964be8470,local_only_not_in_this_repository
paper_outputs/ess_evidence_revision/cosmic/202402_block_00000.parquet,202661,8443d99897803abccc54502da197befdd9302b4b9d2f49ec1938fd483d1aa539,local_only_not_in_this_repository
paper_outputs/ess_evidence_revision/cosmic/202402_block_00001.parquet,201861,7644c3ec7435ec22643dc05953146c0d6b1ccaef5fc659fb9f8d73cf5d8a937e,local_only_not_in_this_repository
paper_outputs/ess_evidence_revision/cosmic/202402_block_00002.parquet,204293,445f81c5dd6e1626048bae3da61256985a7ff2c7f2e1df7f3cc83ca5d77bc124,local_only_not_in_this_repository
paper_outputs/ess_evidence_revision/cosmic/202402_block_00003.parquet,204932,b56a6547c0e7173a1b3dc81511e0da423ece83f78289de488947e8ea07ad42a5,local_only_not_in_this_repository
paper_outputs/ess_evidence_revision/cosmic/202402_block_00004.parquet,206087,b2e1e1c8f7b1cbb4c7396696f8bd85e58e16578ac0954018d5c31f062dca5128,local_only_not_in_this_repository
paper_outputs/ess_evidence_revision/cosmic/202402_block_00005.parquet,205013,c207bd42be00b039cc0eb060851db071af57c46809a52915d92499bb6be61cd5,local_only_not_in_this_repository
paper_outputs/ess_evidence_revision/cosmic/202402_block_00006.parquet,203515,9c4503442cb102a5236c6ad577ea10a1e6b892d3a8d0748dd822a163060dd2b4,local_only_not_in_this_repository
paper_outputs/ess_evidence_revision/cosmic/202402_block_00007.parquet,204553,4c4aabc5016d0525f134075fd7f74f1c7b742492339ae1c790c30c541a6272c7,local_only_not_in_this_repository
paper_outputs/ess_evidence_revision/cosmic/202402_block_00008.parquet,203391,88153bf3568f61097c9ac8e25a0e4b07c78731f3fd629a3706e57bd7a8c2b594,local_only_not_in_this_repository
paper_outputs/ess_evidence_revision/cosmic/202402_block_00009.parquet,204051,b87e2a6a221e2338a500f063ac3938ed3f452bd83b03ccdea0d63844881a1c6a,local_only_not_in_this_repository
paper_outputs/ess_evidence_revision/cosmic/202402_block_00010.parquet,205907,d35cb1c61c891d617caf7bd09317c455b54a2a3af3e682126118b204694da6e0,local_only_not_in_this_repository
paper_outputs/ess_evidence_revision/cosmic/202402_block_00011.parquet,204016,12bad01d8aef9f5f2148a371247358259bb796c23ee2c4cc7bcb261ea921072c,local_only_not_in_this_repository
paper_outputs/ess_evidence_revision/cosmic/202402_block_00012.parquet,202318,2bf833dd364a4b35fd3407fc5c55b65a79554c278efdc1b2402722e923755f55,local_only_not_in_this_repository
paper_outputs/ess_evidence_revision/cosmic/202402_block_00013.parquet,206141,31fea1ce47ebfde766cf0bfcd006a9339418089149a6043a949dfa8a71c55cd8,local_only_not_in_this_repository
paper_outputs/ess_evidence_revision/cosmic/202402_block_00014.parquet,203827,735ca7f92f9d176a5da00e4d6d197ac5f50afe9d4e0ef720e08b8c31495cead4,local_only_not_in_this_repository
paper_outputs/ess_evidence_revision/cosmic/202402_block_00015.parquet,202740,701cdf196cd5feb602d1c8f8dc440d5553d3bc85db905189998c5b33f6da5dc4,local_only_not_in_this_repository
paper_outputs/ess_evidence_revision/cosmic/202402_block_00016.parquet,203182,66c0c2f1f4a962c57e9901856f4d0f036e7f934b67d5bfc3f500543f1e13d8ad,local_only_not_in_this_repository
paper_outputs/ess_evidence_revision/cosmic/202402_block_00017.parquet,205785,010cf224e586556ad5cf2b3af4246b728de338a4bbce5e795bdccdaeccd6e6f2,local_only_not_in_this_repository
paper_outputs/ess_evidence_revision/cosmic/202402_block_00018.parquet,203540,fca90bef6f2620fddedb78615868b8a743a308d65bf9107f870a8839d306c1e3,local_only_not_in_this_repository
paper_outputs/ess_evidence_revision/cosmic/202402_block_00019.parquet,202824,f2aad30ad7b8c25907288928d54b0dfec01e6d38b8b886815616659065524e38,local_only_not_in_this_repository
paper_outputs/ess_evidence_revision/cosmic/202402_block_00020.parquet,121508,3656b59540704a8f0e44cf4bd3dff6a4f6374b76036d905288b63204dad75f18,local_only_not_in_this_repository
paper_outputs/ess_evidence_revision/cosmic/202403_block_00000.parquet,206504,a8de9cda9c9baa147616d1dbf47eceee50f444083228935437b41732b459e7f4,local_only_not_in_this_repository
paper_outputs/ess_evidence_revision/cosmic/202403_block_00001.parquet,206656,ca28a0ebec9b283d35a906e6155cf5995540ee77fffbbf6604f046c0526ed115,local_only_not_in_this_repository
paper_outputs/ess_evidence_revision/cosmic/202403_block_00002.parquet,202277,9b620e94f29160ec452c0f183bd966c4820d9e4638734ca13463096b646c4469,local_only_not_in_this_repository
paper_outputs/ess_evidence_revision/cosmic/202403_block_00003.parquet,205378,c28cb1d127db9d6c8375a915a718d0c3bbfe7226a4708f6f66babb56298ebbaa,local_only_not_in_this_repository
paper_outputs/ess_evidence_revision/cosmic/202403_block_00004.parquet,202653,e3cfd439786d4590430208904ac5fca3f76bf496f7a211d30541652027b54696,local_only_not_in_this_repository
paper_outputs/ess_evidence_revision/cosmic/202403_block_00005.parquet,202470,3eae42d8a5a9fb70144645372983f3be2205ac77dbb3d4327aed469fa2fb61d6,local_only_not_in_this_repository
paper_outputs/ess_evidence_revision/cosmic/202403_block_00006.parquet,200266,83d6c195fcc5acec6b1f8c7f5996391c40c558656842e8122a17b74a805e8a4b,local_only_not_in_this_repository
paper_outputs/ess_evidence_revision/cosmic/202403_block_00007.parquet,203493,51cf626509e859abefb24fe78153878161459c6dddbe775faf1bb96b362273e9,local_only_not_in_this_repository
paper_outputs/ess_evidence_revision/cosmic/202403_block_00008.parquet,201999,875ff979c695d7cc8c4c1d457a2e83569edb7440c127b15d028199ba9104a2f7,local_only_not_in_this_repository
paper_outputs/ess_evidence_revision/cosmic/202403_block_00009.parquet,204518,cf7c678e75d677412ba5e075cba29b6a139f764e69b4912a862733d3b35d7924,local_only_not_in_this_repository
paper_outputs/ess_evidence_revision/cosmic/202403_block_00010.parquet,204523,f48c0fa1cf957a5b8599778f1faa29fcc28f4e27eebb10f3785abb8b561c87da,local_only_not_in_this_repository
paper_outputs/ess_evidence_revision/cosmic/202403_block_00011.parquet,204909,5fb15a76275fbc90b4628b22365a0ced207fcf29c6b2a1fbc0ded9054b8c826d,local_only_not_in_this_repository
paper_outputs/ess_evidence_revision/cosmic/202403_block_00012.parquet,203919,d7a17fa5710e37cca932d9f3b7887194b2751b4f998def8f2575d8be9da0f0f3,local_only_not_in_this_repository
paper_outputs/ess_evidence_revision/cosmic/202403_block_00013.parquet,201947,69a97845649cdebcaf2e413e24f62705c10ef954ce4bf32f9ff314d601d97849,local_only_not_in_this_repository
paper_outputs/ess_evidence_revision/cosmic/202403_block_00014.parquet,205560,1ba3c42ca6aaf36308e2cce129e23af4acbf39c109493a2fb2c77ec2df4b4e35,local_only_not_in_this_repository
paper_outputs/ess_evidence_revision/cosmic/202403_block_00015.parquet,205115,b9e6ea79203adc8a6e5fba74d01efabe0ddb4567e74333eda252e7f9ea5bce4a,local_only_not_in_this_repository
paper_outputs/ess_evidence_revision/cosmic/202403_block_00016.parquet,204036,de4d09a465c5bb657b81036a661613f6626331a949568ec2fd1f9013b78d0962,local_only_not_in_this_repository
paper_outputs/ess_evidence_revision/cosmic/202403_block_00017.parquet,203050,d5dea5769b610af054bd211bfcc98243b42288a052351f4930f59b973e3999fd,local_only_not_in_this_repository
paper_outputs/ess_evidence_revision/cosmic/202403_block_00018.parquet,205981,8a7e0ebb6829ae1a89abac6bca737e359ed3dfaa42ecb1c99cfc41cf91565f79,local_only_not_in_this_repository
paper_outputs/ess_evidence_revision/cosmic/202403_block_00019.parquet,203084,4e3cbafd3864af9c82ccd4f591d5c827cf62c382f6b8d2519a3c16e4c43f8562,local_only_not_in_this_repository
paper_outputs/ess_evidence_revision/cosmic/202403_block_00020.parquet,206725,50a3e272f64d00a1cdf016a5a465f926a4d5ae437ca25615ede1699abf02508f,local_only_not_in_this_repository
paper_outputs/ess_evidence_revision/cosmic/202403_block_00021.parquet,204230,16ec8b7448e75e0bf402a76578c24eb2c8191379798b61eb69d203fc2d351fe7,local_only_not_in_this_repository
paper_outputs/ess_evidence_revision/cosmic/202403_block_00022.parquet,100875,d29a65ee4a708a44f7e9c44d07201cfc5d73836aae0410d749df0f931bea01db,local_only_not_in_this_repository
paper_outputs/ess_evidence_revision/cosmic/202404_block_00000.parquet,204315,1bae91e76b8cd8dbb812704e36541326df2805c09df802cecf34f87b884b8369,local_only_not_in_this_repository
paper_outputs/ess_evidence_revision/cosmic/202404_block_00001.parquet,203354,6a188479816c71dce811999253ea6e5b81910967c0247ac82bcac7ae66b4829b,local_only_not_in_this_repository
paper_outputs/ess_evidence_revision/cosmic/202404_block_00002.parquet,201679,ac2b0247ea9a0f68a9dc301a3d3459ee41717d720dbe31ae5e83f39874e106e5,local_only_not_in_this_repository
paper_outputs/ess_evidence_revision/cosmic/202404_block_00003.parquet,206981,6b2eab36744a60451679f0f3650bbfec24ece242b56259c3a8544873c9e4811a,local_only_not_in_this_repository
paper_outputs/ess_evidence_revision/cosmic/202404_block_00004.parquet,205958,a7783acba054105e6dba42155ae3515c2b186d077aba913969524e41e4878335,local_only_not_in_this_repository
paper_outputs/ess_evidence_revision/cosmic/202404_block_00005.parquet,207951,70e480848b9f4468268456a807046a8368bf20d490b32f1c28309a36c023bc8e,local_only_not_in_this_repository
paper_outputs/ess_evidence_revision/cosmic/202404_block_00006.parquet,203029,90954e261fe1e5427f9a4d5748be5cc1ed032d1722a4df875d014d416c076371,local_only_not_in_this_repository
paper_outputs/ess_evidence_revision/cosmic/202404_block_00007.parquet,202641,78dd39612359a1b5ef3f902fea18158a2e6ae3470ed5fa875f1f562ae89ea9d7,local_only_not_in_this_repository
paper_outputs/ess_evidence_revision/cosmic/202404_block_00008.parquet,203926,e529471143e95646b536c11531e681562d29aa7dacccbf55eed7428b6789f3c7,local_only_not_in_this_repository
paper_outputs/ess_evidence_revision/cosmic/202404_block_00009.parquet,206787,2557cca5fea92a805619fbb2fb06393fdc1be21c2d118c6b66acf42eb23347ea,local_only_not_in_this_repository
paper_outputs/ess_evidence_revision/cosmic/202404_block_00010.parquet,206375,2da25e0eafe3500da3442ca335e69f5f90d02b218cffe713502dd0fe42fd4c3f,local_only_not_in_this_repository
paper_outputs/ess_evidence_revision/cosmic/202404_block_00011.parquet,202759,05a90dbc6b34c521b34b6739be32dbbc5ac3e435b6df305311b9623a94faa1ec,local_only_not_in_this_repository
paper_outputs/ess_evidence_revision/cosmic/202404_block_00012.parquet,203972,89b01aaa2b0da7ed4f51b4dd84dcfd4466ce2eaff528306dfa66d8db4a2377df,local_only_not_in_this_repository
paper_outputs/ess_evidence_revision/cosmic/202404_block_00013.parquet,205050,beb318a58d3561d977e366841a7777aa35c6cff61f43a7bccfcca0a31a196af5,local_only_not_in_this_repository
paper_outputs/ess_evidence_revision/cosmic/202404_block_00014.parquet,206496,258f86c72f9ac5e58a4f40fc2b299413dfa7804ea96aa521a0b9424b24d8e571,local_only_not_in_this_repository
paper_outputs/ess_evidence_revision/cosmic/202404_block_00015.parquet,204224,dd1941de7cee4a00da0ee0a2d815f53109d0b5b5d81dca69eea322b0152fdb9f,local_only_not_in_this_repository
paper_outputs/ess_evidence_revision/cosmic/202404_block_00016.parquet,203633,4cadb67755287558d0847c3a0da0777f66e7290fdb1c72406be0cbb6eb5f5fc9,local_only_not_in_this_repository
paper_outputs/ess_evidence_revision/cosmic/202404_block_00017.parquet,207803,0bb1c63ac4e305c62dfadfd3f71cc52310c400c89623568982863edbed554e15,local_only_not_in_this_repository
paper_outputs/ess_evidence_revision/cosmic/202404_block_00018.parquet,205026,967f8951b2e493938bcbcf3f88b2b74e576da3637aa0aa57f036f919f7f939f4,local_only_not_in_this_repository
paper_outputs/ess_evidence_revision/cosmic/202404_block_00019.parquet,203699,3878e45b8a3db7d841de62299fe962a62ed4c569f31e0968def587eabff9a103,local_only_not_in_this_repository
paper_outputs/ess_evidence_revision/cosmic/202404_block_00020.parquet,206807,e3ec3f34b3fe5939d874078f2cfd3bcb9a8c06de2ce2e73481e51e530afff321,local_only_not_in_this_repository
paper_outputs/ess_evidence_revision/cosmic/202404_block_00021.parquet,202709,c1305af5ee696d5d17de49dde40baeb55e292c9093581ff77ab0a2bf6c851671,local_only_not_in_this_repository
paper_outputs/ess_evidence_revision/cosmic/202404_block_00022.parquet,204639,073c870d15a298cfcd0f81d6a2944b17d4076f6148cf51849d031c8c2e4cf667,local_only_not_in_this_repository
paper_outputs/ess_evidence_revision/cosmic/202404_block_00023.parquet,206670,438664fb80f03a7834fbcace423a7b231724be61041e44420b8fd454431ebee1,local_only_not_in_this_repository
paper_outputs/ess_evidence_revision/cosmic/202404_block_00024.parquet,205778,62e772680b374867b7c4167470cc35c23f806ebf2fbf166d7e9b4a0794aaf6cd,local_only_not_in_this_repository
paper_outputs/ess_evidence_revision/cosmic/202404_block_00025.parquet,119210,355cda9e85f05e2c0811a7337e35b2f9208419f9d9c6496da674b038811be280,local_only_not_in_this_repository
paper_outputs/ess_evidence_revision/cosmic/202405_block_00000.parquet,206454,323068a1e0f430ef54fb629c08e88debe54d024cfa9a80fadbbcc3f0a3d5f10a,local_only_not_in_this_repository
paper_outputs/ess_evidence_revision/cosmic/202405_block_00001.parquet,204725,5f5728de7449b9f11d884ae994deed76a0d70083fa6337fc7eac28160eb12ecc,local_only_not_in_this_repository
paper_outputs/ess_evidence_revision/cosmic/202405_block_00002.parquet,205019,b2e6cdab033e10c0d7af6c41169c343546f43779b8724a1c36b7e8a51cca9c18,local_only_not_in_this_repository
paper_outputs/ess_evidence_revision/cosmic/202405_block_00003.parquet,208300,c3dd88af9726a5ddcdd13b655ea79d3aca81371ebd3319c3b8232bdfd7ebc414,local_only_not_in_this_repository
paper_outputs/ess_evidence_revision/cosmic/202405_block_00004.parquet,200843,91687c7458260767d98d43d89db72211103e2c84352b1d11399a1ce508e000a5,local_only_not_in_this_repository
paper_outputs/ess_evidence_revision/cosmic/202405_block_00005.parquet,202524,9090532b8841e81af8ce15d7ff74b3f3bd003568c0ee3b43bdd6571f0e758096,local_only_not_in_this_repository
paper_outputs/ess_evidence_revision/cosmic/202405_block_00006.parquet,205578,2eafd876800c4a23c37253849536e663741800cfea321aaec748c27730ef45bb,local_only_not_in_this_repository
paper_outputs/ess_evidence_revision/cosmic/202405_block_00007.parquet,205950,fe6a1064ef09619cb5016ef7c31c03be1501da7c1c0627e7c6fe3f7a4edfc19d,local_only_not_in_this_repository
paper_outputs/ess_evidence_revision/cosmic/202405_block_00008.parquet,202407,71ea88096f7df0bb4faba2a7a26c10444c356b13749c0ef909d7f918d3d79cce,local_only_not_in_this_repository
paper_outputs/ess_evidence_revision/cosmic/202405_block_00009.parquet,204690,a086ebfcce1f84c9871e98c4a0b0a5789d70d0e58cc21b445408c8b4a532349e,local_only_not_in_this_repository
paper_outputs/ess_evidence_revision/cosmic/202405_block_00010.parquet,203131,332672da806e8080fc6da5587683e4f771a97aa0fc53a7c44c227ceb3f8260cf,local_only_not_in_this_repository
paper_outputs/ess_evidence_revision/cosmic/202405_block_00011.parquet,206415,25fea80424b67cf075aa573c05bc308a9a363ee813bb0ea0c2887ec2171ecb7c,local_only_not_in_this_repository
paper_outputs/ess_evidence_revision/cosmic/202405_block_00012.parquet,207342,b1be0c02a7c66839fafa37a812b3ca3ab223460f3d2aba263cf97c9f76c0e903,local_only_not_in_this_repository
paper_outputs/ess_evidence_revision/cosmic/202405_block_00013.parquet,207088,10a265b1e59cdf1a348ccde5d0ca83f15788ffe749c62a89d03a984187d85982,local_only_not_in_this_repository
paper_outputs/ess_evidence_revision/cosmic/202405_block_00014.parquet,206720,ebda77067de2bb4c10ebba3eb892abda87a7d384c9979151085bb18bc3b94904,local_only_not_in_this_repository
paper_outputs/ess_evidence_revision/cosmic/202405_block_00015.parquet,207150,4ce594781954818574259b34b890e5a9bfce911c1b4b55078e5e9101ae3971c1,local_only_not_in_this_repository
paper_outputs/ess_evidence_revision/cosmic/202405_block_00016.parquet,204909,bb27c6c24935582630578c15ead58960d9f276c5fe3cc230cd60d8edadc274bc,local_only_not_in_this_repository
paper_outputs/ess_evidence_revision/cosmic/202405_block_00017.parquet,207166,3d78a70c78b6e5eeb96c2343abd09d374896ba788c481d83ba7495bdb95938a2,local_only_not_in_this_repository
paper_outputs/ess_evidence_revision/cosmic/202405_block_00018.parquet,208223,00a33088c284af8649f360fea55f687c2909b08c7ed8c578e6420db0329e3d85,local_only_not_in_this_repository
paper_outputs/ess_evidence_revision/cosmic/202405_block_00019.parquet,199153,b33baf77b83270325360d9d280d87d3fc6d5326c89278bdae53cc251a2137941,local_only_not_in_this_repository
paper_outputs/ess_evidence_revision/cosmic/202405_block_00020.parquet,202899,a32d5f6d9b1f5620ed25242c413117e8f9f3608cd36c96b326ae9d8e006c747a,local_only_not_in_this_repository
paper_outputs/ess_evidence_revision/cosmic/202405_block_00021.parquet,203864,8aa7ba1e88e79f070dbca315713ba42c9a9d823c683eb74c13d950638589d3bf,local_only_not_in_this_repository
paper_outputs/ess_evidence_revision/cosmic/202405_block_00022.parquet,206797,cc51eb41466ca7db8a39a56c6d2ce306046ddda5590a614ace21182c5c5c44be,local_only_not_in_this_repository
paper_outputs/ess_evidence_revision/cosmic/202405_block_00023.parquet,202834,cc3eeb1df90a693a72d6d4a81c382e600d0ee86eaa589288e9e9acf1ae09c45e,local_only_not_in_this_repository
paper_outputs/ess_evidence_revision/cosmic/202405_block_00024.parquet,203535,0d178101e5de5aee3155ec77debc4753203888283571e827b4da7287acd9f9e8,local_only_not_in_this_repository
paper_outputs/ess_evidence_revision/cosmic/202405_block_00025.parquet,26353,146eb5beedc2b2afe48bb93fdf13ec9931ff5ce20a41171b40c5cbd6b15bba5a,local_only_not_in_this_repository
paper_outputs/ess_evidence_revision/cosmic/202406_block_00000.parquet,205555,bee5f013b67b617e8ef440b147151f1a5851efda42a245cec3a25c221cc4e8a2,local_only_not_in_this_repository
paper_outputs/ess_evidence_revision/cosmic/202406_block_00001.parquet,203076,58a05e24c8957592e26a6f1f1b1b7edaae162b5c50ed27cae64348398e2b5161,local_only_not_in_this_repository
paper_outputs/ess_evidence_revision/cosmic/202406_block_00002.parquet,204013,99289456e380b13c1d40fe8c0ee147ccdf629c8961af83c0eb617b8f385a983b,local_only_not_in_this_repository
paper_outputs/ess_evidence_revision/cosmic/202406_block_00003.parquet,201812,6272b8d93c66cfc8d90e177e38a4f674ff0c14da13d4a70c61b596342676bb6f,local_only_not_in_this_repository
paper_outputs/ess_evidence_revision/cosmic/202406_block_00004.parquet,206577,1402e1e1f2337fa11c0cea194387542eb6bf752c1689f759627aa499e599cd54,local_only_not_in_this_repository
paper_outputs/ess_evidence_revision/cosmic/202406_block_00005.parquet,203430,cc4010d195063b1bd667e46507e76a55ed23cc9fcf1c44bc5231b3955f6fb6ad,local_only_not_in_this_repository
paper_outputs/ess_evidence_revision/cosmic/202406_block_00006.parquet,203819,dea051b9933b43e58d9700a6c5b03f3c3b5e297beb9cfa458c4ca5bdf68de966,local_only_not_in_this_repository
paper_outputs/ess_evidence_revision/cosmic/202406_block_00007.parquet,199880,2977a243d5ca4bc591bcee3a01775e0c51edf9ecfe8584d775e13ddd772ea546,local_only_not_in_this_repository
paper_outputs/ess_evidence_revision/cosmic/202406_block_00008.parquet,202173,f437f02c7d67f6b502f4b3dedddebf07503793ebba70cdfb144c09ce98cebe58,local_only_not_in_this_repository
paper_outputs/ess_evidence_revision/cosmic/202406_block_00009.parquet,205056,987c5c1195ebf69163c40d125a711fab526674ef44633656bc202e4593ba029f,local_only_not_in_this_repository
paper_outputs/ess_evidence_revision/cosmic/202406_block_00010.parquet,204837,e5839e18a0214c7e6a71e6f295fa2678761c7a2ee5497b0c7fcb139d037914f5,local_only_not_in_this_repository
paper_outputs/ess_evidence_revision/cosmic/202406_block_00011.parquet,199984,c4a772ebfe104b129885ea10e3024296c46bb5173cb881e4eecaef54b9695674,local_only_not_in_this_repository
paper_outputs/ess_evidence_revision/cosmic/202406_block_00012.parquet,204904,52151b344d07f7c86a300d526708e5923151c5e4e28907addadf79adb44a6704,local_only_not_in_this_repository
paper_outputs/ess_evidence_revision/cosmic/202406_block_00013.parquet,206399,37bcabfcb1d4ea7a24a62450b18e0a85461671148445725d9def4345daf92576,local_only_not_in_this_repository
paper_outputs/ess_evidence_revision/cosmic/202406_block_00014.parquet,206885,9a327f11e4a5ec0cdad01674b77ca4f0d9bf5ec6c3dd4ff4355a16d7568bc690,local_only_not_in_this_repository
paper_outputs/ess_evidence_revision/cosmic/202406_block_00015.parquet,200486,1d768ac3b04d42161c934ee737dace8ec88838152e5445f717fedabe1d1af0ed,local_only_not_in_this_repository
paper_outputs/ess_evidence_revision/cosmic/202406_block_00016.parquet,205502,8a120ee6d2ea554508f3c94190b629983d2ad341cdd11f9f394b7d96e9d64645,local_only_not_in_this_repository
paper_outputs/ess_evidence_revision/cosmic/202406_block_00017.parquet,201827,0453b04a3c0081a40dab074936843d62050b35cdff947458244953a2a049b6ad,local_only_not_in_this_repository
paper_outputs/ess_evidence_revision/cosmic/202406_block_00018.parquet,202337,b49bbf86da6a2fd2907f5d3eea0d0b598a0dee06449d3c6d04f9b5f8c200d94d,local_only_not_in_this_repository
paper_outputs/ess_evidence_revision/cosmic/202406_block_00019.parquet,201076,0bd507a669f4356b260f11cf50f227aab64a5ab90a2a83a00b9488b7bfea15f5,local_only_not_in_this_repository
paper_outputs/ess_evidence_revision/cosmic/202406_block_00020.parquet,206401,f7e25cf200f5a295784b0a22807bb141ff4f3879184ded1163155d03c757b606,local_only_not_in_this_repository
paper_outputs/ess_evidence_revision/cosmic/202406_block_00021.parquet,208768,c850c4ef4c44078f16dbcca8a4687ab27e5b5b2317fbc50861dc5c210d6d9a8a,local_only_not_in_this_repository
paper_outputs/ess_evidence_revision/cosmic/202406_block_00022.parquet,204375,63b14c0df267e89651ae5b9295171c9ff78037339f2dcf0eb8ce7a90858a2cde,local_only_not_in_this_repository
paper_outputs/ess_evidence_revision/cosmic/202406_block_00023.parquet,205796,8b6a7670b62a5dcd68fd36ac09e76980273d9922e86361a539d3899f5d64320e,local_only_not_in_this_repository
paper_outputs/ess_evidence_revision/cosmic/202406_block_00024.parquet,205904,0fba9d14c4c31fe9260d7e2ea07c1f01c027e4b4c3e00fc2691be7c6430e2264,local_only_not_in_this_repository
paper_outputs/ess_evidence_revision/cosmic/202406_block_00025.parquet,203533,761378d7e91065e1edc1ee8a12f02cadf3863afd9434a3241f7331432a9c181f,local_only_not_in_this_repository
paper_outputs/ess_evidence_revision/cosmic/202406_block_00026.parquet,117736,814b5211b44bdcbe1a35360e051831c9dec80dc9f3d93a530a3f7d56d9df9d2e,local_only_not_in_this_repository
paper_outputs/ess_evidence_revision/cosmic/202407_block_00000.parquet,205405,1a1ea105196aa23d48f87b8c9e0233008801d007b31a739db4d742e73ab4987c,local_only_not_in_this_repository
paper_outputs/ess_evidence_revision/cosmic/202407_block_00001.parquet,203994,5c37ceb88685c0d872d82545519c42a83508b65d849a073fa25cb9140ee57e67,local_only_not_in_this_repository
paper_outputs/ess_evidence_revision/cosmic/202407_block_00002.parquet,205676,38806368c9bcca1d6e9a3e76464da73b6aa5b2a800e6f1dea2e9eb3927b41a9c,local_only_not_in_this_repository
paper_outputs/ess_evidence_revision/cosmic/202407_block_00003.parquet,204727,0c6e3c5603311fe2ea64b7ee2139cb2989595a9b826be60502e23273a0e2a9d3,local_only_not_in_this_repository
paper_outputs/ess_evidence_revision/cosmic/202407_block_00004.parquet,206282,6d20ce4141913dc1e09e1f844bbfd2d3297e0965c54995bc0fabb500c268cc01,local_only_not_in_this_repository
paper_outputs/ess_evidence_revision/cosmic/202407_block_00005.parquet,203479,6a79a6ceb664790a52bc0f58f2f9144914a1b10b8f9c46aa60662c38c9d07c8f,local_only_not_in_this_repository
paper_outputs/ess_evidence_revision/cosmic/202407_block_00006.parquet,200523,e3454ea9f962410dcd49ea14c71ed348e2330f1bb736549b3fc718d2f0569a21,local_only_not_in_this_repository
paper_outputs/ess_evidence_revision/cosmic/202407_block_00007.parquet,205627,3174a732adaf4512654a168466ec04e47c44cfeb413a0d219a9f83522a6ffda0,local_only_not_in_this_repository
paper_outputs/ess_evidence_revision/cosmic/202407_block_00008.parquet,205681,e8a5a407664bda067601a40b93a13236ad4302babe83859eaf8ecc95511e8218,local_only_not_in_this_repository
paper_outputs/ess_evidence_revision/cosmic/202407_block_00009.parquet,205280,d4be4729327a36c0df865d614d91626cc3f6127a1618a6d01dc25b435a757e43,local_only_not_in_this_repository
paper_outputs/ess_evidence_revision/cosmic/202407_block_00010.parquet,203460,f2e2b5f57183aa2bc119f7ef7640084c2ed76f3149dc01c49da98c38850cd523,local_only_not_in_this_repository
paper_outputs/ess_evidence_revision/cosmic/202407_block_00011.parquet,206442,5bd698ec3c179553658fcec6582d089571fe5231791f0f37487577c0f4c2c9b6,local_only_not_in_this_repository
paper_outputs/ess_evidence_revision/cosmic/202407_block_00012.parquet,204008,cf7f768991a186be56eec5a09ea8994d998e2dba271a8cb05c286e1647f60cde,local_only_not_in_this_repository
paper_outputs/ess_evidence_revision/cosmic/202407_block_00013.parquet,204281,ae15b4875e711d1712b79a061dfd15629e5444b4e85a0b224820417f957c12dd,local_only_not_in_this_repository
paper_outputs/ess_evidence_revision/cosmic/202407_block_00014.parquet,205337,cbf03f0753454a8c48ab28f099e5e8d8cff34f163ea26472fb5e50996a04893e,local_only_not_in_this_repository
paper_outputs/ess_evidence_revision/cosmic/202407_block_00015.parquet,203344,fa853df6ca1cd2a44e30958724f61789dda8ceddfa6e7f889ad9f2fe2631851a,local_only_not_in_this_repository
paper_outputs/ess_evidence_revision/cosmic/202407_block_00016.parquet,201595,089258fd741b9f55f05b96dae9de53594b9ecc1ea7f483881fd7386d5f8e83a4,local_only_not_in_this_repository
paper_outputs/ess_evidence_revision/cosmic/202407_block_00017.parquet,203273,55949c1754f8a743bd1fba2c3acfb17fb42a007ccb1eadf3608849182870ecc0,local_only_not_in_this_repository
paper_outputs/ess_evidence_revision/cosmic/202407_block_00018.parquet,157639,6da21c67a1de61f87559595b236948d0dd0bab9c8b66a9f9c29bd5a8d59369cc,local_only_not_in_this_repository
paper_outputs/ess_evidence_revision/cosmic/202408_block_00000.parquet,203361,940f99a09d9507bdd5ffff9e136d52d2555fd8be412de0631d30294d0d004dc8,local_only_not_in_this_repository
paper_outputs/ess_evidence_revision/cosmic/202408_block_00001.parquet,206570,70f315ed0f5ca9f7a341db4262434c6d568ec159f7f2609e3cca6d7ab85d078e,local_only_not_in_this_repository
paper_outputs/ess_evidence_revision/cosmic/202408_block_00002.parquet,206072,f36a401de20b98d6371cab1beb455ac52d9f13ff81a9592fdea5921dc3547956,local_only_not_in_this_repository
paper_outputs/ess_evidence_revision/cosmic/202408_block_00003.parquet,205919,f63821fb1ad14853bd927053091dd3c186e1ddf0e512534de69a2f054207e320,local_only_not_in_this_repository
paper_outputs/ess_evidence_revision/cosmic/202408_block_00004.parquet,203478,07f0fea9476483269183514254b5a93c7d6f1bfd0e356a629f7c2f3c446135c2,local_only_not_in_this_repository
paper_outputs/ess_evidence_revision/cosmic/202408_block_00005.parquet,205661,5c3ee39a1331b3ee416409d17232c99e2bba111929933a70170515134022dbde,local_only_not_in_this_repository
paper_outputs/ess_evidence_revision/cosmic/202408_block_00006.parquet,205006,ca3bd1b87c1d77de02065f3fb37592327b517b6b409d3f86a8129c3295b7a7d6,local_only_not_in_this_repository
paper_outputs/ess_evidence_revision/cosmic/202408_block_00007.parquet,203499,08bd365d3eaa111b423e305f3073e97edd9e56e6b9d64d4333c6fbd0abdaa7b5,local_only_not_in_this_repository
paper_outputs/ess_evidence_revision/cosmic/202408_block_00008.parquet,199571,dbf08fb92bdfead294081ef212c5dbdce34eb8f8ac6ba5fcb6156bc9b2edc52d,local_only_not_in_this_repository
paper_outputs/ess_evidence_revision/cosmic/202408_block_00009.parquet,204920,1a07c5461077242d95cb1b523ff08685e03327566eb3e96e1b7394dc09f2f1b0,local_only_not_in_this_repository
paper_outputs/ess_evidence_revision/cosmic/202408_block_00010.parquet,204565,81c5aa6db8aae22eabf38acc460513b3fc65d39c4f6034221e44c759e9cf36a8,local_only_not_in_this_repository
paper_outputs/ess_evidence_revision/cosmic/202408_block_00011.parquet,201661,5d356a1cb1c151a8f2de451a3bedc4cc4757f0e1dc57bab6103a1473335c85f6,local_only_not_in_this_repository
paper_outputs/ess_evidence_revision/cosmic/202408_block_00012.parquet,204859,ded0d531a97bf4da43b6a7c6485c7febe3f8828171f81ce13f3a507fc2479331,local_only_not_in_this_repository
paper_outputs/ess_evidence_revision/cosmic/202408_block_00013.parquet,208697,975c29312400abf993d884afd40d20b0224d8b14fb75a0c13e25dd1db58c2582,local_only_not_in_this_repository
paper_outputs/ess_evidence_revision/cosmic/202408_block_00014.parquet,200817,3e887bdc2b15b57f182e7bcef627a2fd93d5e98ab75bf7b1f3d2490024aea915,local_only_not_in_this_repository
paper_outputs/ess_evidence_revision/cosmic/202408_block_00015.parquet,203138,6fae32fbc4a0af116fc642f4463c086f75c15e73fed07476de2c26485a96c4d0,local_only_not_in_this_repository
paper_outputs/ess_evidence_revision/cosmic/202408_block_00016.parquet,202995,9fffbeb50eea525a1131be60a0cfdbb9c0b7d66dfc02dff5249e653753d6f140,local_only_not_in_this_repository
paper_outputs/ess_evidence_revision/cosmic/202408_block_00017.parquet,202891,e46dc42e7b9dec08054c38a42becf99a8e1d4e0dc80910ad1d05604eff17b60b,local_only_not_in_this_repository
paper_outputs/ess_evidence_revision/cosmic/202408_block_00018.parquet,205976,7355257b2d05e65d88758f5ebf8eb952f02d8d28d19fccf46a3b24e6f9710165,local_only_not_in_this_repository
paper_outputs/ess_evidence_revision/cosmic/202408_block_00019.parquet,208291,51f83b03d4685f9f950ebb5118ca048f8f688895c9833c67c0a1f0229dc510da,local_only_not_in_this_repository
paper_outputs/ess_evidence_revision/cosmic/202408_block_00020.parquet,203599,b774ef1b330bfd25d8b1cdab98bcf4ffcd74be9341f5f2f3191b42944ed40b25,local_only_not_in_this_repository
paper_outputs/ess_evidence_revision/cosmic/202408_block_00021.parquet,206562,945ac594ee6e340cf9679bf07c27a61cb82f2a6c8e446f3e7f296f1f0c376b90,local_only_not_in_this_repository
paper_outputs/ess_evidence_revision/cosmic/202408_block_00022.parquet,205140,d032d597bbfe9264f3f5e52db534b7440828f2f0f63f6d6115ef1c77d03285db,local_only_not_in_this_repository
paper_outputs/ess_evidence_revision/cosmic/202408_block_00023.parquet,109904,bb5006fd37b6a1b794f609a4e392d82fa37ad22c246fec5f6775dd80cb19ea71,local_only_not_in_this_repository
paper_outputs/ess_evidence_revision/cosmic/202409_block_00000.parquet,203439,a26769d957565883425c0ec0be9ce54e46790248367e095a96493886f7a72723,local_only_not_in_this_repository
paper_outputs/ess_evidence_revision/cosmic/202409_block_00001.parquet,207587,557dc9f4d669551a9894ccd98aff8898f5e76b0061da12ca594b5a1b90617a72,local_only_not_in_this_repository
paper_outputs/ess_evidence_revision/cosmic/202409_block_00002.parquet,204792,890e1d8ae6eedefe3097fe3b53c8deac2436722b909755f7bb27c7133373b91a,local_only_not_in_this_repository
paper_outputs/ess_evidence_revision/cosmic/202409_block_00003.parquet,204008,924a01a15f88b7f1cd287c92f039e52102d6a6f70281df67d56019e4f78319c2,local_only_not_in_this_repository
paper_outputs/ess_evidence_revision/cosmic/202409_block_00004.parquet,205883,18ab288a9d1c398aa3cf6fb7f574a9edb427fe9b044808203c31d40c142c84dc,local_only_not_in_this_repository
paper_outputs/ess_evidence_revision/cosmic/202409_block_00005.parquet,204155,a970c2cc47cc32b9914be845f0240041250c482e57b175bd38838db6ec6076f0,local_only_not_in_this_repository
paper_outputs/ess_evidence_revision/cosmic/202409_block_00006.parquet,205547,b870b7ee1eaa3a5981597ab700f4b5d1c2b1603b477eb0933d5e698710b934b4,local_only_not_in_this_repository
paper_outputs/ess_evidence_revision/cosmic/202409_block_00007.parquet,203800,2c1ea802708c1d41411797ec2a6757e1026dc29e937f85b63154733e65550fa9,local_only_not_in_this_repository
paper_outputs/ess_evidence_revision/cosmic/202409_block_00008.parquet,205151,b216270519c64f71eaf0808ce7ab5d57dbffa6534b42b0c359297d3ad9806782,local_only_not_in_this_repository
paper_outputs/ess_evidence_revision/cosmic/202409_block_00009.parquet,201413,b1c88bf66a97007f6448f4a87f09cb0eb6bf7ebb752ed4858822ced964dfa7a4,local_only_not_in_this_repository
paper_outputs/ess_evidence_revision/cosmic/202409_block_00010.parquet,204730,37a8a74be5774a37f8dd676006f75e3c0a9fdf529f772647ce6cf7e1ee478c00,local_only_not_in_this_repository
paper_outputs/ess_evidence_revision/cosmic/202409_block_00011.parquet,206049,647a17ecd55a76c709ddd532fbd91aafed24847bc096c0cf173648cc2be39ad0,local_only_not_in_this_repository
paper_outputs/ess_evidence_revision/cosmic/202409_block_00012.parquet,204862,3751fdda46455edfc0a79cffcf3ef13234f4553a47dc5f8e2ba665d7990f6f3b,local_only_not_in_this_repository
paper_outputs/ess_evidence_revision/cosmic/202409_block_00013.parquet,206639,c0e3efb863ec095cbdf6efbcb00bc7c7bebf433e56506679d74f6c61e5e277b9,local_only_not_in_this_repository
paper_outputs/ess_evidence_revision/cosmic/202409_block_00014.parquet,206223,0bc4bcf544d3bbccf8a1ad738e08ad0157360c40f3360835b3d1b6dc37437566,local_only_not_in_this_repository
paper_outputs/ess_evidence_revision/cosmic/202409_block_00015.parquet,203452,e832954a2b775b82f1c77c9b1d01de1a66b93be166f6e209f49be04b820f12b3,local_only_not_in_this_repository
paper_outputs/ess_evidence_revision/cosmic/202409_block_00016.parquet,206003,191f3f20fb5a92048ec7de1d9ee182039a147209bad51115f5e9f22d519203ad,local_only_not_in_this_repository
paper_outputs/ess_evidence_revision/cosmic/202409_block_00017.parquet,204526,da85533f201a53579dcc4220637ff4980d519ba7e8d408e475b61d40ee7db67f,local_only_not_in_this_repository
paper_outputs/ess_evidence_revision/cosmic/202409_block_00018.parquet,205998,e42d4b4f89942b295b8229b6dd3488df56b4b788c53a191d17629fd1d99fe310,local_only_not_in_this_repository
paper_outputs/ess_evidence_revision/cosmic/202409_block_00019.parquet,204054,1539f3cc699a908a47a7d1beaf3c44edb07a73dd4369f8dfe94729144b9ff80d,local_only_not_in_this_repository
paper_outputs/ess_evidence_revision/cosmic/202409_block_00020.parquet,203655,b4502123f84e190023de70683e563a6000bb9fc3265de424555f8a886ccb7eab,local_only_not_in_this_repository
paper_outputs/ess_evidence_revision/cosmic/202409_block_00021.parquet,204991,9138c483901e42a886d1a5457a0c6f9e4e74f3cbc85625df39c4324952d8a74c,local_only_not_in_this_repository
paper_outputs/ess_evidence_revision/cosmic/202409_block_00022.parquet,201734,132cd8b848101e0701c529de3b4906d0b8cf9ee3ba598f6e9103bd4520cffe86,local_only_not_in_this_repository
paper_outputs/ess_evidence_revision/cosmic/202409_block_00023.parquet,203679,bd24815c37e704186df86fbe4ed96da60df89c9138941bcaa33b5c7b3d6fcb82,local_only_not_in_this_repository
paper_outputs/ess_evidence_revision/cosmic/202409_block_00024.parquet,203889,5a50662d9c26b6820ef7f98372103726f3dc5b413e02be0005443b4bebfc1f24,local_only_not_in_this_repository
paper_outputs/ess_evidence_revision/cosmic/202409_block_00025.parquet,202780,e7f38760dcd4a36b43e27b5374d901320e5eebdedab6739119a299d5b9aeedd1,local_only_not_in_this_repository
paper_outputs/ess_evidence_revision/cosmic/202409_block_00026.parquet,199373,943032e8b80761db56448e1bf706cd55b2de8cff3c26a912a7e7731ead3e8696,local_only_not_in_this_repository
paper_outputs/ess_evidence_revision/cosmic/202409_block_00027.parquet,146582,591c4f8c94caed67ff6a1282db41cd521bc4d72b065db8b7dfe6c289f3f9bc8e,local_only_not_in_this_repository
paper_outputs/ess_evidence_revision/cosmic/202410_block_00000.parquet,203411,7b1275564be3e3df5938a1200f6254dab3a122e2780cb9aea20e227aba6a4aac,local_only_not_in_this_repository
paper_outputs/ess_evidence_revision/cosmic/202410_block_00001.parquet,202359,d086c15f4b50f0bf57514a24b452a0992e77c2d296a3b8a92cbcae36ea05d0a8,local_only_not_in_this_repository
paper_outputs/ess_evidence_revision/cosmic/202410_block_00002.parquet,206507,596dc3649e441c96048cb1250a16c35c320638eefab060dbe54697238e670dc1,local_only_not_in_this_repository
paper_outputs/ess_evidence_revision/cosmic/202410_block_00003.parquet,204665,46860cfa790637499b8414c0528b7801c599f2f67db0ba4863d64404a97fe024,local_only_not_in_this_repository
paper_outputs/ess_evidence_revision/cosmic/202410_block_00004.parquet,202411,8b6227767cfd0e9f47d3bdfe4811c0346f8e31631c2806ac73fe43cd9119459a,local_only_not_in_this_repository
paper_outputs/ess_evidence_revision/cosmic/202410_block_00005.parquet,203642,a4de239f35d56d7279fd01d1b290a924c4f1a9c9bbb9cbc53ec7420c4ffa0d9e,local_only_not_in_this_repository
paper_outputs/ess_evidence_revision/cosmic/202410_block_00006.parquet,201641,a1070d0f21efc831e026de6cfc4270b0e804d15dbb3bfe874fe3c846d6e636a3,local_only_not_in_this_repository
paper_outputs/ess_evidence_revision/cosmic/202410_block_00007.parquet,205094,5f6eb42b12fd250dbbc65f486fc4b6e4220f430e44d7069aa446b41b15f15e1a,local_only_not_in_this_repository
paper_outputs/ess_evidence_revision/cosmic/202410_block_00008.parquet,204560,d9520d5d97a263c8dc8b9cafbb4c2a7cbf5a542cb66a1405beebf81f1aa40a0c,local_only_not_in_this_repository
paper_outputs/ess_evidence_revision/cosmic/202410_block_00009.parquet,206415,1bce28c055cf2c8dd452b67bee7ee25b0d429e9c39db5350534eabd412cfb74e,local_only_not_in_this_repository
paper_outputs/ess_evidence_revision/cosmic/202410_block_00010.parquet,207169,6ee3ec9a49f3386547f5ee71e9dcebc238898b664f929088a500596b55ab871d,local_only_not_in_this_repository
paper_outputs/ess_evidence_revision/cosmic/202410_block_00011.parquet,203852,11e0495938aa99d45c56a282049807c1e935130277d479959838ac5291ac43ad,local_only_not_in_this_repository
paper_outputs/ess_evidence_revision/cosmic/202410_block_00012.parquet,205942,951798ea284289bb128399229a421c445cf2d926a41324357e5e7fbe986a0bc6,local_only_not_in_this_repository
paper_outputs/ess_evidence_revision/cosmic/202410_block_00013.parquet,203378,74b1b0f053be74b34943b50d3f1299d394767637a8bd8efe3694109b197b5e19,local_only_not_in_this_repository
paper_outputs/ess_evidence_revision/cosmic/202410_block_00014.parquet,202028,37614c8ea09ee7d8534a079ba3cdc1f4e2f331fb691e58b2de0b3834c95e2da0,local_only_not_in_this_repository
paper_outputs/ess_evidence_revision/cosmic/202410_block_00015.parquet,203634,1cb793a5bc56bab30733d87af7d85538b02975bd659d7bfb92005a8e445adc42,local_only_not_in_this_repository
paper_outputs/ess_evidence_revision/cosmic/202410_block_00016.parquet,208618,a71ca18a908714540cdbec6ed5631f5c7b8666d8912110c8e64d9efe9ee9d230,local_only_not_in_this_repository
paper_outputs/ess_evidence_revision/cosmic/202410_block_00017.parquet,206454,5ad9d7f2adfb8b0b863611ae9901a46d7ab9cd61f1d35fbf883780f775ab8e6b,local_only_not_in_this_repository
paper_outputs/ess_evidence_revision/cosmic/202410_block_00018.parquet,206303,03cbc74d09710fdbfbf3f6f3d4494a354bcde60ab6b247e61a45db8c286a27fe,local_only_not_in_this_repository
paper_outputs/ess_evidence_revision/cosmic/202410_block_00019.parquet,204531,c7d28e8e6253f93ec944b593396d0e9f75ba71360d18d29d861ce1f2383eda48,local_only_not_in_this_repository
paper_outputs/ess_evidence_revision/cosmic/202410_block_00020.parquet,204478,183daf50fae45038c335132b243e15c06d909e72dd23dd2f1a2053c697741bac,local_only_not_in_this_repository
paper_outputs/ess_evidence_revision/cosmic/202410_block_00021.parquet,206963,b097844cb83cfe96198b55aa4576355e36fece27d5477313bbf59b7a3cdc1881,local_only_not_in_this_repository
paper_outputs/ess_evidence_revision/cosmic/202410_block_00022.parquet,205932,3ee536c0e7bc8ed3a47e8a9b6e36663c6289a615858485f8bdca205c7d38895b,local_only_not_in_this_repository
paper_outputs/ess_evidence_revision/cosmic/202410_block_00023.parquet,207253,400fa93719ff5968d253d81d9a40c28d286371f30b01c6cff7efe8fba7e117de,local_only_not_in_this_repository
paper_outputs/ess_evidence_revision/cosmic/202410_block_00024.parquet,201557,abbd643e623929619617d17ba7898644289cc694da5317a6acffe7a4701812e2,local_only_not_in_this_repository
paper_outputs/ess_evidence_revision/cosmic/202410_block_00025.parquet,206892,981eedd06a0235f615ca1775d412ad36f08fe4c4d423de86cf035cfbcf71a6f5,local_only_not_in_this_repository
paper_outputs/ess_evidence_revision/cosmic/202410_block_00026.parquet,204083,46148d7f8aac30626894ba5502b254d19cec126d4c31e08e13c3c7151cfa375b,local_only_not_in_this_repository
paper_outputs/ess_evidence_revision/cosmic/202410_block_00027.parquet,207146,ce2146592d4c789e191d539a9eae33ea9ece6dcdac5ecba1852217545820fe01,local_only_not_in_this_repository
paper_outputs/ess_evidence_revision/cosmic/202410_block_00028.parquet,205278,d5d9db8fc992ab06e38f954a50f1d49d57ddb562bbfe1ab27dc4e7f0c36d87fa,local_only_not_in_this_repository
paper_outputs/ess_evidence_revision/cosmic/202410_block_00029.parquet,146198,f2916599d192936af040b9a9ac473bba1fbe48f700bf3d5270c91cb518d57063,local_only_not_in_this_repository
paper_outputs/ess_evidence_revision/cosmic/202411_block_00000.parquet,202344,cf5bb3f52b97eb810c81ecba16292efc1fbec980d679531417606ad8ff5b614e,local_only_not_in_this_repository
paper_outputs/ess_evidence_revision/cosmic/202411_block_00001.parquet,206395,bde2776c7a874be9b329d6c9595cf48c86e285c2fd22750b5695df86fbb10711,local_only_not_in_this_repository
paper_outputs/ess_evidence_revision/cosmic/202411_block_00002.parquet,207138,57ae6059831355ebe9aba9e726cb2101ab1285c76a88e2fb790321ffd9f37e3c,local_only_not_in_this_repository
paper_outputs/ess_evidence_revision/cosmic/202411_block_00003.parquet,205781,c56f3f8afe9915b261fbe63962f26c4a37cda8bd5641fc8346ee8a0ac140e757,local_only_not_in_this_repository
paper_outputs/ess_evidence_revision/cosmic/202411_block_00004.parquet,197840,c30204de177af4b536e835a6f7ea66abefc342a89236be1202eb8b035d13d277,local_only_not_in_this_repository
paper_outputs/ess_evidence_revision/cosmic/202411_block_00005.parquet,205831,1ec482493f617a5281206d2db77deb30f2c44a5d008aa6de3325cffcc2a1a170,local_only_not_in_this_repository
paper_outputs/ess_evidence_revision/cosmic/202411_block_00006.parquet,206891,8bb57f86a76c90314809eb82a618f5c33211d38c042e77d1c42156e4c8a90c5b,local_only_not_in_this_repository
paper_outputs/ess_evidence_revision/cosmic/202411_block_00007.parquet,204369,ead04d5b46d58ef33cbe5dad62e95469b62ce4a8faa1dc94066c5704c81f4359,local_only_not_in_this_repository
paper_outputs/ess_evidence_revision/cosmic/202411_block_00008.parquet,206039,35514339092fe24bd1ca367b72ac47fc00d4f6dcf664146bc690566b7a00f062,local_only_not_in_this_repository
paper_outputs/ess_evidence_revision/cosmic/202411_block_00009.parquet,201449,565347a8bfe4234368a9a4250de517a8511023f09a0ba5730c647265b435d5b6,local_only_not_in_this_repository
paper_outputs/ess_evidence_revision/cosmic/202411_block_00010.parquet,206100,502534bdf953a45c8d648b20275aa1c98e8ab18d4537066ff366ad408bc34c95,local_only_not_in_this_repository
paper_outputs/ess_evidence_revision/cosmic/202411_block_00011.parquet,205238,b573784e9dff65843aadc5fc59e3af08347490ff6dcafb168911ed4c1b08aa8b,local_only_not_in_this_repository
paper_outputs/ess_evidence_revision/cosmic/202411_block_00012.parquet,204115,5753ced6e5db7c04e3389b7ab6937d623142d1c703fbd06abdcd196dee32fa74,local_only_not_in_this_repository
paper_outputs/ess_evidence_revision/cosmic/202411_block_00013.parquet,206231,87a77d7d98cdc5d3811c0e2b39cd781f0731d79c9fe95469389af680620794b4,local_only_not_in_this_repository
paper_outputs/ess_evidence_revision/cosmic/202411_block_00014.parquet,203640,854a353740d47c558a91a9e099ffaf1a1611fc06ce84b33ebc1108fd6e881762,local_only_not_in_this_repository
paper_outputs/ess_evidence_revision/cosmic/202411_block_00015.parquet,204544,6f3086ba13aa0786dbc4929311144d4fafbaad98dbf10b97da23b0ad47e39fb7,local_only_not_in_this_repository
paper_outputs/ess_evidence_revision/cosmic/202411_block_00016.parquet,204218,c662d2efa88d1017110b865e59589825b1d571b1a30a5ceb4b6b651793c0df24,local_only_not_in_this_repository
paper_outputs/ess_evidence_revision/cosmic/202411_block_00017.parquet,204955,e7376def6541d386c8a7fc9f832bb558f24eb71b146b78ce341c26f177d5c93b,local_only_not_in_this_repository
paper_outputs/ess_evidence_revision/cosmic/202411_block_00018.parquet,205423,5de363cc15acbb72be15ec2573176f9c3bb923028811ada779c7ce20ef8bc452,local_only_not_in_this_repository
paper_outputs/ess_evidence_revision/cosmic/202411_block_00019.parquet,205894,735d3909b681bccbb1aa7736bad24b20943db32bd57bc09a09ece39b49d667c6,local_only_not_in_this_repository
paper_outputs/ess_evidence_revision/cosmic/202411_block_00020.parquet,203578,80db35f85ec66725ad486e57edf5e6831040a6eb8cd7d44eeebb2cb2d88d4310,local_only_not_in_this_repository
paper_outputs/ess_evidence_revision/cosmic/202411_block_00021.parquet,200725,eff2cab8ca8acc0e6ef7fe756535b1347462c9684afa465c5c382274a6b51fe5,local_only_not_in_this_repository
paper_outputs/ess_evidence_revision/cosmic/202411_block_00022.parquet,204272,db439315762dc7c3b50b5efdf2e98af0630e264290d9f5cf18890ec38e6cea8a,local_only_not_in_this_repository
paper_outputs/ess_evidence_revision/cosmic/202411_block_00023.parquet,204096,cab7145dd804528a57dc745444a0509e6447ae736a45acdf11e7d12429b105b4,local_only_not_in_this_repository
paper_outputs/ess_evidence_revision/cosmic/202411_block_00024.parquet,207191,e776ccd62cf73501fbaf2706c5a3938eb74c9fb90079a6fcc1954bb1adc9d2eb,local_only_not_in_this_repository
paper_outputs/ess_evidence_revision/cosmic/202411_block_00025.parquet,203465,c7a13e6653d4a743668c453bc7fc6cf4aede95892b60fec3c4f08b1690204702,local_only_not_in_this_repository
paper_outputs/ess_evidence_revision/cosmic/202411_block_00026.parquet,206665,d5b9767ca003efd73dac3f254ce4ddb1a522d7910b73dc1d7a85116a092d2019,local_only_not_in_this_repository
paper_outputs/ess_evidence_revision/cosmic/202411_block_00027.parquet,203924,22cf81a3ea2adc700cfcb6979108189eea1f6656c0eca5e922e5063c60ea859b,local_only_not_in_this_repository
paper_outputs/ess_evidence_revision/cosmic/202411_block_00028.parquet,48077,282a4c1b94724258eb3fdd62e41a15e7e8863a4e5633f84a0f6e2938c56ddc71,local_only_not_in_this_repository
paper_outputs/ess_evidence_revision/cosmic/202412_block_00000.parquet,206868,f3f67b74a17fa88af60b9ce972702f12fda00f9491290c6b6bc2873a42becf28,local_only_not_in_this_repository
paper_outputs/ess_evidence_revision/cosmic/202412_block_00001.parquet,203156,0d806aaf2613900c0e25df42fb6526a52ebab08363db07d1b0655bc9a121f497,local_only_not_in_this_repository
paper_outputs/ess_evidence_revision/cosmic/202412_block_00002.parquet,205622,8c72fee403524607ebafe583d79bd0dbbda85a5819d9b05e9c13da22a9826852,local_only_not_in_this_repository
paper_outputs/ess_evidence_revision/cosmic/202412_block_00003.parquet,201619,a39e5dc1a009db99a0003cbf19c68f5cd9c7e23008b0c6a8cc0f9635b5d00827,local_only_not_in_this_repository
paper_outputs/ess_evidence_revision/cosmic/202412_block_00004.parquet,204273,b67e9e47ddf6fda17a9c7a0b7d53576b45293ff63925606fdd586d0b581b5be5,local_only_not_in_this_repository
paper_outputs/ess_evidence_revision/cosmic/202412_block_00005.parquet,204424,85024ae7edd6df3cdd5f58bb17cabb02893f22d2c22735bbc0d3806f9c645728,local_only_not_in_this_repository
paper_outputs/ess_evidence_revision/cosmic/202412_block_00006.parquet,205646,95971b13258a0a554a21770e3cf7c25576e739b39a18ce5f9b1ff988fe41a552,local_only_not_in_this_repository
paper_outputs/ess_evidence_revision/cosmic/202412_block_00007.parquet,205803,593adf59476a2f8423bb37a5914807a5f35e27f5a5b81009029dde8030d10d95,local_only_not_in_this_repository
paper_outputs/ess_evidence_revision/cosmic/202412_block_00008.parquet,205814,c48a9d3eeb9e04261c751ad11e9226fa80f206754d9cdaf9e964fd3035ee7b8d,local_only_not_in_this_repository
paper_outputs/ess_evidence_revision/cosmic/202412_block_00009.parquet,204482,0993ab2e7ad4baa10ccc5ed64fa5a1d80af5c68944b5101376e20784643b92ca,local_only_not_in_this_repository
paper_outputs/ess_evidence_revision/cosmic/202412_block_00010.parquet,205103,65cb0fc6be2e9d7460a97ab17c08ae27262d18d65d9e01aabc807a9ecbbbd5d9,local_only_not_in_this_repository
paper_outputs/ess_evidence_revision/cosmic/202412_block_00011.parquet,206395,78e56f1d5dceee0a5dd377f63d2f89c74bd2728e8cb18fb5667b6add1179fb33,local_only_not_in_this_repository
paper_outputs/ess_evidence_revision/cosmic/202412_block_00012.parquet,203724,7d140eb08f6fc703e68e73a7b4af4417889c02eaa8df0b98ebeef3041be7c20e,local_only_not_in_this_repository
paper_outputs/ess_evidence_revision/cosmic/202412_block_00013.parquet,204714,0d8317a85db8b746b4d1441c9cf2f759e6df8f45725da800c47b8796f57f239c,local_only_not_in_this_repository
paper_outputs/ess_evidence_revision/cosmic/202412_block_00014.parquet,205413,f19397da9f197e8ffc18b66e98adb7f27c47f7f30b06c75d31549cabc0284ebc,local_only_not_in_this_repository
paper_outputs/ess_evidence_revision/cosmic/202412_block_00015.parquet,206571,0c3b2f07cfe591a9515374db25182f10df9f9a2a0fafac2fa4a07d4cff26394b,local_only_not_in_this_repository
paper_outputs/ess_evidence_revision/cosmic/202412_block_00016.parquet,206707,99e622f6fd2fc8993b4d245786e15b1b60b9615cb27d09b8352fb4263f94700d,local_only_not_in_this_repository
paper_outputs/ess_evidence_revision/cosmic/202412_block_00017.parquet,206056,d28ff0d85444589b79f7435d4ac37aaa75f4ff5372423f9bac34f8280756592c,local_only_not_in_this_repository
paper_outputs/ess_evidence_revision/cosmic/202412_block_00018.parquet,208135,25b281f878c2edd33f6a23c9cb53ed5c541649e92b58403cc58155d180ce3b9c,local_only_not_in_this_repository
paper_outputs/ess_evidence_revision/cosmic/202412_block_00019.parquet,205141,185ead07ac8ace7dd9127e2062933b5bc6638aefb2ae77eb7a9ebfe754edc391,local_only_not_in_this_repository
paper_outputs/ess_evidence_revision/cosmic/202412_block_00020.parquet,205014,fcaca41d59cb508194bb801834b386ed484c56ba2a3d454c1d5e83cd4125754f,local_only_not_in_this_repository
paper_outputs/ess_evidence_revision/cosmic/202412_block_00021.parquet,205310,1a09842310a8faae12882b922a0e279f62eb48f6af03537fca4e102237b3a94b,local_only_not_in_this_repository
paper_outputs/ess_evidence_revision/cosmic/202412_block_00022.parquet,200333,086be99e7fdbed63535bbbbca02b4a7eb1d16cccf951aa8f5729a13001f9d346,local_only_not_in_this_repository
paper_outputs/ess_evidence_revision/cosmic/202412_block_00023.parquet,205267,c327771b1e976e75db4970d65a64d2b3e5782b9ba38e308d651cf8b093dcb051,local_only_not_in_this_repository
paper_outputs/ess_evidence_revision/cosmic/202412_block_00024.parquet,205065,9a5827df540a30a3e62880d384f12a2b03475e5d4a68e1b473d822b4688bcf57,local_only_not_in_this_repository
paper_outputs/ess_evidence_revision/cosmic/202412_block_00025.parquet,204478,fe5f2de63d9f642ca86a6e52be262424591d2c635ec1f71556c8d381bc065dc1,local_only_not_in_this_repository
paper_outputs/ess_evidence_revision/cosmic/202412_block_00026.parquet,205668,55dff63c99c5982f342668e4af56a5ba0b85a3074deab96924c7d350b1a91c2b,local_only_not_in_this_repository
paper_outputs/ess_evidence_revision/cosmic/202412_block_00027.parquet,202389,19b860e9938dc0ff866fee73306e52710d6fd7b7c660a6c9f4816928f6140055,local_only_not_in_this_repository
paper_outputs/ess_evidence_revision/cosmic/202412_block_00028.parquet,203523,8e1e60762766e9b956c04c81c03c7dfbe841535e6808fc54aed6ef26a1055b40,local_only_not_in_this_repository
paper_outputs/ess_evidence_revision/cosmic/202412_block_00029.parquet,207296,9ae338b737561ab35412e22ec8ebf062cf0ec9236343d8a862223d26bff03710,local_only_not_in_this_repository
paper_outputs/ess_evidence_revision/cosmic/202412_block_00030.parquet,204107,0eb1d8fd8f67c30df2eef448e94de5176ec211b4b5350bca2d68d84487ee02fe,local_only_not_in_this_repository
paper_outputs/ess_evidence_revision/cosmic/202412_block_00031.parquet,140919,9623a31c5f7d4abaffa646e078ea7bd56b09aaa585c6ccdc55c25300b26dccc8,local_only_not_in_this_repository
paper_outputs/ess_evidence_revision/cosmic/202501_block_00000.parquet,204197,9efd59bf51d6a03ecfd43d9cdd14295fbc27d1591041081c266ae78f159fd6fa,local_only_not_in_this_repository
paper_outputs/ess_evidence_revision/cosmic/202501_block_00001.parquet,202312,8a17f9ef898ee6b1ffa71edd6b6a2dd7f0953e0cac3fcbd51a0faac3961f0eb2,local_only_not_in_this_repository
paper_outputs/ess_evidence_revision/cosmic/202501_block_00002.parquet,204471,2a4be7d8002933c1c130b3cad5e4c42cef9c53a38b253cae22d21d61d1957a72,local_only_not_in_this_repository
paper_outputs/ess_evidence_revision/cosmic/202501_block_00003.parquet,205013,0f5b4370fb53ea02f316292e9ef96ea6bee9a8f142ad5b735eaf773420c1e20e,local_only_not_in_this_repository
paper_outputs/ess_evidence_revision/cosmic/202501_block_00004.parquet,206025,b64c143e8093df77b1a43de467710ef1a4f133d07aa890d517dfe4ecf7ca752d,local_only_not_in_this_repository
paper_outputs/ess_evidence_revision/cosmic/202501_block_00005.parquet,205664,6a077ab807916baff191d6dc081e81a1a1181d6aaba0fe41593c7baec6b16875,local_only_not_in_this_repository
paper_outputs/ess_evidence_revision/cosmic/202501_block_00006.parquet,203704,a6cf6faf0141bd6d812b1381a18f8c1fefa7f6734fd6564cdf14a88bc8a809ab,local_only_not_in_this_repository
paper_outputs/ess_evidence_revision/cosmic/202501_block_00007.parquet,205104,331f3001df749d47332e7e0a02d272f692696d002e9fc1502b9e95f63a9a5a1c,local_only_not_in_this_repository
paper_outputs/ess_evidence_revision/cosmic/202501_block_00008.parquet,203532,9d90e10aff3371c38efc163a552ca5646b9eb6fe27bba7321332b35a9cbc23b8,local_only_not_in_this_repository
paper_outputs/ess_evidence_revision/cosmic/202501_block_00009.parquet,202601,026329ecaf877734af1e31ba0508797476578da7df77aa1e6bccffcf0f267f6c,local_only_not_in_this_repository
paper_outputs/ess_evidence_revision/cosmic/202501_block_00010.parquet,200834,3836b8a281ac8f10d45dc96e334017b38abfba7ff2694fa53adc6d7c77956ef9,local_only_not_in_this_repository
paper_outputs/ess_evidence_revision/cosmic/202501_block_00011.parquet,205522,54ad99c1ea4a8eac54e6cc92009e61355c10d7cd75979ecedba77a7d67c05e90,local_only_not_in_this_repository
paper_outputs/ess_evidence_revision/cosmic/202501_block_00012.parquet,205873,f98b667616fe356a8686309090b583561917feebcdddb7398629caa678945e45,local_only_not_in_this_repository
paper_outputs/ess_evidence_revision/cosmic/202501_block_00013.parquet,205130,80f5898870fe616bc1ecc6332b5b955008423d06f1b19dfbf637347a49a13c44,local_only_not_in_this_repository
paper_outputs/ess_evidence_revision/cosmic/202501_block_00014.parquet,203684,04b82f75f83b08a92f1b7f4f112622a57982b5a7fa8f51c0d8a0587f1b704804,local_only_not_in_this_repository
paper_outputs/ess_evidence_revision/cosmic/202501_block_00015.parquet,204151,f5f2aa5772484ae478d983d2eaa68bad8d68ca64d7a11c2e91740849fff6419f,local_only_not_in_this_repository
paper_outputs/ess_evidence_revision/cosmic/202501_block_00016.parquet,205969,662930f532e97b288422360c9d18bf799e902626b6679098d6fa75fa1a5e6f3f,local_only_not_in_this_repository
paper_outputs/ess_evidence_revision/cosmic/202501_block_00017.parquet,204101,eec71c14ce3e248bd9befcf64618321668a226fee173b4b75e61a043c47683a7,local_only_not_in_this_repository
paper_outputs/ess_evidence_revision/cosmic/202501_block_00018.parquet,203283,8ed030cc6342f28e9ef61e72f2be352b3509d6229714e871468bc937c7a18b7b,local_only_not_in_this_repository
paper_outputs/ess_evidence_revision/cosmic/202501_block_00019.parquet,206697,00fbd007009afbc2c48e9596bceab3152435fc483f52a47b86953de220383122,local_only_not_in_this_repository
paper_outputs/ess_evidence_revision/cosmic/202501_block_00020.parquet,204902,69ed733e995361ebbef0a4c5c7c078eb53dfd93c3a6e888a4c060d768d59281b,local_only_not_in_this_repository
paper_outputs/ess_evidence_revision/cosmic/202501_block_00021.parquet,206603,7999234f794787c44759d22635361e463e29a564a4506b7fc4bac545fef07e8f,local_only_not_in_this_repository
paper_outputs/ess_evidence_revision/cosmic/202501_block_00022.parquet,204882,0adf6ad44cfc55bf121dfaa12ef13c439da43e8b2ab72be9ae7e48b1d2b12f2a,local_only_not_in_this_repository
paper_outputs/ess_evidence_revision/cosmic/202501_block_00023.parquet,203893,77716814e74ce1ffcd814849afe0f0d9530690900911a1d6ca2484d56453ce71,local_only_not_in_this_repository
paper_outputs/ess_evidence_revision/cosmic/202501_block_00024.parquet,204435,36d5d0f912eb0f55b52d39adf7179da471076f1c0109de242c23c594ab8c25bf,local_only_not_in_this_repository
paper_outputs/ess_evidence_revision/cosmic/202501_block_00025.parquet,207490,3cd48ecccdeffda69f2c8bc2d4e39e527d79e0caff974254d0288e0d686e9fa2,local_only_not_in_this_repository
paper_outputs/ess_evidence_revision/cosmic/202501_block_00026.parquet,206623,fe30d6d55d2f4c0ca0071a59327f47b850f69b0336997f56e242816995e7edf7,local_only_not_in_this_repository
paper_outputs/ess_evidence_revision/cosmic/202501_block_00027.parquet,201473,c8c692a93874117593a785c939c6261350b9350899f24a618d5fb702283ca0f0,local_only_not_in_this_repository
paper_outputs/ess_evidence_revision/cosmic/202501_block_00028.parquet,202616,6c33586a56c664a7def8d0bf2e88f56a042cc9e5862e431b735975bae4b81637,local_only_not_in_this_repository
paper_outputs/ess_evidence_revision/cosmic/202501_block_00029.parquet,204269,996a15bb8b3fb8f46ecba8cc3817bdc8a5cd4e5e2f13476a67b75eff27f0b9ad,local_only_not_in_this_repository
paper_outputs/ess_evidence_revision/cosmic/202501_block_00030.parquet,205457,b708f6d1cd3a8c9c081f90722030213ce97c044a2217a7aab61457bfe54782be,local_only_not_in_this_repository
paper_outputs/ess_evidence_revision/cosmic/202501_block_00031.parquet,136538,8a29b7f29eedd96b88041548d461a27191872ac2564a113634364877523522f8,local_only_not_in_this_repository
paper_outputs/ess_evidence_revision/cosmic/202502_block_00000.parquet,198712,163729e7e81fcf53ea92b0f0d68161cb2f6e090c8814b81a8485057b3c573206,local_only_not_in_this_repository
paper_outputs/ess_evidence_revision/cosmic/202502_block_00001.parquet,206167,2a08df0a71cc266d58a9a61edb2078a60bba6ce5ead4bd49c33f35f55599fbb5,local_only_not_in_this_repository
paper_outputs/ess_evidence_revision/cosmic/202502_block_00002.parquet,207315,d5ebd9845c8dc01f638fc86ff7b541bb91e787bff9d894e72b79d041a650c429,local_only_not_in_this_repository
paper_outputs/ess_evidence_revision/cosmic/202502_block_00003.parquet,206407,abf820282a0c67d0d5e7eac3b31f40c3ca3c9af216fb78ca25453be52fe365d6,local_only_not_in_this_repository
paper_outputs/ess_evidence_revision/cosmic/202502_block_00004.parquet,205367,9bb6b1bd2f74523b52168cfb94ff0faaaed27b112637d9c375a936a6a009df26,local_only_not_in_this_repository
paper_outputs/ess_evidence_revision/cosmic/202502_block_00005.parquet,205619,75ef758f594f85907a404a439f8139cc150bc87e5576fd249f180064aa49f656,local_only_not_in_this_repository
paper_outputs/ess_evidence_revision/cosmic/202502_block_00006.parquet,205129,0bee8cf6d7355997cd535986bcec4c4e2baff4079b5431adab1979f49a8801b4,local_only_not_in_this_repository
paper_outputs/ess_evidence_revision/cosmic/202502_block_00007.parquet,205056,bc7dfaca5966d084552c35d232c8d54d881635932a430586c77b09bf80900132,local_only_not_in_this_repository
paper_outputs/ess_evidence_revision/cosmic/202502_block_00008.parquet,205303,d6870ea049d34046384087a86d05447ac8f24af7ffe917a60751cb1f47619927,local_only_not_in_this_repository
paper_outputs/ess_evidence_revision/cosmic/202502_block_00009.parquet,203500,550363c2f1100ac42d8ebf5d58744791395d1b8a4ce5ac2b68b95d3c185d935e,local_only_not_in_this_repository
paper_outputs/ess_evidence_revision/cosmic/202502_block_00010.parquet,201309,a6d306d8465d79486fa675644e2371751a14d42e1c4dc8bb6a06ef6f0d51bc48,local_only_not_in_this_repository
paper_outputs/ess_evidence_revision/cosmic/202502_block_00011.parquet,201250,5ee72bd9fd46de8a5b5353acd8ab29f459bab88e54b0f98efb48c30a39956354,local_only_not_in_this_repository
paper_outputs/ess_evidence_revision/cosmic/202502_block_00012.parquet,205882,7d40fc6ccfaccfe5b9eb350405fce58f282c2ca0cae335cd2b2bc04e3b1620d1,local_only_not_in_this_repository
paper_outputs/ess_evidence_revision/cosmic/202502_block_00013.parquet,204092,11d525d7344ab7d59d3bad51fe67b580ece97cf1ad4dd10380e8ed6070640831,local_only_not_in_this_repository
paper_outputs/ess_evidence_revision/cosmic/202502_block_00014.parquet,206219,9941f1a167855e17587b938f0f375785d614bc8787cec02951a99ab98b6b5903,local_only_not_in_this_repository
paper_outputs/ess_evidence_revision/cosmic/202502_block_00015.parquet,204201,369f99c3acbf77b26bb3f9e9cddde41904c65e678bbc9ae3a125efb1cd3b3436,local_only_not_in_this_repository
paper_outputs/ess_evidence_revision/cosmic/202502_block_00016.parquet,205328,71a9b6f096f17b369bb572cb4c6e1f801526d5d16494d6af0c8f7f52dc7079ea,local_only_not_in_this_repository
paper_outputs/ess_evidence_revision/cosmic/202502_block_00017.parquet,202353,42b76d55436b1c8189fae66a1ecd13b8f65b00c7dd182d158c8d7a3f2c87ba50,local_only_not_in_this_repository
paper_outputs/ess_evidence_revision/cosmic/202502_block_00018.parquet,202681,3d5f7a248b85f1a28ea4a18b26f716f7ee3956cfaeb9cbee9299a3df46af02dd,local_only_not_in_this_repository
paper_outputs/ess_evidence_revision/cosmic/202502_block_00019.parquet,207644,cd43232242fcbbf0ebb65c9b698406b95fa1a450833970c2138891b54ca13eea,local_only_not_in_this_repository
paper_outputs/ess_evidence_revision/cosmic/202502_block_00020.parquet,205022,a6fb44e802c3c6239f37b140efcea936927c0577817c0c378fd40b91259848d6,local_only_not_in_this_repository
paper_outputs/ess_evidence_revision/cosmic/202502_block_00021.parquet,203671,79097290d7153f42ae0fc83d8eacabd83405f4ed1f44631e5d85634e3b1bcea6,local_only_not_in_this_repository
paper_outputs/ess_evidence_revision/cosmic/202502_block_00022.parquet,203375,e2abeedbdea6b727e0bf67eb15c4c140c7a223e1cfa9eaab58704c2ca182ba8c,local_only_not_in_this_repository
paper_outputs/ess_evidence_revision/cosmic/202502_block_00023.parquet,201566,56b27068b7e9f3513d266d0f18161018cb83b2dc70804f76fc7a876c20135868,local_only_not_in_this_repository
paper_outputs/ess_evidence_revision/cosmic/202502_block_00024.parquet,207365,e06a7c55968862e89cdb91067ec56ab8e8d27f29bf81bed07772aaef7bd8c5d5,local_only_not_in_this_repository
paper_outputs/ess_evidence_revision/cosmic/202502_block_00025.parquet,206730,62aaf964cb1e324c0a2ccf5842dc69ae8942b33a6f9fbd4ef46cc0c966d5913d,local_only_not_in_this_repository
paper_outputs/ess_evidence_revision/cosmic/202502_block_00026.parquet,205496,91739e736a59e5dacf23cb6c692f163299f8d716eed4e814732172c160aa6931,local_only_not_in_this_repository
paper_outputs/ess_evidence_revision/cosmic/202502_block_00027.parquet,203479,a6de3c4eaed8ee5b8fe6589d82a757ca438459823b7cf684c59e6b4d0f039cc5,local_only_not_in_this_repository
paper_outputs/ess_evidence_revision/cosmic/202502_block_00028.parquet,205678,3732ec6b40f9a22d62f738004d4a62b80cded2f1edc0af7b5fce5fbd024a462f,local_only_not_in_this_repository
paper_outputs/ess_evidence_revision/cosmic/202502_block_00029.parquet,144383,a9748c2138e8ad7e9b1c12dab1ffdcea9b47c7ee7397cbd986aea2e4def4be06,local_only_not_in_this_repository
paper_outputs/ess_evidence_revision/cosmic/202503_block_00000.parquet,206296,33c8763a8384a4b18f712f131e3dc4f0b935aefecb092b134ada12b5f1ad3898,local_only_not_in_this_repository
paper_outputs/ess_evidence_revision/cosmic/202503_block_00001.parquet,204275,496a9b499094a3a6342eb1944295ccb1994d59dd5b3f4c43ff3cd205cd40e117,local_only_not_in_this_repository
paper_outputs/ess_evidence_revision/cosmic/202503_block_00002.parquet,206412,d7c3ac2b0aa6755d50c85f447c9cdaaa6a6f0a6b203e5951f9f12b3fd5bc1e7e,local_only_not_in_this_repository
paper_outputs/ess_evidence_revision/cosmic/202503_block_00003.parquet,203026,32260ce3777fa4105aa3ccc25ea0ee648a365e8a6d3094b16f3e5dccddb0ce6f,local_only_not_in_this_repository
paper_outputs/ess_evidence_revision/cosmic/202503_block_00004.parquet,204944,99d430726d4e66be5e60a0484df424ab4c504a2560038af3e34022ad2f358121,local_only_not_in_this_repository
paper_outputs/ess_evidence_revision/cosmic/202503_block_00005.parquet,204482,eb07b731b698a125b35d60f1ebd5027fe72b2212cab1327432264fca85d41719,local_only_not_in_this_repository
paper_outputs/ess_evidence_revision/cosmic/202503_block_00006.parquet,205100,a9a823df3e95ba40df6ea8429101537365c09f1e354c84a7fe375713b324fcca,local_only_not_in_this_repository
paper_outputs/ess_evidence_revision/cosmic/202503_block_00007.parquet,202813,327321bdd1716c34146ba44090b986faa03c80be3edee3721336ec389ebf68a1,local_only_not_in_this_repository
paper_outputs/ess_evidence_revision/cosmic/202503_block_00008.parquet,204045,2fba5485a1e995ebc0db0e20c14ea25067fcb50597c49b5c2667ba8f0566131d,local_only_not_in_this_repository
paper_outputs/ess_evidence_revision/cosmic/202503_block_00009.parquet,206715,fcfea0c2ab83ed7e1f5500f211eeb1429b4f4277f4c51399448378557cbe5e53,local_only_not_in_this_repository
paper_outputs/ess_evidence_revision/cosmic/202503_block_00010.parquet,206696,b4d8fa7fa0d194dadf0117e54be4c02bc59eeb65842e841c6a73bae78895df66,local_only_not_in_this_repository
paper_outputs/ess_evidence_revision/cosmic/202503_block_00011.parquet,201470,4ad0d8f630e2b9abc5df1341b162e68260298cc51b208991473816efc1698498,local_only_not_in_this_repository
paper_outputs/ess_evidence_revision/cosmic/202503_block_00012.parquet,206093,e3744d66d7a5c7bfae19a947feee07e50672610c70656730b6b45730cc22b9a1,local_only_not_in_this_repository
paper_outputs/ess_evidence_revision/cosmic/202503_block_00013.parquet,204967,1c4bd3ed582fc5a995269c3a44fc00cbb54ce16248d81ede741aa454e18e5e33,local_only_not_in_this_repository
paper_outputs/ess_evidence_revision/cosmic/202503_block_00014.parquet,204168,241f70f072eb2b72e49f1b956f8fd38b47dc677520d066318abd2d16e4519391,local_only_not_in_this_repository
paper_outputs/ess_evidence_revision/cosmic/202503_block_00015.parquet,205534,b51686a5499df2d24181932ee70935580a0e48e7e734bebc899f8e16ad85cd76,local_only_not_in_this_repository
paper_outputs/ess_evidence_revision/cosmic/202503_block_00016.parquet,203292,b0c7fe6df15d106f68d0b772cc57c78500708032052acd401b91b564e05c84c6,local_only_not_in_this_repository
paper_outputs/ess_evidence_revision/cosmic/202503_block_00017.parquet,206191,dc8e585ad3beedb82310843a64ce6319df52af66e1802ea4e14e91ca6a26ee15,local_only_not_in_this_repository
paper_outputs/ess_evidence_revision/cosmic/202503_block_00018.parquet,204546,ea125bfa6de944cfe13b142a8956bd052b68ba7bd5a44d5c4615464ae87d09e5,local_only_not_in_this_repository
paper_outputs/ess_evidence_revision/cosmic/202503_block_00019.parquet,203852,960d7f2827eb4d218bc18081b57dd0b84e9817c63771e06b7727bfc5ffddf977,local_only_not_in_this_repository
paper_outputs/ess_evidence_revision/cosmic/202503_block_00020.parquet,206377,8e5b61f973ea8edce002a774c7ae54505ca95309460bc87a909f0c4d79c405ae,local_only_not_in_this_repository
paper_outputs/ess_evidence_revision/cosmic/202503_block_00021.parquet,203983,87ff0081cb5a62f8cdf32ad87491c2ba698adcee56354ea87e41a922d1115b59,local_only_not_in_this_repository
paper_outputs/ess_evidence_revision/cosmic/202503_block_00022.parquet,205793,9f97a7af1834c781144af85c10ccfe06ec94a7314cb527ed8e27c75a53a28ccb,local_only_not_in_this_repository
paper_outputs/ess_evidence_revision/cosmic/202503_block_00023.parquet,173233,113bd3f1018b5d5c815e8479bf7aee3b0c12cebd1e2b96b9f7f8e501baf905c9,local_only_not_in_this_repository
paper_outputs/ess_evidence_revision/cosmic/202504_block_00000.parquet,206989,91d1289746d0a1598dccd479fb0a1d1d51f3fe3e06c06c656fa5244382f5295d,local_only_not_in_this_repository
paper_outputs/ess_evidence_revision/cosmic/202504_block_00001.parquet,205177,5cfc109177e6c46130bcf62371f2a0665cecd4bbd5ca699ec125a0b354588d03,local_only_not_in_this_repository
paper_outputs/ess_evidence_revision/cosmic/202504_block_00002.parquet,203184,2031110dadd23d8cb1bfe3de65e4e1cd59b6dd579edc6e45f124a0625de350a2,local_only_not_in_this_repository
paper_outputs/ess_evidence_revision/cosmic/202504_block_00003.parquet,204203,b7e5dc66706c62b3c9da999cd251fcb801758b272f6e5e2367644c6d671fe2cd,local_only_not_in_this_repository
paper_outputs/ess_evidence_revision/cosmic/202504_block_00004.parquet,206995,ab66eabc20ed2608462b44b5a39cba4d91f72d915c0c2f64ea830914c254e782,local_only_not_in_this_repository
paper_outputs/ess_evidence_revision/cosmic/202504_block_00005.parquet,203840,b7cd0bee08052f9e30e870bc48dc5771d2701495e6fb196105d1df7371eec25e,local_only_not_in_this_repository
paper_outputs/ess_evidence_revision/cosmic/202504_block_00006.parquet,204105,0ee5396cb438db00ab536a53f799048d3ded533c502afbc05cfe15b19af3d59a,local_only_not_in_this_repository
paper_outputs/ess_evidence_revision/cosmic/202504_block_00007.parquet,203121,d36a256b8fd6fba4100fb40f78ae6daa00eed478c1814478f7e017ec486c96bb,local_only_not_in_this_repository
paper_outputs/ess_evidence_revision/cosmic/202504_block_00008.parquet,206239,fd78d1ddc63f02378ae9ca0236621af80bc865c6186271d040f3de24eafaeef8,local_only_not_in_this_repository
paper_outputs/ess_evidence_revision/cosmic/202504_block_00009.parquet,204491,371f8765aeb57229c083091c3bc70f9f93cd76e73a8a1cd786f6761bb510f60a,local_only_not_in_this_repository
paper_outputs/ess_evidence_revision/cosmic/202504_block_00010.parquet,202664,b7ad164cc8dd00a769b0ab1667d3ef11a7723f378f1871569f7348d0f5faaf8c,local_only_not_in_this_repository
paper_outputs/ess_evidence_revision/cosmic/202504_block_00011.parquet,202497,d9235b5f8c3c5332f3d179e0d5d278cf7477289d2ad70ab48baa090415301b39,local_only_not_in_this_repository
paper_outputs/ess_evidence_revision/cosmic/202504_block_00012.parquet,202407,2bd7ebac9641d9c1a8fb63a4a78f9c478d04fa8597feb31534ac44911482b566,local_only_not_in_this_repository
paper_outputs/ess_evidence_revision/cosmic/202504_block_00013.parquet,205310,2703bdc2527087ab9888143819a4ec53f8e104fcaf7b0d44c683e7244309d3c5,local_only_not_in_this_repository
paper_outputs/ess_evidence_revision/cosmic/202504_block_00014.parquet,204577,d1cc9c541e73bf06187a1d3c15114d168c940a823abfb72161bf92d1958b480b,local_only_not_in_this_repository
paper_outputs/ess_evidence_revision/cosmic/202504_block_00015.parquet,207021,f3285cb7a85d7883eae0bf348517414e120433bde34009fe65b4331e0d2a512d,local_only_not_in_this_repository
paper_outputs/ess_evidence_revision/cosmic/202504_block_00016.parquet,202604,918f67830b639c3b7adbb896440b0ee3dfe247321bf3c861b89f15aac48a6157,local_only_not_in_this_repository
paper_outputs/ess_evidence_revision/cosmic/202504_block_00017.parquet,204700,15455d913db5998f2a9662f5da1ad22451535b74e915cd6a8a188c34eadc384e,local_only_not_in_this_repository
paper_outputs/ess_evidence_revision/cosmic/202504_block_00018.parquet,16551,84fcd30ee0f35c2b32c0c281991632cefa7682444027ed7627d41c8fedfab864,local_only_not_in_this_repository
paper_outputs/ess_evidence_revision/cosmic/202505_block_00000.parquet,205391,167b48294e6092a6a45ab68b221eabf16cc37cc0860f008ab541a076cf6c2eff,local_only_not_in_this_repository
paper_outputs/ess_evidence_revision/cosmic/202505_block_00001.parquet,206575,5136ee457f8274c16e13a999980da0c007aebe310b6fc503fad76603b4dd9d50,local_only_not_in_this_repository
paper_outputs/ess_evidence_revision/cosmic/202505_block_00002.parquet,203153,29ffcff78907e3f84bc44e3f7288de423def5ffb82a0a6e08b4894818c8c760a,local_only_not_in_this_repository
paper_outputs/ess_evidence_revision/cosmic/202505_block_00003.parquet,206693,38e45783e02110167c229617d45f929dcae27bfdf1ac0b2b3c699b4a5ce91aa7,local_only_not_in_this_repository
paper_outputs/ess_evidence_revision/cosmic/202505_block_00004.parquet,202709,8d188c94126ef68023ccca096e785b18f37e468fc3f421118a5649477e8ed2ce,local_only_not_in_this_repository
paper_outputs/ess_evidence_revision/cosmic/202505_block_00005.parquet,206418,addd6bae592d94e53a8ccd430cd59049f0bf6fa9f9d3c09212343fbc00365998,local_only_not_in_this_repository
paper_outputs/ess_evidence_revision/cosmic/202505_block_00006.parquet,203316,959679e544d658ab1c8e0a7f6cabd9194070a8154517d474302d508c6bcf4650,local_only_not_in_this_repository
paper_outputs/ess_evidence_revision/cosmic/202505_block_00007.parquet,205389,100367ce711b62f643aea480017b259db10ab548233b4c02f856e133dabf5a47,local_only_not_in_this_repository
paper_outputs/ess_evidence_revision/cosmic/202505_block_00008.parquet,206063,b61d0480ac9941606a7be075345d74fef1da86f5bc25f9f7fe043df3a37380bd,local_only_not_in_this_repository
paper_outputs/ess_evidence_revision/cosmic/202505_block_00009.parquet,205594,74ce0fbe141039eb12eb05c57838c11a81e9f9d117208eb78b90a929b7d28717,local_only_not_in_this_repository
paper_outputs/ess_evidence_revision/cosmic/202505_block_00010.parquet,202431,20161d4501d87977c42027cb78226fb272f49ebe62680483a5a1658023ae53b2,local_only_not_in_this_repository
paper_outputs/ess_evidence_revision/cosmic/202505_block_00011.parquet,206493,60f27a0f8e0b42139912f046fee0f28431422f1b08dd7fd4fed82899f292d403,local_only_not_in_this_repository
paper_outputs/ess_evidence_revision/cosmic/202505_block_00012.parquet,206210,31f74016a20391a28e51eedbd96a5a9fd08d0d83373c6e4b8481b883b60e3cd6,local_only_not_in_this_repository
paper_outputs/ess_evidence_revision/cosmic/202505_block_00013.parquet,205890,fcbddefb3b8f65dedff646190b7cc0d2e1e6ae69ce2af9966a56b160cd5f72e6,local_only_not_in_this_repository
paper_outputs/ess_evidence_revision/cosmic/202505_block_00014.parquet,204581,c93ec4a9ec8763868a487ca10b083cabbcd48fda2aaae1b5a3f653dcbe1fac6f,local_only_not_in_this_repository
paper_outputs/ess_evidence_revision/cosmic/202505_block_00015.parquet,206626,08bffc342db6080ee984bc993694d0b634fbb318054d63237dcdec9ef8445502,local_only_not_in_this_repository
paper_outputs/ess_evidence_revision/cosmic/202505_block_00016.parquet,205525,f8bb42be7c71095f402eb91739600b643a3a0685cbce10393ffa4712317d7e55,local_only_not_in_this_repository
paper_outputs/ess_evidence_revision/cosmic/202505_block_00017.parquet,206051,3e3c0d6eb294ab11f193231af8c4531e3bb4217c48e2dafc037d70f949c689d1,local_only_not_in_this_repository
paper_outputs/ess_evidence_revision/cosmic/202505_block_00018.parquet,205127,397578e590d24aad20817928c6e24647f37572bc3196ca13e472a91fefb3f2f0,local_only_not_in_this_repository
paper_outputs/ess_evidence_revision/cosmic/202505_block_00019.parquet,204669,5a74cce7a9a017b0f58dfa77b4abed96fb590e303a0d5c26e9a83dc45bdd30c2,local_only_not_in_this_repository
paper_outputs/ess_evidence_revision/cosmic/202505_block_00020.parquet,204444,d3a4189664a6a30aadc89f3aa5b0182bda9ba51315eb956f85101aeac38fa5af,local_only_not_in_this_repository
paper_outputs/ess_evidence_revision/cosmic/202505_block_00021.parquet,205222,60fdbd44ac0c1dd347b3a2fcaeada58324a8c4b5ca8f92e54757570c67330e6b,local_only_not_in_this_repository
paper_outputs/ess_evidence_revision/cosmic/202505_block_00022.parquet,203204,8e06cae01ea132308fa6167873c0d543b6be93b2f7c95bd86cdf4df580ea48cf,local_only_not_in_this_repository
paper_outputs/ess_evidence_revision/cosmic/202505_block_00023.parquet,206632,3f5efadb779ce5774718e811f2403789be1a43c5d4fd9f4aa8668fabc3038eb0,local_only_not_in_this_repository
paper_outputs/ess_evidence_revision/cosmic/202505_block_00024.parquet,200943,e815fe9b9febbff54ce6c80dfa32c8fa09704b64e792f77fb00c5f3c5ef6ea5f,local_only_not_in_this_repository
paper_outputs/ess_evidence_revision/cosmic/202505_block_00025.parquet,204511,00a62ab06b8e41659126d590580541f31d1cfb566dde5a5f3e730677928fc143,local_only_not_in_this_repository
paper_outputs/ess_evidence_revision/cosmic/202505_block_00026.parquet,205148,6983b1e5f3e437d685749283154abc37bb18ff9e082a41708eedc3488e900957,local_only_not_in_this_repository
paper_outputs/ess_evidence_revision/cosmic/202505_block_00027.parquet,205752,e0088f619a34246af70a4c0771e5f9bedc1b1dfe7749d7c9ecb40bd584464073,local_only_not_in_this_repository
paper_outputs/ess_evidence_revision/cosmic/202505_block_00028.parquet,205032,eab533c219809f72ce017a316fd6cf6891e89b06386991e2bc3da1fcff08d667,local_only_not_in_this_repository
paper_outputs/ess_evidence_revision/cosmic/202505_block_00029.parquet,204849,c2b7ab2a948ef271c6bee9c34993481db66308529c6d83edf0df5b4292fa55c1,local_only_not_in_this_repository
paper_outputs/ess_evidence_revision/cosmic/202505_block_00030.parquet,204043,abcf9d38a5c0ac9d88e927f172ab73cc4ed133636215ea59c16faf247d03f8b5,local_only_not_in_this_repository
paper_outputs/ess_evidence_revision/cosmic/202505_block_00031.parquet,205666,7180e34b95e60b1e1c84b46dee3350da8db51cf14f8079918d8af661ac2eb7bf,local_only_not_in_this_repository
paper_outputs/ess_evidence_revision/cosmic/202505_block_00032.parquet,203980,17d9f34458e3be0dd9d796499e32ed234debdb9549d9a6146b55bf1ee46e23ca,local_only_not_in_this_repository
paper_outputs/ess_evidence_revision/cosmic/202505_block_00033.parquet,29156,226a92bf085ffcd2ecf320ab68e9721bf5497b29ed26734479ddc32c2f174de3,local_only_not_in_this_repository
paper_outputs/ess_evidence_revision/cosmic/202506_block_00000.parquet,203580,cf385df177e9fc090b4ffa99766462f8ea627490b3a1bc6862769601c2fc8520,local_only_not_in_this_repository
paper_outputs/ess_evidence_revision/cosmic/202506_block_00001.parquet,201262,c4472e0a81ad668d2b8bffa1fb47d985d6e635c3ffe71e85a560afff59dc48be,local_only_not_in_this_repository
paper_outputs/ess_evidence_revision/cosmic/202506_block_00002.parquet,205988,dc3df4038c8a98fb64b32c7ae4cca3eebebdcb15e6b9c8455fef6855c73d5a8e,local_only_not_in_this_repository
paper_outputs/ess_evidence_revision/cosmic/202506_block_00003.parquet,205501,5ba6452ef3ce22947573e8333342cf4169c0e9f78506a4b0728808af7dc51745,local_only_not_in_this_repository
paper_outputs/ess_evidence_revision/cosmic/202506_block_00004.parquet,204881,9c85dd79161a88fc127bea47db162d7a450b583784ca784563b1a60debc72e82,local_only_not_in_this_repository
paper_outputs/ess_evidence_revision/cosmic/202506_block_00005.parquet,205239,5246564cf1c8aa70573416172c3a17ffc1a7484e04e5f6006bffbb7e4b8f0387,local_only_not_in_this_repository
paper_outputs/ess_evidence_revision/cosmic/202506_block_00006.parquet,202606,d739f08663de078a8017112a409b13298545e7c7c812959494c274ddf9e4ec5e,local_only_not_in_this_repository
paper_outputs/ess_evidence_revision/cosmic/202506_block_00007.parquet,201720,a113ae6c8364d620e8a7ca16e3d619330ba5c518046a93f1a5e5da3dd708f7af,local_only_not_in_this_repository
paper_outputs/ess_evidence_revision/cosmic/202506_block_00008.parquet,205857,018d2dd03033fe6fad714a3b069d6f2119f98c4fce39ea95e4b10e22a9927f77,local_only_not_in_this_repository
paper_outputs/ess_evidence_revision/cosmic/202506_block_00009.parquet,203573,d7de8b604f64207ed28bdbb924768bf92945929bfa0ab7c30c2f1f6d33dee327,local_only_not_in_this_repository
paper_outputs/ess_evidence_revision/cosmic/202506_block_00010.parquet,203667,a6a2f876ab57d4402d5f6ee511447ea4648402b3684f7c19300a0d0a4e80f8ab,local_only_not_in_this_repository
paper_outputs/ess_evidence_revision/cosmic/202506_block_00011.parquet,202653,c88ba2cddd0d34ca1a709d47b9c914725f2da2b62bcbb43afbde994fd4e8b946,local_only_not_in_this_repository
paper_outputs/ess_evidence_revision/cosmic/202506_block_00012.parquet,205299,95e8de61473b43d0d2211f708422a0bbaa84586e564e493efa26b6305674d97b,local_only_not_in_this_repository
paper_outputs/ess_evidence_revision/cosmic/202506_block_00013.parquet,206504,3f93bc7bc18936d649f4b28533a4b1cb9286059be4df7c4ec224089b842eb4f9,local_only_not_in_this_repository
paper_outputs/ess_evidence_revision/cosmic/202506_block_00014.parquet,206959,4983dd9e1cb44354ef52f9e74e5982ee5bfce17127b0121d21f9d28f75dad74c,local_only_not_in_this_repository
paper_outputs/ess_evidence_revision/cosmic/202506_block_00015.parquet,204476,27339a6d046e643ecd3c1d1df0e50f4b35b4c3940a5ae04f9204f6b7f73dc31d,local_only_not_in_this_repository
paper_outputs/ess_evidence_revision/cosmic/202506_block_00016.parquet,203122,c8be7ea6f9f8ead82bf595049a86cabd559efd931549f13e29d187bc73b1a617,local_only_not_in_this_repository
paper_outputs/ess_evidence_revision/cosmic/202506_block_00017.parquet,203905,e2aed5381e2a0773f19c75bfa8be193938871436a7dec875e242f4f5bc61c6f2,local_only_not_in_this_repository
paper_outputs/ess_evidence_revision/cosmic/202506_block_00018.parquet,203234,9db38f6778cf9b9516c79edb1b3395e5ac89c62f9b88e453dd7495e5ec495763,local_only_not_in_this_repository
paper_outputs/ess_evidence_revision/cosmic/202506_block_00019.parquet,204680,1b10dc8296f8104f6f450fb6746d406f61ae28bde539d91b111261fbb60f74b1,local_only_not_in_this_repository
paper_outputs/ess_evidence_revision/cosmic/202506_block_00020.parquet,204494,a0efb86def51b611c045d9385da0a6078536d4a8dbc98ed251d9cf6ad6f66e7b,local_only_not_in_this_repository
paper_outputs/ess_evidence_revision/cosmic/202506_block_00021.parquet,206612,f646c8be329e73f17e4343c47978ecbbce5ac7965eabc5db31c3963c772a032b,local_only_not_in_this_repository
paper_outputs/ess_evidence_revision/cosmic/202506_block_00022.parquet,205286,0afb0ccc853c27ee852ce7b35c6e6f79a6968689fc53df3710fc902b325e3319,local_only_not_in_this_repository
paper_outputs/ess_evidence_revision/cosmic/202506_block_00023.parquet,206737,7c1711644b6c8088f723b2029ef4b876773867dd90bf34d79f5482b486dda30e,local_only_not_in_this_repository
paper_outputs/ess_evidence_revision/cosmic/202506_block_00024.parquet,205818,76346447baa5a16e1d944490a48ed4b5b86f1d118298a6cd22412e896392dced,local_only_not_in_this_repository
paper_outputs/ess_evidence_revision/cosmic/202506_block_00025.parquet,205107,4f7ad100680f9465fd0d47a159cae02109faf0f91658682b506c1ba4dec448db,local_only_not_in_this_repository
paper_outputs/ess_evidence_revision/cosmic/202506_block_00026.parquet,203601,d63151940d572136c30f9fec8defc961b326c290949ae90027b2a4b5744411e8,local_only_not_in_this_repository
paper_outputs/ess_evidence_revision/cosmic/202506_block_00027.parquet,31009,d14a3e3383b92a72fb33eda2c616de07976b73b00968822845e1d9ea825257c3,local_only_not_in_this_repository
paper_outputs/ess_evidence_revision/cosmic/202507_block_00000.parquet,206689,548ff732148110e52b0a90cee3be8e602f884c28f8174d7b210ed2c984e2aa87,local_only_not_in_this_repository
paper_outputs/ess_evidence_revision/cosmic/202507_block_00001.parquet,205880,6c75db4c1005317df0a6bea7695a791ff8f59ab2e71d1929ee837f1678e6e94c,local_only_not_in_this_repository
paper_outputs/ess_evidence_revision/cosmic/202507_block_00002.parquet,204352,3d008da1e0801bc3281adee4b703d9c1ea8809a72b05a26d4e4c26cf0987f20d,local_only_not_in_this_repository
paper_outputs/ess_evidence_revision/cosmic/202507_block_00003.parquet,205355,c160ec05fb5623b8b3955948ded73a5e57781358fcb47f594c17597299d8ed14,local_only_not_in_this_repository
paper_outputs/ess_evidence_revision/cosmic/202507_block_00004.parquet,206524,754b27628ab07032500bbc8b769b4873385ec74c8123a154af1a9244c88fb6e5,local_only_not_in_this_repository
paper_outputs/ess_evidence_revision/cosmic/202507_block_00005.parquet,205695,0405d9acd971077d8599b88520a97edad718ffb2198d6ca4d567986a24cd3dee,local_only_not_in_this_repository
paper_outputs/ess_evidence_revision/cosmic/202507_block_00006.parquet,206261,75c91d4bf1a2de9fdccb92109d7089cd80a38c50cc78a7feed58aebfe40b8303,local_only_not_in_this_repository
paper_outputs/ess_evidence_revision/cosmic/202507_block_00007.parquet,205900,40fec8d5c5beea9f9a44f4815b3ecd5fedd9c6e0d14cc905a9679728b4189427,local_only_not_in_this_repository
paper_outputs/ess_evidence_revision/cosmic/202507_block_00008.parquet,205303,00d9f8d9c05baec82cd03467b54af3c57540322be2dea891ae24360d5d753c93,local_only_not_in_this_repository
paper_outputs/ess_evidence_revision/cosmic/202507_block_00009.parquet,204849,71118a0fc9fa7ace6edd341e5585d77401c58aa217d2d50806772494d455960f,local_only_not_in_this_repository
paper_outputs/ess_evidence_revision/cosmic/202507_block_00010.parquet,202035,1a988491366e827e9118ebb1fe8b41543757638d03dc61ab865a8ab1553689b8,local_only_not_in_this_repository
paper_outputs/ess_evidence_revision/cosmic/202507_block_00011.parquet,200104,a42ef1a3b42a018c87bcb44323b5581c27e430b273055ad3d38e0cfa808772d9,local_only_not_in_this_repository
paper_outputs/ess_evidence_revision/cosmic/202507_block_00012.parquet,205747,1014642c676edc6df03ba968a5a5d40ff324847f791a670bc69f0df96d8c46ed,local_only_not_in_this_repository
paper_outputs/ess_evidence_revision/cosmic/202507_block_00013.parquet,206319,96667d25231f140d625549dd34e7204b991457307ce769ee11269f7f0bbce88d,local_only_not_in_this_repository
paper_outputs/ess_evidence_revision/cosmic/202507_block_00014.parquet,204922,6dd52b367dee88adc1c11345ab464a6fe20b7251228dde90fe0c72884c4dc807,local_only_not_in_this_repository
paper_outputs/ess_evidence_revision/cosmic/202507_block_00015.parquet,200464,931be6271828bafb625621ae27201c563973ac356cd518d2537714dc35e39580,local_only_not_in_this_repository
paper_outputs/ess_evidence_revision/cosmic/202507_block_00016.parquet,207890,da720b84054de5bea554a42deb892c029ca1231ad79c45989241c515e03c8e2f,local_only_not_in_this_repository
paper_outputs/ess_evidence_revision/cosmic/202507_block_00017.parquet,202775,b5dc739638f5498102f4044c82773ef2dd0bc5a08791226e61528a549befa628,local_only_not_in_this_repository
paper_outputs/ess_evidence_revision/cosmic/202507_block_00018.parquet,35666,96b6abf91925da3322dd676ef77546034b497eb939956558a936c089dc5cd684,local_only_not_in_this_repository
paper_outputs/ess_evidence_revision/cosmic/202508_block_00000.parquet,204194,400f024b1e15e63fd16f2cdbb8a3e8d438dccab25c61a3df490d488f46c7f001,local_only_not_in_this_repository
paper_outputs/ess_evidence_revision/cosmic/202508_block_00001.parquet,202301,a43b4be5045331d14c9236a5fa8897f999200d855f84b357acde60731e6cb3fd,local_only_not_in_this_repository
paper_outputs/ess_evidence_revision/cosmic/202508_block_00002.parquet,204466,6a43f60465a262e035c618936064aad6cd4f634c2342dd675dddf36aed981051,local_only_not_in_this_repository
paper_outputs/ess_evidence_revision/cosmic/202508_block_00003.parquet,204262,3b554a07118e9f57398e1b95877d014e623728d231736dcfa344d7b3129650bb,local_only_not_in_this_repository
paper_outputs/ess_evidence_revision/cosmic/202508_block_00004.parquet,205535,858c8554291526d289714489e2e5f97391092e807460f6396ccad08742e1c0bd,local_only_not_in_this_repository
paper_outputs/ess_evidence_revision/cosmic/202508_block_00005.parquet,207424,3252a75457e850a91eb5b873e2ff284b3cfbb423170da8188dcf0bea6444e7dc,local_only_not_in_this_repository
paper_outputs/ess_evidence_revision/cosmic/202508_block_00006.parquet,205409,bb6678ed610de871539c2cd703b2d45c88a3b66ae967b259e20d6de9007375b6,local_only_not_in_this_repository
paper_outputs/ess_evidence_revision/cosmic/202508_block_00007.parquet,201843,538b2c2c3a9423e47cb79e3c96bc6654e7d2743e058efbc3484a2b96c9469ecc,local_only_not_in_this_repository
paper_outputs/ess_evidence_revision/cosmic/202508_block_00008.parquet,203913,b21a34d021fc1a87169f2210f6a86c433b97d81a2e5387f69e21c4b697c89426,local_only_not_in_this_repository
paper_outputs/ess_evidence_revision/cosmic/202508_block_00009.parquet,206879,3e8ff41a2d815bf2d7340323e866bf93febb643fb7785896596e345feb421c39,local_only_not_in_this_repository
paper_outputs/ess_evidence_revision/cosmic/202508_block_00010.parquet,205476,710f37c776f46f23cf9972ced77f2017c529d5d0b57d2ce9fbc90d9eb8bf20a7,local_only_not_in_this_repository
paper_outputs/ess_evidence_revision/cosmic/202508_block_00011.parquet,206068,5b2c70ff3c4e4107103736d4cc822199f46fa4659a83e1acbab8f2fd906b2d6f,local_only_not_in_this_repository
paper_outputs/ess_evidence_revision/cosmic/202508_block_00012.parquet,204253,162923124bf1c393ae8aa43a29efa1179d245bc197a8b705f47f0a8e9b9e465d,local_only_not_in_this_repository
paper_outputs/ess_evidence_revision/cosmic/202508_block_00013.parquet,205186,1589e145379462b769a62b33b66443fae751c32e74d78c631fcf01d8a050bbf9,local_only_not_in_this_repository
paper_outputs/ess_evidence_revision/cosmic/202508_block_00014.parquet,205439,f0783940596a974f60988b96f92a05a6e20bdd83fb396fe91e0ceabbd9e9bb3c,local_only_not_in_this_repository
paper_outputs/ess_evidence_revision/cosmic/202508_block_00015.parquet,205974,85d08d8ee2a519867cecb318635ea62fcf22e71d4cb3a190e867943d60a51693,local_only_not_in_this_repository
paper_outputs/ess_evidence_revision/cosmic/202508_block_00016.parquet,199955,2e061f9f4c81dbe93c45fbd626d1fe5a9cb2238a7235c95599e8bc57628d41d3,local_only_not_in_this_repository
paper_outputs/ess_evidence_revision/cosmic/202508_block_00017.parquet,204751,2f44542f31a0282d2bb23f3151eb2e57d3bbc68c6b7402ecb2639ce66988d045,local_only_not_in_this_repository
paper_outputs/ess_evidence_revision/cosmic/202508_block_00018.parquet,204156,786b873ef68370f5d9055266fdcee0a5b4454348bf79b4c026d50828f8346951,local_only_not_in_this_repository
paper_outputs/ess_evidence_revision/cosmic/202508_block_00019.parquet,203673,a2ce18afe93fe2c009c683cd76274e4230d43e6f02292e7fbec41057af488434,local_only_not_in_this_repository
paper_outputs/ess_evidence_revision/cosmic/202508_block_00020.parquet,206148,d49268d6e92205aeb57aa1dd56115ac610c113b632452e2b50a510a86ce67940,local_only_not_in_this_repository
paper_outputs/ess_evidence_revision/cosmic/202508_block_00021.parquet,202541,8892fc676603c3842f36aed7b94c12b86545045eeef23bcd7f996c6b97d98d49,local_only_not_in_this_repository
paper_outputs/ess_evidence_revision/cosmic/202508_block_00022.parquet,43596,fac3f510dd295c8d15817ce76a6bda28600d529171cbd0c39bdd13b73dbe6b4c,local_only_not_in_this_repository
paper_outputs/ess_evidence_revision/cosmic/202509_block_00000.parquet,202695,c0e0e6324c85723ef02609be3a8cc63aaec35ef897b21679bebc8ca666cd5b69,local_only_not_in_this_repository
paper_outputs/ess_evidence_revision/cosmic/202509_block_00001.parquet,203541,75b8ae5829937b1543e72a221db12e6bbb929d296d50dc8d4ce1ee9ff59dd405,local_only_not_in_this_repository
paper_outputs/ess_evidence_revision/cosmic/202509_block_00002.parquet,207678,f515c50e0c3271f86aeae6b187caf13d041f456a916381ce2afb85e9f1066c86,local_only_not_in_this_repository
paper_outputs/ess_evidence_revision/cosmic/202509_block_00003.parquet,205929,c85d461da9e1e664516f168bef6e5a538fad91282e1cbfeb735e0b38ee137cd6,local_only_not_in_this_repository
paper_outputs/ess_evidence_revision/cosmic/202509_block_00004.parquet,203076,94782298d81d3a4222ef6d062fddace786b8834dc46758db6eb88180f8326629,local_only_not_in_this_repository
paper_outputs/ess_evidence_revision/cosmic/202509_block_00005.parquet,205787,ae983f4bc77901920d46066af27116e288db1abce22e606f0f07bbe908bb6eed,local_only_not_in_this_repository
paper_outputs/ess_evidence_revision/cosmic/202509_block_00006.parquet,201713,0d084245ac598f4a8105649decc4c1e4542264269f65050c248f87324bd6877f,local_only_not_in_this_repository
paper_outputs/ess_evidence_revision/cosmic/202509_block_00007.parquet,202701,b1f75944da8466ff7da8c5b09f11b6d7ef2621ed97f988d12303154716177282,local_only_not_in_this_repository
paper_outputs/ess_evidence_revision/cosmic/202509_block_00008.parquet,205893,efaeae52056c2085c2ee28420f9af2f3b0abfe2f731647d826cb322fc6761c65,local_only_not_in_this_repository
paper_outputs/ess_evidence_revision/cosmic/202509_block_00009.parquet,203811,a6351efabd8ebd9ba2e3caad79aa82fa7df9b589427ec04b53669789dc657f29,local_only_not_in_this_repository
paper_outputs/ess_evidence_revision/cosmic/202509_block_00010.parquet,206504,743dccb46f721f84ad1218db5b3b7c58e0392fef550e18a16aec7a1c8bdb9ce5,local_only_not_in_this_repository
paper_outputs/ess_evidence_revision/cosmic/202509_block_00011.parquet,206016,59e92c9296f805ca352c89506952ac5af162b76baf603b5b3924932b90e730fa,local_only_not_in_this_repository
paper_outputs/ess_evidence_revision/cosmic/202509_block_00012.parquet,206430,f2b5bc52e19a9b80e2e5e755a917c6533f61a05366a365be250a71d625618f69,local_only_not_in_this_repository
paper_outputs/ess_evidence_revision/cosmic/202509_block_00013.parquet,206069,90014802acb2fff2b8999ac30a0f67064f32b8173e95a0ea0284ad28bced31ae,local_only_not_in_this_repository
paper_outputs/ess_evidence_revision/cosmic/202509_block_00014.parquet,207085,b4c26bc263b8e686f776aed738534254ed52121091d1fcbf18f437c2ccba4642,local_only_not_in_this_repository
paper_outputs/ess_evidence_revision/cosmic/202509_block_00015.parquet,205082,05e9d463400fb8f00f41ea0d92f26c5f08da4b0f2a168fec81fd8fb916616076,local_only_not_in_this_repository
paper_outputs/ess_evidence_revision/cosmic/202509_block_00016.parquet,202326,6fd296853a60a796ff8d5dc973a152500c0b9207fbb72c3c3782973d03ecb503,local_only_not_in_this_repository
paper_outputs/ess_evidence_revision/cosmic/202509_block_00017.parquet,203682,52649cbf13ffd44f434462f066ccaf88e57e996101c01d1eabf225264911f3d2,local_only_not_in_this_repository
paper_outputs/ess_evidence_revision/cosmic/202509_block_00018.parquet,204060,6f99ec3fcd2efbe5749be70b6a45be4c12a1af2ec9e96ed4ae25f133ca021434,local_only_not_in_this_repository
paper_outputs/ess_evidence_revision/cosmic/202509_block_00019.parquet,206318,d39d8dc14f78354a6579fea98c0e9627c70b490afdb18e257684d216d74a5dc2,local_only_not_in_this_repository
paper_outputs/ess_evidence_revision/cosmic/202509_block_00020.parquet,207067,d0f16067f76d95e399c7fe41566bcd0ddf863e63b7ac2ddb3adadf0a52f38413,local_only_not_in_this_repository
paper_outputs/ess_evidence_revision/cosmic/202509_block_00021.parquet,206325,b93aeea3ea2d418bf1c433c02e28df12298213a73d7742fe274d4b38de47059e,local_only_not_in_this_repository
paper_outputs/ess_evidence_revision/cosmic/202509_block_00022.parquet,204195,f6f43a01f589d965e309554a5ebcd83fd393e52d79d39b7b8e1683d088046895,local_only_not_in_this_repository
paper_outputs/ess_evidence_revision/cosmic/202509_block_00023.parquet,205507,e86bbc0eca93f3551e90e4b56ec329cca48e7e835a6435e88ffa4583fe63d49e,local_only_not_in_this_repository
paper_outputs/ess_evidence_revision/cosmic/202509_block_00024.parquet,206866,4964f2ba92a4caff59563e4c50d0f28ab5828d68d0bc56da3e0eae92fb38fe8e,local_only_not_in_this_repository
paper_outputs/ess_evidence_revision/cosmic/202509_block_00025.parquet,202936,6070e99eabbbd6dccbeed8979301fb5112f8466adbb6da88f3ee0bf6abf444ac,local_only_not_in_this_repository
paper_outputs/ess_evidence_revision/cosmic/202509_block_00026.parquet,202405,d57b55cacd28ab808119f9663b48922ddbc9ceafe582c9834c4e8a81698c2e2c,local_only_not_in_this_repository
paper_outputs/ess_evidence_revision/cosmic/202509_block_00027.parquet,204099,aff22dd3443a8cd72e8048b749e2589cc4f190e0a1db51004a28de4f837dc8b0,local_only_not_in_this_repository
paper_outputs/ess_evidence_revision/cosmic/202509_block_00028.parquet,55273,bd922c5d91d92b0a32708c73d25015d935fc1e493bc6a44e0e228afd2f383cfb,local_only_not_in_this_repository
paper_outputs/ess_evidence_revision/cosmic/202510_block_00000.parquet,205079,952dbfe0d023ada6ed95f6dd7f553fb8882da188e85095e1a1df3b190e65c064,local_only_not_in_this_repository
paper_outputs/ess_evidence_revision/cosmic/202510_block_00001.parquet,205267,3a6cfd511aaea036b1368c29ba53db43751687ce4e77a67679f109699bb4830a,local_only_not_in_this_repository
paper_outputs/ess_evidence_revision/cosmic/202510_block_00002.parquet,206340,e66cdb5fbd98fb22b6ca9bba0a2c7facac7a4d92d6e0325fe232bd903df8100e,local_only_not_in_this_repository
paper_outputs/ess_evidence_revision/cosmic/202510_block_00003.parquet,206723,8824b98c8b1f60d85537d6fd49ffa2f0060be405cca9529c13046e919ef67d73,local_only_not_in_this_repository
paper_outputs/ess_evidence_revision/cosmic/202510_block_00004.parquet,204146,1266b848eb9ebf6ad8e49ad581cce70058cef66eda97713b1e40869e4d0e64ab,local_only_not_in_this_repository
paper_outputs/ess_evidence_revision/cosmic/202510_block_00005.parquet,204400,0aba72998030ee7d3a463acc6c5b09a8827ec1d5a988a6fbdd401ec0e1a597d0,local_only_not_in_this_repository
paper_outputs/ess_evidence_revision/cosmic/202510_block_00006.parquet,203816,f4bc70ea4cb971a6e3ecff6f3843f76d8e64b59816fad93363890e34ef478434,local_only_not_in_this_repository
paper_outputs/ess_evidence_revision/cosmic/202510_block_00007.parquet,207569,3df50f0ec419bb93d5abe3d2046db9b6e90cf78a3cf1ca7d7ed571463eaa20c3,local_only_not_in_this_repository
paper_outputs/ess_evidence_revision/cosmic/202510_block_00008.parquet,207078,77650c8c1f6a9f390d642adf6c6c328ff867af63030a75b646a3a61c025301e0,local_only_not_in_this_repository
paper_outputs/ess_evidence_revision/cosmic/202510_block_00009.parquet,204468,ec79cc1e082a205ef96df6773d4f92aea704920fec96cebc1c4ad4c243518f57,local_only_not_in_this_repository
paper_outputs/ess_evidence_revision/cosmic/202510_block_00010.parquet,204206,6321ba8ab3e05ce144d2f88435e3fd47be841b50d079a4f6cd171f4887e2503d,local_only_not_in_this_repository
paper_outputs/ess_evidence_revision/cosmic/202510_block_00011.parquet,201523,7ceefbc897b49c909e1905e41153de3cf1f6c44481e457f8d2bc44c4b95a619f,local_only_not_in_this_repository
paper_outputs/ess_evidence_revision/cosmic/202510_block_00012.parquet,201543,c8b12ffe8f3a7b5a7e7cf0f57b5b823302a3968e64150db3bc28e0c359c42687,local_only_not_in_this_repository
paper_outputs/ess_evidence_revision/cosmic/202510_block_00013.parquet,205811,d7ab0076cf3521b66cab1c81d00ef8d053cfc1b7ffce72c1269cae8882d09d2f,local_only_not_in_this_repository
paper_outputs/ess_evidence_revision/cosmic/202510_block_00014.parquet,205856,2679877b1c41c21e483687cd06fc05f380bff80632437c28d039882237c3d63e,local_only_not_in_this_repository
paper_outputs/ess_evidence_revision/cosmic/202510_block_00015.parquet,206964,b50180734530b4a2494fd06d5aff30d6ae36cd601e094b0e3785667283216a0f,local_only_not_in_this_repository
paper_outputs/ess_evidence_revision/cosmic/202510_block_00016.parquet,204812,dd55c0f9438c98ef672f2f8754f3cc4fc36967dbd0878b1c5ef40e320c1a41d0,local_only_not_in_this_repository
paper_outputs/ess_evidence_revision/cosmic/202510_block_00017.parquet,204780,04e19912ea8e7382cd67dcab160e2bdf3cdd9d7354b58f8381e20a6638152774,local_only_not_in_this_repository
paper_outputs/ess_evidence_revision/cosmic/202510_block_00018.parquet,204100,36ddee7ff65459a9c6ded2ebd23d1832dde0f6166084005c872d623bcdea9a5b,local_only_not_in_this_repository
paper_outputs/ess_evidence_revision/cosmic/202510_block_00019.parquet,204544,3558fd269ab61599a69e2e1e2741dbeeb2a32e8ff900072f592077b4d1257902,local_only_not_in_this_repository
paper_outputs/ess_evidence_revision/cosmic/202510_block_00020.parquet,200282,e2bd322fbeb3d54eae484a878371615cc7fdffae2b5f42779927190620fef454,local_only_not_in_this_repository
paper_outputs/ess_evidence_revision/cosmic/202510_block_00021.parquet,205152,ae745ceb99d4f8780455bc692556a99965eaf7d36d4c2c84b2c90a2d2ddd5f33,local_only_not_in_this_repository
paper_outputs/ess_evidence_revision/cosmic/202510_block_00022.parquet,205890,5de72b15d55e9e727815759e852b96009650ba1722a1d8123a6fbb08ceacc386,local_only_not_in_this_repository
paper_outputs/ess_evidence_revision/cosmic/202510_block_00023.parquet,193111,91173b500db4a7dbdd7479536501ec77865a488bec67fc4cd3e9b70660deec3e,local_only_not_in_this_repository
paper_outputs/ess_evidence_revision/cosmic/202511_block_00000.parquet,200780,3fcadc89bb3ebb341b58edf12519eb10c693b31903285780c1b446db04f94109,local_only_not_in_this_repository
paper_outputs/ess_evidence_revision/cosmic/202511_block_00001.parquet,205936,0bc6b02ec4f07f0df61b5bd0a9f87d2e8fd613f35d0b30f2e6b14f330edbe2b9,local_only_not_in_this_repository
paper_outputs/ess_evidence_revision/cosmic/202511_block_00002.parquet,201456,aa34bee1635ad427187e3a0c79507fc5a4aa9dc3ea4257be03974c58f6634585,local_only_not_in_this_repository
paper_outputs/ess_evidence_revision/cosmic/202511_block_00003.parquet,207930,0825c5bb640bae144b5a93b4175b98a568523c5a8b518fa48c94240eac9d5aa6,local_only_not_in_this_repository
paper_outputs/ess_evidence_revision/cosmic/202511_block_00004.parquet,204477,7c459866987b334496eca92ae8c486e8b96ca26574d77339e13dfd7092ee87f8,local_only_not_in_this_repository
paper_outputs/ess_evidence_revision/cosmic/202511_block_00005.parquet,205280,2df9ba089ca2dbfd0a5ff414e6867cfae8dbace2cf9c5e94a90f7338f13bc2e9,local_only_not_in_this_repository
paper_outputs/ess_evidence_revision/cosmic/202511_block_00006.parquet,206205,36c9548c02be82b1b71c997e0a01164d8c512647187976e9549af610d0dbb5d6,local_only_not_in_this_repository
paper_outputs/ess_evidence_revision/cosmic/202511_block_00007.parquet,205911,bfe8bbc252a101c3f1b0b14accee309e2a59db770c3944b65b730a6a2f00ffb3,local_only_not_in_this_repository
paper_outputs/ess_evidence_revision/cosmic/202511_block_00008.parquet,204974,56f19aad305a5b7adcf564b810eeac0a148028afcb39004cd2790737fc367260,local_only_not_in_this_repository
paper_outputs/ess_evidence_revision/cosmic/202511_block_00009.parquet,205659,49feebe3b00bc005bcebbd6ecfc3382c8450318f9752fbb2e91bc6e7aea0bea1,local_only_not_in_this_repository
paper_outputs/ess_evidence_revision/cosmic/202511_block_00010.parquet,204874,16cc1cb023097abb88fde913580419040683af02e412c7e77c3af129ce718645,local_only_not_in_this_repository
paper_outputs/ess_evidence_revision/cosmic/202511_block_00011.parquet,207225,01ee0d9a816ee401e5c20f97dba33da62da45bc7dd18286eb32f51ad7467750b,local_only_not_in_this_repository
paper_outputs/ess_evidence_revision/cosmic/202511_block_00012.parquet,208824,bc4bf2cfb67fbc370baf7c06693e5b03b9bd75548f1753118a2fdb5aac1373d0,local_only_not_in_this_repository
paper_outputs/ess_evidence_revision/cosmic/202511_block_00013.parquet,205119,6efc61e812b39d3d86511c87e09eba26c36a0347e7336d9b305c8c88fa6a0f21,local_only_not_in_this_repository
paper_outputs/ess_evidence_revision/cosmic/202511_block_00014.parquet,207174,8a52a8225d26923c86dbb963c74e1ccf9528924eae3a6069b67a1a0d066a74b3,local_only_not_in_this_repository
paper_outputs/ess_evidence_revision/cosmic/202511_block_00015.parquet,201421,e39e851a42a169589775fb27e5dff38d36704ddd6dc3bb9afa56ea7b81e16a76,local_only_not_in_this_repository
paper_outputs/ess_evidence_revision/cosmic/202511_block_00016.parquet,204128,7407744a63b9be27a9089f7d53d0119e4507fffff86f71acc7ed585836174e74,local_only_not_in_this_repository
paper_outputs/ess_evidence_revision/cosmic/202511_block_00017.parquet,205576,1239dfda1eda3b02a1f2b8996e138bba4465fb40d528b82fad3edba82ac0fb2c,local_only_not_in_this_repository
paper_outputs/ess_evidence_revision/cosmic/202511_block_00018.parquet,206372,a3a75c6d42ba95cf378e9c34d5074d8a9a34d9a4b5b56794908bf416ba439ddb,local_only_not_in_this_repository
paper_outputs/ess_evidence_revision/cosmic/202511_block_00019.parquet,204414,85504136a0c5f8ed0aeae2d220d5a9e4e7a061f769fa1b851ff5cd405818fcf8,local_only_not_in_this_repository
paper_outputs/ess_evidence_revision/cosmic/202511_block_00020.parquet,91312,7990f47975e6eaf6704de44e87fadd60be22d97857f2a2c12ff6e169b37ef9d5,local_only_not_in_this_repository
paper_outputs/ess_evidence_revision/cosmic/202512_block_00000.parquet,203802,1e690bedbd80ad2d351afc4226dd452da58e330205fc49f3cdd5eadb0d57f2e0,local_only_not_in_this_repository
paper_outputs/ess_evidence_revision/cosmic/202512_block_00001.parquet,204561,3bd35c17346fadb246b9f02020763c77e0fe88727cb507c7ee3597fac526a149,local_only_not_in_this_repository
paper_outputs/ess_evidence_revision/cosmic/202512_block_00002.parquet,207172,935d0a329fa68358e27638c3a3b1b6f8a6dadf33e1bd9ef708744bff1efdc1f6,local_only_not_in_this_repository
paper_outputs/ess_evidence_revision/cosmic/202512_block_00003.parquet,205684,51e4ad8ca81ac744c53fdf376247df7abde2d3402b7878ffcccd812c819f1049,local_only_not_in_this_repository
paper_outputs/ess_evidence_revision/cosmic/202512_block_00004.parquet,204861,7e0ba5517c88e57c9bb534248de6debc123099f872341fbb0813e710ee38c09c,local_only_not_in_this_repository
paper_outputs/ess_evidence_revision/cosmic/202512_block_00005.parquet,205650,827bd50fde806ac8cf19303c654efbaad1463f5034416b59198d6673ba60a6d9,local_only_not_in_this_repository
paper_outputs/ess_evidence_revision/cosmic/202512_block_00006.parquet,201488,66754dee52acf7d3218e4bd487997e76bb512b66731b1eb67ee3b9d36c049f2e,local_only_not_in_this_repository
paper_outputs/ess_evidence_revision/cosmic/202512_block_00007.parquet,204282,228f42c18b291c83655e032616ca45e6d8f1eb12fddb254577cdf12d04166a81,local_only_not_in_this_repository
paper_outputs/ess_evidence_revision/cosmic/202512_block_00008.parquet,203446,62ab590d502cdf8a59999400d24fcb77d126cdb68892dc70b5500ba87afde8fa,local_only_not_in_this_repository
paper_outputs/ess_evidence_revision/cosmic/202512_block_00009.parquet,204981,7cbae95333e619936e1dcdbdde8c523386edf86d649656a31422e066c2b949a3,local_only_not_in_this_repository
paper_outputs/ess_evidence_revision/cosmic/202512_block_00010.parquet,206031,5663be918aa363fce5edee4c47175fb3f8d825d911f76b05bd1d9ae0abc95d88,local_only_not_in_this_repository
paper_outputs/ess_evidence_revision/cosmic/202512_block_00011.parquet,204548,13f27d2c987fcdaf89b646453c0d817f36294bcbcb901d122ecbc4968516968b,local_only_not_in_this_repository
paper_outputs/ess_evidence_revision/cosmic/202512_block_00012.parquet,205281,ffcd4d9c2c837b2127ec503b5c71d10ab2cf9fcfdf0bddd61bb0a375075fdbb8,local_only_not_in_this_repository
paper_outputs/ess_evidence_revision/cosmic/202512_block_00013.parquet,207007,13e6bf10900f7bf92dd5f7997f35c7d6b3722334c6c9bb6e954bb09c40773d25,local_only_not_in_this_repository
paper_outputs/ess_evidence_revision/cosmic/202512_block_00014.parquet,201601,74bab630f4048cd9c52c6d9fa8f4132ff2787a6562491679ddbb6675c5849394,local_only_not_in_this_repository
paper_outputs/ess_evidence_revision/cosmic/202512_block_00015.parquet,204790,5be94e731679a0e31a45397c5097acaf991dba6ff16aa7502a58fc3513e21a5d,local_only_not_in_this_repository
paper_outputs/ess_evidence_revision/cosmic/202512_block_00016.parquet,206876,d3b92dc01bd9c6437af4a6fc0a2e4bcf06772bd16ef7a147c5f0dd762e9b07ba,local_only_not_in_this_repository
paper_outputs/ess_evidence_revision/cosmic/202512_block_00017.parquet,206804,ceccb36890a5c8f4a778a2d69c7d4bdf28a5efef49bfa09032e3fb9a97b1fccb,local_only_not_in_this_repository
paper_outputs/ess_evidence_revision/cosmic/202512_block_00018.parquet,204160,0c71d270a18e4a76fda75c169d1080a2348eddc5d2073f9a0ea1c7f159a0d928,local_only_not_in_this_repository
paper_outputs/ess_evidence_revision/cosmic/202512_block_00019.parquet,206571,0f90295c44d9cec38eef7f589cbddb63e3e5350c4fce60fda940c70f53c4a25d,local_only_not_in_this_repository
paper_outputs/ess_evidence_revision/cosmic/202512_block_00020.parquet,205931,203543c35a7253d44756f01c5bcf5d36f79f630a4d058f85802b72b2b820174a,local_only_not_in_this_repository
paper_outputs/ess_evidence_revision/cosmic/202512_block_00021.parquet,205332,827f22f582c96483c5a8173864af339edead92b0d165d06fd318083e272bb9c2,local_only_not_in_this_repository
paper_outputs/ess_evidence_revision/cosmic/202512_block_00022.parquet,205209,a8829b13ffc131b3c29d23630ae31bb4f9116f84015c8e7d476032001ffb9caf,local_only_not_in_this_repository
paper_outputs/ess_evidence_revision/cosmic/202512_block_00023.parquet,205005,d0fa5514dfebdacb4ef9bf249979ec8cf7f4f1cce9211baaf6663765f9e9a6ae,local_only_not_in_this_repository
paper_outputs/ess_evidence_revision/cosmic/202512_block_00024.parquet,202819,61e404f3aff12656465290a55a6ad97def4ccbaa750d7a2d8026de50a72a517a,local_only_not_in_this_repository
paper_outputs/ess_evidence_revision/cosmic/202512_block_00025.parquet,162170,a1f2375a4db2339872c92f4de9625c532d23bc411e2f09bded4668cb559c06f9,local_only_not_in_this_repository
paper_outputs/ess_evidence_revision/dense_rapsodi/native_comparisons.parquet,14958861,b46191cacae15cd08d350b353a06fdd2fdc6ad4609c29d4ad1632ee68862f5db,local_only_not_in_this_repository
paper_outputs/ess_major_revision/experiments/formal/point/point_models.joblib,3773213,aa8776bcdcbc75b3971cf1a538fbc10f8bd5a959cf29859efa8833f7439b73fe,local_only_not_in_this_repository
paper_outputs/ess_major_revision/experiments/formal/point/space_time_holdout_hgb_components_no_utc.parquet,3423401,1cb97061cbdbd1243f4bb2c30801b0f0c00b9b31fe78a5631c3adcb5da4687d7,local_only_not_in_this_repository
paper_outputs/ess_major_revision/experiments/formal/point/space_time_holdout_hgb_components_utc.parquet,3493887,c2d8cf223c4fb383929c09e9876775e48477c9e1e5f54c79a8ca8d4f9e6e94d8,local_only_not_in_this_repository
paper_outputs/ess_major_revision/experiments/formal/point/space_time_holdout_hgb_total_no_utc.parquet,3393970,e8f6e0957ac9ce1487e0763c564831b4307c9890f0a73437f4008bdb5c00822c,local_only_not_in_this_repository
paper_outputs/ess_major_revision/experiments/formal/point/space_time_holdout_hgb_total_utc.parquet,3507380,536c20c9f71d6fef2639368bf8522b9459e3d0f1dc315001850050fa62df5233,local_only_not_in_this_repository
paper_outputs/ess_major_revision/experiments/formal/point/space_time_holdout_ridge_no_utc.parquet,4096253,93e7a11e36d8e5f348458b94ac3dfd6e78e455887891a6a3b2b950121242813a,local_only_not_in_this_repository
paper_outputs/ess_major_revision/experiments/formal/point/space_time_holdout_ridge_utc.parquet,4096253,e5faae2443b28523fb68d7245375c4f3be113bc2b3dcdcdf74dcde653b89b40a,local_only_not_in_this_repository
paper_outputs/ess_major_revision/experiments/formal/point/spatial_station_disjoint_hgb_components_no_utc.parquet,4448429,7b6568417287d745d9c173358e235d3ff195b25824c6808830c93b48050280f0,local_only_not_in_this_repository
paper_outputs/ess_major_revision/experiments/formal/point/spatial_station_disjoint_hgb_components_utc.parquet,4562617,4d4be1243fb4dc91fb653218cd2165a09e5309ddbb30acf391eb8f61a7a83695,local_only_not_in_this_repository
paper_outputs/ess_major_revision/experiments/formal/point/spatial_station_disjoint_hgb_total_no_utc.parquet,4358647,ab07bd3ad51d8c32477c23688345625974369e5e005ca7a23d384ed5da568472,local_only_not_in_this_repository
paper_outputs/ess_major_revision/experiments/formal/point/spatial_station_disjoint_hgb_total_utc.parquet,4485253,837c5932d8e00277a6da56df2b8c31ceca51a01f1514d0356e3500a890d5de87,local_only_not_in_this_repository
paper_outputs/ess_major_revision/experiments/formal/point/spatial_station_disjoint_ridge_no_utc.parquet,5240881,c215a506a7ed160050a10f80106bd78b66d30cc5bdfec8ad53c71a156719fa9f,local_only_not_in_this_repository
paper_outputs/ess_major_revision/experiments/formal/point/spatial_station_disjoint_ridge_utc.parquet,5240881,ad51a93218e21dd81c2300ee0ef6bdb29feefcba682a96dd5664971a87acfb2a,local_only_not_in_this_repository
paper_outputs/ess_major_revision/experiments/formal/point/temporal_holdout_hgb_components_no_utc.parquet,13265964,8fd9f20d48ba32e6e1fdacac7efbcdacadc637df6caf6d5976a749f46340f558,local_only_not_in_this_repository
paper_outputs/ess_major_revision/experiments/formal/point/temporal_holdout_hgb_components_utc.parquet,13760138,7a68b747f1fc0c3a9dc8e4cf40defb34c4137b4ccc476733e3f0523958549fac,local_only_not_in_this_repository
paper_outputs/ess_major_revision/experiments/formal/point/temporal_holdout_hgb_total_no_utc.parquet,13108718,2048e38e36ebbe203c886547f153e6a2280945cb6c36ffb32830164ec193ad70,local_only_not_in_this_repository
paper_outputs/ess_major_revision/experiments/formal/point/temporal_holdout_hgb_total_utc.parquet,13612328,0acce311a24290c1c198ece4fd12c60649c6e8ba5ec0d0eded370b7a1bc0bf3d,local_only_not_in_this_repository
paper_outputs/ess_major_revision/experiments/formal/point/temporal_holdout_ridge_no_utc.parquet,15901993,59a13698e494de2da383c98121b716a90ef9024917ea19a0478973274800d881,local_only_not_in_this_repository
paper_outputs/ess_major_revision/experiments/formal/point/temporal_holdout_ridge_utc.parquet,15901993,11736bb26a67ad6c60b735afd882f142cc0f17762456f42bdd2dcd3804df8696,local_only_not_in_this_repository
paper_outputs/ess_reviewer_revision/component_predictions.parquet,11741014,3034875a1f1bc18dec50956f3dddea818b147c8d55ccccb2f55774d52dcfee05,local_only_not_in_this_repository
paper_outputs/ess_reviewer_revision/conditional_coverage_rows.parquet,7961807,09d2a75d65779a12c322d46dca2afb813360e9e989131fd7ec7b90c4e9b60575,local_only_not_in_this_repository
paper_outputs/ess_reviewer_revision/humidity_row_audit.parquet,161322,d394c27acba765100b835a3579fda7a10ac733cebe2f3602a3a9905cf89b8d42,local_only_not_in_this_repository
paper_outputs/ess_reviewer_revision/keyed_profile_scores.parquet,1377591,05ed3daed6848d3cdedac3d701cb10ab8a8283f291e66b460a955c8ad40e7294,local_only_not_in_this_repository
results_mapping/revision2_confirmatory/space_time_holdout/hgb_prob_hetero_structured_run42/model.joblib,16888517,861327cf374f44681b314b25119695a25a526b560967303aabb2ced043ce3832,local_only_not_in_this_repository
results_mapping/revision2_confirmatory/space_time_holdout/hgb_prob_hetero_structured_run42/predictions.parquet,31237306,6802e6650e5a9d9aac29b4158bd4235823a02b350d7117add0bc871ea4a55edd,local_only_not_in_this_repository
results_mapping/revision2_confirmatory/space_time_holdout/hgb_prob_hetero_structured_run42/profile_covariance.parquet,8576111,c405a41c2a7c793494a5217be92873a933767e49608bea8d9a927107087a3b42,local_only_not_in_this_repository
results_mapping/revision2_confirmatory/space_time_holdout/hgb_run42/model.joblib,2227961,6a458b1c654663707c9011a7a049d8d83b600b0e41ac99fc27cecbbf7dff7066,local_only_not_in_this_repository
results_mapping/revision2_confirmatory/space_time_holdout/hgb_run42/predictions.parquet,24742578,4f23fb629659e9a35e289a40e737eab885f847dd38e7c46cc95e4274d74458e5,local_only_not_in_this_repository
results_mapping/revision2_confirmatory/spatial_station_disjoint/hgb_prob_hetero_structured_run42/model.joblib,16888517,24a0d15dcfdd5e1f900bae203ced46400f73c1e491c354ccb5b2b52a67a31f1e,local_only_not_in_this_repository
results_mapping/revision2_confirmatory/spatial_station_disjoint/hgb_prob_hetero_structured_run42/predictions.parquet,39677840,d5d2bd36abf5bff314ca65136644c5cafe06a57bac6eeff6af87e17d53b222c8,local_only_not_in_this_repository
results_mapping/revision2_confirmatory/spatial_station_disjoint/hgb_prob_hetero_structured_run42/profile_covariance.parquet,11283420,34f9901e3bc4ab9dc148247c879a170a1e9e5f0ffa139982cf342bf68379e242,local_only_not_in_this_repository
results_mapping/revision2_confirmatory/spatial_station_disjoint/hgb_run42/model.joblib,2227961,6a458b1c654663707c9011a7a049d8d83b600b0e41ac99fc27cecbbf7dff7066,local_only_not_in_this_repository
results_mapping/revision2_confirmatory/spatial_station_disjoint/hgb_run42/predictions.parquet,31342947,1bf91340f5f48bb5b84ba95f3d7e0ec23221f74ef4a3f17397e02884350b918e,local_only_not_in_this_repository
results_mapping/revision2_confirmatory/temporal_holdout/hgb_prob_hetero_structured_run42/model.joblib,16888518,1f42ee80793e6035cebc018b1cec77f6ecf4a92ab208639d7b519be67da0da59,local_only_not_in_this_repository
results_mapping/revision2_confirmatory/temporal_holdout/hgb_prob_hetero_structured_run42/predictions.parquet,120291825,6d6a2fc4a425ba19818731b6429fb32291197c2afef5e57f6d21363f0ecd1200,local_only_not_in_this_repository
results_mapping/revision2_confirmatory/temporal_holdout/hgb_prob_hetero_structured_run42/profile_covariance.parquet,35065619,da54870e1733e6cf609460c898cfe2f6b4c0c138b33ad79c6c64aabea03ce312,local_only_not_in_this_repository
results_mapping/revision2_confirmatory/temporal_holdout/hgb_run42/model.joblib,2227961,6a458b1c654663707c9011a7a049d8d83b600b0e41ac99fc27cecbbf7dff7066,local_only_not_in_this_repository
results_mapping/revision2_confirmatory/temporal_holdout/hgb_run42/predictions.parquet,94984316,571f4f91ffdc5290326ee79d44a68faa46b8bd7fe588ea616780b5aebdd7ced7,local_only_not_in_this_repository
results_mapping/revision2_ess_repair/diagnostics/thermo_rapsodi.parquet,41760,13136dc2af24233bd6c4b719073b89e1ed6d07b4bf1cfa933cdc4af415704c98,local_only_not_in_this_repository
results_mapping/revision2_ess_repair/diagnostics/thermo_space_time_holdout.parquet,5599515,4ebaea47abc6da4bf235c096296bff511573d58f269be6dc12954ee3d32d3398,local_only_not_in_this_repository
results_mapping/revision2_ess_repair/diagnostics/thermo_spatial_station_disjoint.parquet,7148636,3295aaed4fa3d978f5cd738dd8e16a33ac1c3ee610afe1f5415e8c4a62244bab,local_only_not_in_this_repository
