block,role,station_id
lat1_lon2,evaluation,ASM00094637
lat1_lon2,evaluation,ASM00094659
lat1_lon2,evaluation,ASM00094672
lat1_lon2,evaluation,ASM00094711
lat1_lon2,evaluation,ASM00094866
lat1_lon2,evaluation,ASM00094910
lat1_lon2,evaluation,ASM00094995
lat1_lon2,evaluation,ASM00094998
lat1_lon2,evaluation,ATM00094005
lat1_lon2,evaluation,NZM00093112
lat1_lon2,evaluation,NZM00093417
lat1_lon2,evaluation,NZM00093844
lat1_lon2,training,AGM00060680
lat1_lon2,training,AOM00066160
lat1_lon2,training,AQM00091765
lat1_lon2,training,ARM00087155
lat1_lon2,training,ARM00087344
lat1_lon2,training,ARM00087623
lat1_lon2,training,ARM00087715
lat1_lon2,training,ASM00094170
lat1_lon2,training,ASM00094203
lat1_lon2,training,ASM00094302
lat1_lon2,training,ASM00094312
lat1_lon2,training,ASM00094403
lat1_lon2,training,ASM00094430
lat1_lon2,training,ASM00094461
lat1_lon2,training,ASM00094510
lat1_lon2,training,ASM00094578
lat1_lon2,training,ASM00094610
lat1_lon2,training,ASM00094802
lat1_lon2,training,ATM00095282
lat1_lon2,training,AYM00089062
lat1_lon2,training,AYM00089564
lat1_lon2,training,AYM00089571
lat1_lon2,training,AYM00089611
lat1_lon2,training,AYM00089664
lat1_lon2,training,BDM00078016
lat1_lon2,training,BEM00006458
lat1_lon2,training,BGM00041923
lat1_lon2,training,BHM00078583
lat1_lon2,training,BRM00082026
lat1_lon2,training,BRM00082099
lat1_lon2,training,BRM00082193
lat1_lon2,training,BRM00082244
lat1_lon2,training,BRM00082332
lat1_lon2,training,BRM00082532
lat1_lon2,training,BRM00082705
lat1_lon2,training,BRM00082965
lat1_lon2,training,BRM00083525
lat1_lon2,training,BRM00083566
lat1_lon2,training,BRM00083612
lat1_lon2,training,BRM00083649
lat1_lon2,training,BRM00083840
lat1_lon2,training,BRM00083937
lat1_lon2,training,CAM00071109
lat1_lon2,training,CAM00071603
lat1_lon2,training,CAM00071722
lat1_lon2,training,CAM00071802
lat1_lon2,training,CAM00071816
lat1_lon2,training,CAM00071867
lat1_lon2,training,CAM00071906
lat1_lon2,training,CAM00071907
lat1_lon2,training,CAM00071908
lat1_lon2,training,CAM00071909
lat1_lon2,training,CAM00071913
lat1_lon2,training,CAM00071917
lat1_lon2,training,CAM00071925
lat1_lon2,training,CAM00071934
lat1_lon2,training,CAM00071957
lat1_lon2,training,CAM00073033
lat1_lon2,training,CAM00073110
lat1_lon2,training,CFM00064400
lat1_lon2,training,CHM00050527
lat1_lon2,training,CHM00050557
lat1_lon2,training,CHM00050774
lat1_lon2,training,CHM00050953
lat1_lon2,training,CHM00051076
lat1_lon2,training,CHM00051243
lat1_lon2,training,CHM00051431
lat1_lon2,training,CHM00051463
lat1_lon2,training,CHM00051644
lat1_lon2,training,CHM00051656
lat1_lon2,training,CHM00051709
lat1_lon2,training,CHM00051777
lat1_lon2,training,CHM00051839
lat1_lon2,training,CHM00052533
lat1_lon2,training,CHM00052681
lat1_lon2,training,CHM00052866
lat1_lon2,training,CHM00052983
lat1_lon2,training,CHM00053463
lat1_lon2,training,CHM00053543
lat1_lon2,training,CHM00053614
lat1_lon2,training,CHM00053772
lat1_lon2,training,CHM00053845
lat1_lon2,training,CHM00053915
lat1_lon2,training,CHM00054102
lat1_lon2,training,CHM00054135
lat1_lon2,training,CHM00054218
lat1_lon2,training,CHM00054292
lat1_lon2,training,CHM00054340
lat1_lon2,training,CHM00054374
lat1_lon2,training,CHM00054662
lat1_lon2,training,CHM00054727
lat1_lon2,training,CHM00056080
lat1_lon2,training,CHM00056571
lat1_lon2,training,CHM00056739
lat1_lon2,training,CHM00056964
lat1_lon2,training,CHM00056985
lat1_lon2,training,CHM00057083
lat1_lon2,training,CHM00057127
lat1_lon2,training,CHM00057461
lat1_lon2,training,CHM00057494
lat1_lon2,training,CHM00057516
lat1_lon2,training,CHM00057541
lat1_lon2,training,CHM00057972
lat1_lon2,training,CHM00058203
lat1_lon2,training,CHM00058238
lat1_lon2,training,CHM00058457
lat1_lon2,training,CHM00058606
lat1_lon2,training,CHM00058633
lat1_lon2,training,CHM00058725
lat1_lon2,training,CHM00059265
lat1_lon2,training,CHM00059280
lat1_lon2,training,CHM00059293
lat1_lon2,training,CIM00085442
lat1_lon2,training,CIM00085586
lat1_lon2,training,CIM00085799
lat1_lon2,training,CKM00096996
lat1_lon2,training,COM00080001
lat1_lon2,training,COM00080222
lat1_lon2,training,COM00080398
lat1_lon2,training,EIM00003953
lat1_lon2,training,ENM00026038
lat1_lon2,training,EZM00011520
lat1_lon2,training,EZM00011747
lat1_lon2,training,FGM00081405
lat1_lon2,training,FJM00091680
lat1_lon2,training,FKM00088889
lat1_lon2,training,FMM00091334
lat1_lon2,training,FMM00091348
lat1_lon2,training,FOM00006011
lat1_lon2,training,FPM00091938
lat1_lon2,training,FRM00007110
lat1_lon2,training,FRM00007145
lat1_lon2,training,FRM00007510
lat1_lon2,training,FRM00007645
lat1_lon2,training,FRM00007761
lat1_lon2,training,GLM00004270
lat1_lon2,training,GMM00010035
lat1_lon2,training,GMM00010113
lat1_lon2,training,GMM00010184
lat1_lon2,training,GMM00010238
lat1_lon2,training,GMM00010304
lat1_lon2,training,GMM00010393
lat1_lon2,training,GMM00010410
lat1_lon2,training,GMM00010548
lat1_lon2,training,GMM00010618
lat1_lon2,training,GMM00010739
lat1_lon2,training,GMM00010868
lat1_lon2,training,GMM00010954
lat1_lon2,training,GPM00078897
lat1_lon2,training,GQM00091212
lat1_lon2,training,GRM00016622
lat1_lon2,training,GRM00016716
lat1_lon2,training,HKM00045004
lat1_lon2,training,HRM00014430
lat1_lon2,training,HUM00012843
lat1_lon2,training,HUM00012982
lat1_lon2,training,IDM00096237
lat1_lon2,training,IDM00096509
lat1_lon2,training,IDM00096581
lat1_lon2,training,IDM00096749
lat1_lon2,training,IDM00096935
lat1_lon2,training,IDM00097372
lat1_lon2,training,IDM00097980
lat1_lon2,training,INM00042111
lat1_lon2,training,INM00042220
lat1_lon2,training,INM00042348
lat1_lon2,training,INM00042410
lat1_lon2,training,INM00042623
lat1_lon2,training,INM00042647
lat1_lon2,training,INM00042675
lat1_lon2,training,INM00042809
lat1_lon2,training,INM00042886
lat1_lon2,training,INM00042971
lat1_lon2,training,INM00043003
lat1_lon2,training,INM00043049
lat1_lon2,training,INM00043063
lat1_lon2,training,INM00043128
lat1_lon2,training,INM00043150
lat1_lon2,training,INM00043346
lat1_lon2,training,INM00043353
lat1_lon2,training,INM00043371
lat1_lon2,training,IRM00040766
lat1_lon2,training,IRM00040809
lat1_lon2,training,IRM00040856
lat1_lon2,training,ITM00016045
lat1_lon2,training,ITM00016064
lat1_lon2,training,ITM00016113
lat1_lon2,training,ITM00016144
lat1_lon2,training,ITM00016245
lat1_lon2,training,IVM00065548
lat1_lon2,training,IZM00040650
lat1_lon2,training,JAM00047401
lat1_lon2,training,JAM00047582
lat1_lon2,training,JAM00047646
lat1_lon2,training,JAM00047678
lat1_lon2,training,JAM00047741
lat1_lon2,training,JAM00047807
lat1_lon2,training,JAM00047918
lat1_lon2,training,JAM00047945
lat1_lon2,training,JAM00047971
lat1_lon2,training,JAM00047991
lat1_lon2,training,JNM00001001
lat1_lon2,training,KSM00047138
lat1_lon2,training,KSM00047155
lat1_lon2,training,KSM00047169
lat1_lon2,training,KSM00047186
lat1_lon2,training,KZM00028951
lat1_lon2,training,KZM00035229
lat1_lon2,training,KZM00035671
lat1_lon2,training,KZM00035700
lat1_lon2,training,KZM00036003
lat1_lon2,training,KZM00036872
lat1_lon2,training,KZM00038064
lat1_lon2,training,KZM00038341
lat1_lon2,training,LHM00026629
lat1_lon2,training,MGM00044212
lat1_lon2,training,MGM00044231
lat1_lon2,training,MGM00044292
lat1_lon2,training,MGM00044373
lat1_lon2,training,MLM00061291
lat1_lon2,training,MOM00060155
lat1_lon2,training,MOM00060253
lat1_lon2,training,MXM00076458
lat1_lon2,training,MXM00076526
lat1_lon2,training,MXM00076595
lat1_lon2,training,MXM00076612
lat1_lon2,training,MXM00076679
lat1_lon2,training,MXM00076692
lat1_lon2,training,MYM00048601
lat1_lon2,training,MYM00048615
lat1_lon2,training,MYM00096441
lat1_lon2,training,MYM00096481
lat1_lon2,training,NCM00091592
lat1_lon2,training,NFM00094996
lat1_lon2,training,NGM00061024
lat1_lon2,training,NGM00061052
lat1_lon2,training,NLM00006260
lat1_lon2,training,NOM00001241
lat1_lon2,training,NOM00001400
lat1_lon2,training,NOM00001415
lat1_lon2,training,PFM00059981
lat1_lon2,training,PLM00012575
lat1_lon2,training,PMM00078807
lat1_lon2,training,POM00008508
lat1_lon2,training,POM00008522
lat1_lon2,training,REM00061980
lat1_lon2,training,ROM00015420
lat1_lon2,training,RPM00098223
lat1_lon2,training,RPM00098233
lat1_lon2,training,RPM00098433
lat1_lon2,training,RPM00098444
lat1_lon2,training,RQM00078526
lat1_lon2,training,RSM00020046
lat1_lon2,training,RSM00020674
lat1_lon2,training,RSM00021824
lat1_lon2,training,RSM00022008
lat1_lon2,training,RSM00022217
lat1_lon2,training,RSM00022543
lat1_lon2,training,RSM00022845
lat1_lon2,training,RSM00023078
lat1_lon2,training,RSM00023205
lat1_lon2,training,RSM00023330
lat1_lon2,training,RSM00023415
lat1_lon2,training,RSM00023472
lat1_lon2,training,RSM00023802
lat1_lon2,training,RSM00023933
lat1_lon2,training,RSM00023955
lat1_lon2,training,RSM00024507
lat1_lon2,training,RSM00024641
lat1_lon2,training,RSM00024688
lat1_lon2,training,RSM00024726
lat1_lon2,training,RSM00024959
lat1_lon2,training,RSM00025403
lat1_lon2,training,RSM00025703
lat1_lon2,training,RSM00025913
lat1_lon2,training,RSM00026075
lat1_lon2,training,RSM00026298
lat1_lon2,training,RSM00026708
lat1_lon2,training,RSM00027038
lat1_lon2,training,RSM00027199
lat1_lon2,training,RSM00027707
lat1_lon2,training,RSM00027713
lat1_lon2,training,RSM00027730
lat1_lon2,training,RSM00028225
lat1_lon2,training,RSM00029263
lat1_lon2,training,RSM00029282
lat1_lon2,training,RSM00029572
lat1_lon2,training,RSM00029612
lat1_lon2,training,RSM00029839
lat1_lon2,training,RSM00029862
lat1_lon2,training,RSM00030054
lat1_lon2,training,RSM00030309
lat1_lon2,training,RSM00030557
lat1_lon2,training,RSM00030635
lat1_lon2,training,RSM00031088
lat1_lon2,training,RSM00031510
lat1_lon2,training,RSM00031538
lat1_lon2,training,RSM00031770
lat1_lon2,training,RSM00031873
lat1_lon2,training,RSM00032061
lat1_lon2,training,RSM00032098
lat1_lon2,training,RSM00032150
lat1_lon2,training,RSM00032389
lat1_lon2,training,RSM00032477
lat1_lon2,training,RSM00032540
lat1_lon2,training,RSM00032618
lat1_lon2,training,RSM00034172
lat1_lon2,training,RSM00034731
lat1_lon2,training,RSM00034858
lat1_lon2,training,RSM00034882
lat1_lon2,training,RSM00035121
lat1_lon2,training,RSM00037011
lat1_lon2,training,SAM00040373
lat1_lon2,training,SAM00040375
lat1_lon2,training,SAM00040394
lat1_lon2,training,SAM00040417
lat1_lon2,training,SAM00040430
lat1_lon2,training,SFM00068263
lat1_lon2,training,SFM00068512
lat1_lon2,training,SFM00068842
lat1_lon2,training,SHM00061901
lat1_lon2,training,SHM00068906
lat1_lon2,training,SNM00048698
lat1_lon2,training,SPM00008001
lat1_lon2,training,SPM00008023
lat1_lon2,training,SPM00008190
lat1_lon2,training,SPM00008221
lat1_lon2,training,SPM00008302
lat1_lon2,training,SPM00008383
lat1_lon2,training,SPM00008430
lat1_lon2,training,SWM00002591
lat1_lon2,training,SZM00006610
lat1_lon2,training,THM00048327
lat1_lon2,training,THM00048378
lat1_lon2,training,THM00048381
lat1_lon2,training,THM00048431
lat1_lon2,training,THM00048453
lat1_lon2,training,THM00048480
lat1_lon2,training,TUM00017064
lat1_lon2,training,TUM00017095
lat1_lon2,training,TUM00017220
lat1_lon2,training,TUM00017240
lat1_lon2,training,UKM00003005
lat1_lon2,training,UKM00003238
lat1_lon2,training,UKM00003918
lat1_lon2,training,USM00070026
lat1_lon2,training,USM00070200
lat1_lon2,training,USM00070219
lat1_lon2,training,USM00070261
lat1_lon2,training,USM00070273
lat1_lon2,training,USM00070308
lat1_lon2,training,USM00070350
lat1_lon2,training,USM00072201
lat1_lon2,training,USM00072202
lat1_lon2,training,USM00072206
lat1_lon2,training,USM00072208
lat1_lon2,training,USM00072210
lat1_lon2,training,USM00072215
lat1_lon2,training,USM00072235
lat1_lon2,training,USM00072240
lat1_lon2,training,USM00072248
lat1_lon2,training,USM00072249
lat1_lon2,training,USM00072251
lat1_lon2,training,USM00072261
lat1_lon2,training,USM00072265
lat1_lon2,training,USM00072293
lat1_lon2,training,USM00072317
lat1_lon2,training,USM00072327
lat1_lon2,training,USM00072357
lat1_lon2,training,USM00072364
lat1_lon2,training,USM00072376
lat1_lon2,training,USM00072393
lat1_lon2,training,USM00072402
lat1_lon2,training,USM00072403
lat1_lon2,training,USM00072426
lat1_lon2,training,USM00072440
lat1_lon2,training,USM00072451
lat1_lon2,training,USM00072456
lat1_lon2,training,USM00072476
lat1_lon2,training,USM00072493
lat1_lon2,training,USM00072518
lat1_lon2,training,USM00072520
lat1_lon2,training,USM00072582
lat1_lon2,training,USM00072597
lat1_lon2,training,USM00072632
lat1_lon2,training,USM00072634
lat1_lon2,training,USM00072645
lat1_lon2,training,USM00072659
lat1_lon2,training,USM00072662
lat1_lon2,training,USM00072672
lat1_lon2,training,USM00072681
lat1_lon2,training,USM00072694
lat1_lon2,training,USM00072712
lat1_lon2,training,USM00072764
lat1_lon2,training,USM00072768
lat1_lon2,training,USM00074560
lat1_lon2,training,USM00074646
lat1_lon2,training,USM00091165
lat1_lon2,training,USM00091285
lat1_lon2,training,VMM00048820
lat1_lon2,training,VMM00048855
lat1_lon2,early_validation,AEM00041217
lat1_lon2,early_validation,ASM00095527
lat1_lon2,early_validation,ATM00094001
lat1_lon2,early_validation,AYM00089592
lat1_lon2,early_validation,AYM00089642
lat1_lon2,early_validation,BBM00078954
lat1_lon2,early_validation,BRM00082107
lat1_lon2,early_validation,BRM00082824
lat1_lon2,early_validation,BRM00083779
lat1_lon2,early_validation,CAM00071081
lat1_lon2,early_validation,CAM00071823
lat1_lon2,early_validation,CHM00052203
lat1_lon2,early_validation,CHM00052267
lat1_lon2,early_validation,CHM00052418
lat1_lon2,early_validation,CHM00054857
lat1_lon2,early_validation,CHM00056187
lat1_lon2,early_validation,CHM00056778
lat1_lon2,early_validation,CHM00057245
lat1_lon2,early_validation,CHM00057687
lat1_lon2,early_validation,CHM00058362
lat1_lon2,early_validation,CHM00058424
lat1_lon2,early_validation,CHM00059134
lat1_lon2,early_validation,CIM00085934
lat1_lon2,early_validation,DRM00078486
lat1_lon2,early_validation,IDM00097502
lat1_lon2,early_validation,INM00042314
lat1_lon2,early_validation,IRM00040706
lat1_lon2,early_validation,ITM00016332
lat1_lon2,early_validation,JAM00047827
lat1_lon2,early_validation,JAM00047909
lat1_lon2,early_validation,KZM00035394
lat1_lon2,early_validation,MLM00048811
lat1_lon2,early_validation,MXM00076654
lat1_lon2,early_validation,MYM00048657
lat1_lon2,early_validation,MYM00096413
lat1_lon2,early_validation,MYM00096471
lat1_lon2,early_validation,PLM00012425
lat1_lon2,early_validation,POM00008536
lat1_lon2,early_validation,QAM00041169
lat1_lon2,early_validation,RSM00022522
lat1_lon2,early_validation,RSM00024343
lat1_lon2,early_validation,RSM00025123
lat1_lon2,early_validation,RSM00026477
lat1_lon2,early_validation,RSM00027962
lat1_lon2,early_validation,RSM00028275
lat1_lon2,early_validation,RSM00029231
lat1_lon2,early_validation,RSM00032215
lat1_lon2,early_validation,RSM00034009
lat1_lon2,early_validation,RSM00034247
lat1_lon2,early_validation,RSM00034467
lat1_lon2,early_validation,RSM00036096
lat1_lon2,early_validation,SFM00068816
lat1_lon2,early_validation,THM00048407
lat1_lon2,early_validation,TUM00017030
lat1_lon2,early_validation,TUM00017196
lat1_lon2,early_validation,UKM00003808
lat1_lon2,early_validation,USM00070361
lat1_lon2,early_validation,USM00070398
lat1_lon2,early_validation,USM00072489
lat1_lon2,early_validation,USM00072501
lat1_lon2,early_validation,USM00072558
lat1_lon2,early_validation,USM00072572
lat1_lon2,early_validation,USM00072747
lat1_lon2,early_validation,USM00074389
lat1_lon2,calibration,AGM00060390
lat1_lon2,calibration,ARM00087860
lat1_lon2,calibration,AYM00089532
lat1_lon2,calibration,BRM00082022
lat1_lon2,calibration,BRM00083827
lat1_lon2,calibration,BRM00083899
lat1_lon2,calibration,CAM00071043
lat1_lon2,calibration,CAM00071119
lat1_lon2,calibration,CAM00071845
lat1_lon2,calibration,CAM00071924
lat1_lon2,calibration,CHM00053513
lat1_lon2,calibration,CHM00054161
lat1_lon2,calibration,CHM00054511
lat1_lon2,calibration,CHM00056492
lat1_lon2,calibration,CHM00056651
lat1_lon2,calibration,CHM00058027
lat1_lon2,calibration,CHM00058150
lat1_lon2,calibration,CHM00058665
lat1_lon2,calibration,CHM00058847
lat1_lon2,calibration,CHM00059023
lat1_lon2,calibration,FMM00091413
lat1_lon2,calibration,FPM00091925
lat1_lon2,calibration,GLM00004220
lat1_lon2,calibration,HRM00014240
lat1_lon2,calibration,IDM00097180
lat1_lon2,calibration,INM00042339
lat1_lon2,calibration,INM00043185
lat1_lon2,calibration,IRM00040841
lat1_lon2,calibration,ITM00016546
lat1_lon2,calibration,JAM00047412
lat1_lon2,calibration,KEM00063741
lat1_lon2,calibration,KSM00047230
lat1_lon2,calibration,MXM00076256
lat1_lon2,calibration,MXM00076644
lat1_lon2,calibration,PLM00012374
lat1_lon2,calibration,PSM00091408
lat1_lon2,calibration,RSM00022271
lat1_lon2,calibration,RSM00023884
lat1_lon2,calibration,RSM00023921
lat1_lon2,calibration,RSM00024122
lat1_lon2,calibration,RSM00024908
lat1_lon2,calibration,RSM00026781
lat1_lon2,calibration,RSM00027594
lat1_lon2,calibration,RSM00027995
lat1_lon2,calibration,RSM00028445
lat1_lon2,calibration,RSM00028695
lat1_lon2,calibration,RSM00028722
lat1_lon2,calibration,RSM00029634
lat1_lon2,calibration,RSM00031300
lat1_lon2,calibration,SAM00041112
lat1_lon2,calibration,SVM00001028
lat1_lon2,calibration,THM00048500
lat1_lon2,calibration,UKM00003354
lat1_lon2,calibration,USM00070316
lat1_lon2,calibration,USM00070326
lat1_lon2,calibration,USM00072230
lat1_lon2,calibration,USM00072274
lat1_lon2,calibration,USM00072363
lat1_lon2,calibration,USM00072528
lat1_lon2,calibration,USM00074455
lat1_lon2,calibration,VMM00048839
lat1_lon4,evaluation,ARM00087344
lat1_lon4,evaluation,ARM00087418
lat1_lon4,evaluation,ARM00087623
lat1_lon4,evaluation,ARM00087715
lat1_lon4,evaluation,ARM00087860
lat1_lon4,evaluation,CIM00085586
lat1_lon4,evaluation,CIM00085799
lat1_lon4,evaluation,CIM00085934
lat1_lon4,training,AGM00060680
lat1_lon4,training,AOM00066160
lat1_lon4,training,AQM00091765
lat1_lon4,training,ARM00087155
lat1_lon4,training,ASM00094170
lat1_lon4,training,ASM00094203
lat1_lon4,training,ASM00094302
lat1_lon4,training,ASM00094312
lat1_lon4,training,ASM00094403
lat1_lon4,training,ASM00094430
lat1_lon4,training,ASM00094461
lat1_lon4,training,ASM00094510
lat1_lon4,training,ASM00094578
lat1_lon4,training,ASM00094610
lat1_lon4,training,ASM00094659
lat1_lon4,training,ASM00094672
lat1_lon4,training,ASM00094711
lat1_lon4,training,ASM00094802
lat1_lon4,training,ASM00094866
lat1_lon4,training,ASM00094995
lat1_lon4,training,ASM00094998
lat1_lon4,training,ATM00094005
lat1_lon4,training,ATM00095282
lat1_lon4,training,AYM00089062
lat1_lon4,training,AYM00089564
lat1_lon4,training,AYM00089571
lat1_lon4,training,AYM00089611
lat1_lon4,training,AYM00089664
lat1_lon4,training,BDM00078016
lat1_lon4,training,BEM00006458
lat1_lon4,training,BGM00041923
lat1_lon4,training,BHM00078583
lat1_lon4,training,BRM00082026
lat1_lon4,training,BRM00082099
lat1_lon4,training,BRM00082193
lat1_lon4,training,BRM00082244
lat1_lon4,training,BRM00082332
lat1_lon4,training,BRM00082532
lat1_lon4,training,BRM00082705
lat1_lon4,training,BRM00082965
lat1_lon4,training,BRM00083525
lat1_lon4,training,BRM00083566
lat1_lon4,training,BRM00083612
lat1_lon4,training,BRM00083649
lat1_lon4,training,BRM00083840
lat1_lon4,training,BRM00083937
lat1_lon4,training,CAM00071109
lat1_lon4,training,CAM00071603
lat1_lon4,training,CAM00071722
lat1_lon4,training,CAM00071802
lat1_lon4,training,CAM00071816
lat1_lon4,training,CAM00071867
lat1_lon4,training,CAM00071906
lat1_lon4,training,CAM00071907
lat1_lon4,training,CAM00071908
lat1_lon4,training,CAM00071909
lat1_lon4,training,CAM00071913
lat1_lon4,training,CAM00071917
lat1_lon4,training,CAM00071925
lat1_lon4,training,CAM00071934
lat1_lon4,training,CAM00071957
lat1_lon4,training,CAM00073033
lat1_lon4,training,CAM00073110
lat1_lon4,training,CFM00064400
lat1_lon4,training,CHM00050527
lat1_lon4,training,CHM00050557
lat1_lon4,training,CHM00050774
lat1_lon4,training,CHM00050953
lat1_lon4,training,CHM00051076
lat1_lon4,training,CHM00051243
lat1_lon4,training,CHM00051431
lat1_lon4,training,CHM00051463
lat1_lon4,training,CHM00051644
lat1_lon4,training,CHM00051656
lat1_lon4,training,CHM00051709
lat1_lon4,training,CHM00051777
lat1_lon4,training,CHM00051839
lat1_lon4,training,CHM00052533
lat1_lon4,training,CHM00052681
lat1_lon4,training,CHM00052866
lat1_lon4,training,CHM00052983
lat1_lon4,training,CHM00053463
lat1_lon4,training,CHM00053543
lat1_lon4,training,CHM00053614
lat1_lon4,training,CHM00053772
lat1_lon4,training,CHM00053845
lat1_lon4,training,CHM00053915
lat1_lon4,training,CHM00054102
lat1_lon4,training,CHM00054135
lat1_lon4,training,CHM00054218
lat1_lon4,training,CHM00054292
lat1_lon4,training,CHM00054340
lat1_lon4,training,CHM00054374
lat1_lon4,training,CHM00054662
lat1_lon4,training,CHM00054727
lat1_lon4,training,CHM00056080
lat1_lon4,training,CHM00056571
lat1_lon4,training,CHM00056739
lat1_lon4,training,CHM00056964
lat1_lon4,training,CHM00056985
lat1_lon4,training,CHM00057083
lat1_lon4,training,CHM00057127
lat1_lon4,training,CHM00057461
lat1_lon4,training,CHM00057494
lat1_lon4,training,CHM00057516
lat1_lon4,training,CHM00057541
lat1_lon4,training,CHM00057972
lat1_lon4,training,CHM00058203
lat1_lon4,training,CHM00058238
lat1_lon4,training,CHM00058457
lat1_lon4,training,CHM00058606
lat1_lon4,training,CHM00058633
lat1_lon4,training,CHM00058725
lat1_lon4,training,CHM00059265
lat1_lon4,training,CHM00059280
lat1_lon4,training,CHM00059293
lat1_lon4,training,CIM00085442
lat1_lon4,training,CKM00096996
lat1_lon4,training,COM00080001
lat1_lon4,training,COM00080222
lat1_lon4,training,COM00080398
lat1_lon4,training,EIM00003953
lat1_lon4,training,ENM00026038
lat1_lon4,training,EZM00011520
lat1_lon4,training,EZM00011747
lat1_lon4,training,FGM00081405
lat1_lon4,training,FJM00091680
lat1_lon4,training,FKM00088889
lat1_lon4,training,FMM00091334
lat1_lon4,training,FMM00091348
lat1_lon4,training,FOM00006011
lat1_lon4,training,FPM00091938
lat1_lon4,training,FRM00007110
lat1_lon4,training,FRM00007145
lat1_lon4,training,FRM00007510
lat1_lon4,training,FRM00007645
lat1_lon4,training,FRM00007761
lat1_lon4,training,GLM00004270
lat1_lon4,training,GMM00010035
lat1_lon4,training,GMM00010113
lat1_lon4,training,GMM00010184
lat1_lon4,training,GMM00010238
lat1_lon4,training,GMM00010304
lat1_lon4,training,GMM00010393
lat1_lon4,training,GMM00010410
lat1_lon4,training,GMM00010548
lat1_lon4,training,GMM00010618
lat1_lon4,training,GMM00010739
lat1_lon4,training,GMM00010868
lat1_lon4,training,GMM00010954
lat1_lon4,training,GPM00078897
lat1_lon4,training,GQM00091212
lat1_lon4,training,GRM00016622
lat1_lon4,training,GRM00016716
lat1_lon4,training,HKM00045004
lat1_lon4,training,HRM00014430
lat1_lon4,training,HUM00012843
lat1_lon4,training,HUM00012982
lat1_lon4,training,IDM00096237
lat1_lon4,training,IDM00096509
lat1_lon4,training,IDM00096581
lat1_lon4,training,IDM00096749
lat1_lon4,training,IDM00096935
lat1_lon4,training,IDM00097372
lat1_lon4,training,IDM00097980
lat1_lon4,training,INM00042111
lat1_lon4,training,INM00042220
lat1_lon4,training,INM00042348
lat1_lon4,training,INM00042410
lat1_lon4,training,INM00042623
lat1_lon4,training,INM00042647
lat1_lon4,training,INM00042675
lat1_lon4,training,INM00042809
lat1_lon4,training,INM00042886
lat1_lon4,training,INM00042971
lat1_lon4,training,INM00043003
lat1_lon4,training,INM00043049
lat1_lon4,training,INM00043063
lat1_lon4,training,INM00043128
lat1_lon4,training,INM00043150
lat1_lon4,training,INM00043346
lat1_lon4,training,INM00043353
lat1_lon4,training,INM00043371
lat1_lon4,training,IRM00040766
lat1_lon4,training,IRM00040809
lat1_lon4,training,IRM00040856
lat1_lon4,training,ITM00016045
lat1_lon4,training,ITM00016064
lat1_lon4,training,ITM00016113
lat1_lon4,training,ITM00016144
lat1_lon4,training,ITM00016245
lat1_lon4,training,IVM00065548
lat1_lon4,training,IZM00040650
lat1_lon4,training,JAM00047401
lat1_lon4,training,JAM00047582
lat1_lon4,training,JAM00047646
lat1_lon4,training,JAM00047678
lat1_lon4,training,JAM00047741
lat1_lon4,training,JAM00047807
lat1_lon4,training,JAM00047918
lat1_lon4,training,JAM00047945
lat1_lon4,training,JAM00047971
lat1_lon4,training,JAM00047991
lat1_lon4,training,JNM00001001
lat1_lon4,training,KSM00047138
lat1_lon4,training,KSM00047155
lat1_lon4,training,KSM00047169
lat1_lon4,training,KSM00047186
lat1_lon4,training,KZM00028951
lat1_lon4,training,KZM00035229
lat1_lon4,training,KZM00035671
lat1_lon4,training,KZM00035700
lat1_lon4,training,KZM00036003
lat1_lon4,training,KZM00036872
lat1_lon4,training,KZM00038064
lat1_lon4,training,KZM00038341
lat1_lon4,training,LHM00026629
lat1_lon4,training,MGM00044212
lat1_lon4,training,MGM00044231
lat1_lon4,training,MGM00044292
lat1_lon4,training,MGM00044373
lat1_lon4,training,MLM00061291
lat1_lon4,training,MOM00060155
lat1_lon4,training,MOM00060253
lat1_lon4,training,MXM00076458
lat1_lon4,training,MXM00076526
lat1_lon4,training,MXM00076595
lat1_lon4,training,MXM00076612
lat1_lon4,training,MXM00076679
lat1_lon4,training,MXM00076692
lat1_lon4,training,MYM00048601
lat1_lon4,training,MYM00048615
lat1_lon4,training,MYM00096441
lat1_lon4,training,MYM00096481
lat1_lon4,training,NCM00091592
lat1_lon4,training,NFM00094996
lat1_lon4,training,NGM00061024
lat1_lon4,training,NGM00061052
lat1_lon4,training,NLM00006260
lat1_lon4,training,NOM00001241
lat1_lon4,training,NOM00001400
lat1_lon4,training,NOM00001415
lat1_lon4,training,NZM00093112
lat1_lon4,training,PFM00059981
lat1_lon4,training,PLM00012575
lat1_lon4,training,PMM00078807
lat1_lon4,training,POM00008508
lat1_lon4,training,POM00008522
lat1_lon4,training,REM00061980
lat1_lon4,training,ROM00015420
lat1_lon4,training,RPM00098223
lat1_lon4,training,RPM00098233
lat1_lon4,training,RPM00098433
lat1_lon4,training,RPM00098444
lat1_lon4,training,RQM00078526
lat1_lon4,training,RSM00020046
lat1_lon4,training,RSM00020674
lat1_lon4,training,RSM00021824
lat1_lon4,training,RSM00022008
lat1_lon4,training,RSM00022217
lat1_lon4,training,RSM00022543
lat1_lon4,training,RSM00022845
lat1_lon4,training,RSM00023078
lat1_lon4,training,RSM00023205
lat1_lon4,training,RSM00023330
lat1_lon4,training,RSM00023415
lat1_lon4,training,RSM00023472
lat1_lon4,training,RSM00023802
lat1_lon4,training,RSM00023933
lat1_lon4,training,RSM00023955
lat1_lon4,training,RSM00024507
lat1_lon4,training,RSM00024641
lat1_lon4,training,RSM00024688
lat1_lon4,training,RSM00024726
lat1_lon4,training,RSM00024959
lat1_lon4,training,RSM00025403
lat1_lon4,training,RSM00025703
lat1_lon4,training,RSM00025913
lat1_lon4,training,RSM00026075
lat1_lon4,training,RSM00026298
lat1_lon4,training,RSM00026708
lat1_lon4,training,RSM00027038
lat1_lon4,training,RSM00027199
lat1_lon4,training,RSM00027707
lat1_lon4,training,RSM00027713
lat1_lon4,training,RSM00027730
lat1_lon4,training,RSM00028225
lat1_lon4,training,RSM00029263
lat1_lon4,training,RSM00029282
lat1_lon4,training,RSM00029572
lat1_lon4,training,RSM00029612
lat1_lon4,training,RSM00029839
lat1_lon4,training,RSM00029862
lat1_lon4,training,RSM00030054
lat1_lon4,training,RSM00030309
lat1_lon4,training,RSM00030557
lat1_lon4,training,RSM00030635
lat1_lon4,training,RSM00031088
lat1_lon4,training,RSM00031510
lat1_lon4,training,RSM00031538
lat1_lon4,training,RSM00031770
lat1_lon4,training,RSM00031873
lat1_lon4,training,RSM00032061
lat1_lon4,training,RSM00032098
lat1_lon4,training,RSM00032150
lat1_lon4,training,RSM00032389
lat1_lon4,training,RSM00032477
lat1_lon4,training,RSM00032540
lat1_lon4,training,RSM00032618
lat1_lon4,training,RSM00034172
lat1_lon4,training,RSM00034731
lat1_lon4,training,RSM00034858
lat1_lon4,training,RSM00034882
lat1_lon4,training,RSM00035121
lat1_lon4,training,RSM00037011
lat1_lon4,training,SAM00040373
lat1_lon4,training,SAM00040375
lat1_lon4,training,SAM00040394
lat1_lon4,training,SAM00040417
lat1_lon4,training,SAM00040430
lat1_lon4,training,SFM00068263
lat1_lon4,training,SFM00068512
lat1_lon4,training,SFM00068842
lat1_lon4,training,SHM00061901
lat1_lon4,training,SHM00068906
lat1_lon4,training,SNM00048698
lat1_lon4,training,SPM00008001
lat1_lon4,training,SPM00008023
lat1_lon4,training,SPM00008190
lat1_lon4,training,SPM00008221
lat1_lon4,training,SPM00008302
lat1_lon4,training,SPM00008383
lat1_lon4,training,SPM00008430
lat1_lon4,training,SWM00002591
lat1_lon4,training,SZM00006610
lat1_lon4,training,THM00048327
lat1_lon4,training,THM00048378
lat1_lon4,training,THM00048381
lat1_lon4,training,THM00048431
lat1_lon4,training,THM00048453
lat1_lon4,training,THM00048480
lat1_lon4,training,TUM00017064
lat1_lon4,training,TUM00017095
lat1_lon4,training,TUM00017220
lat1_lon4,training,TUM00017240
lat1_lon4,training,UKM00003005
lat1_lon4,training,UKM00003238
lat1_lon4,training,UKM00003918
lat1_lon4,training,USM00070026
lat1_lon4,training,USM00070200
lat1_lon4,training,USM00070219
lat1_lon4,training,USM00070261
lat1_lon4,training,USM00070273
lat1_lon4,training,USM00070308
lat1_lon4,training,USM00070350
lat1_lon4,training,USM00072201
lat1_lon4,training,USM00072202
lat1_lon4,training,USM00072206
lat1_lon4,training,USM00072208
lat1_lon4,training,USM00072210
lat1_lon4,training,USM00072215
lat1_lon4,training,USM00072235
lat1_lon4,training,USM00072240
lat1_lon4,training,USM00072248
lat1_lon4,training,USM00072249
lat1_lon4,training,USM00072251
lat1_lon4,training,USM00072261
lat1_lon4,training,USM00072265
lat1_lon4,training,USM00072293
lat1_lon4,training,USM00072317
lat1_lon4,training,USM00072327
lat1_lon4,training,USM00072357
lat1_lon4,training,USM00072364
lat1_lon4,training,USM00072376
lat1_lon4,training,USM00072393
lat1_lon4,training,USM00072402
lat1_lon4,training,USM00072403
lat1_lon4,training,USM00072426
lat1_lon4,training,USM00072440
lat1_lon4,training,USM00072451
lat1_lon4,training,USM00072456
lat1_lon4,training,USM00072476
lat1_lon4,training,USM00072493
lat1_lon4,training,USM00072518
lat1_lon4,training,USM00072520
lat1_lon4,training,USM00072582
lat1_lon4,training,USM00072597
lat1_lon4,training,USM00072632
lat1_lon4,training,USM00072634
lat1_lon4,training,USM00072645
lat1_lon4,training,USM00072659
lat1_lon4,training,USM00072662
lat1_lon4,training,USM00072672
lat1_lon4,training,USM00072681
lat1_lon4,training,USM00072694
lat1_lon4,training,USM00072712
lat1_lon4,training,USM00072764
lat1_lon4,training,USM00072768
lat1_lon4,training,USM00074560
lat1_lon4,training,USM00074646
lat1_lon4,training,USM00091165
lat1_lon4,training,USM00091285
lat1_lon4,training,VMM00048820
lat1_lon4,training,VMM00048855
lat1_lon4,early_validation,AEM00041217
lat1_lon4,early_validation,ASM00095527
lat1_lon4,early_validation,ATM00094001
lat1_lon4,early_validation,AYM00089592
lat1_lon4,early_validation,AYM00089642
lat1_lon4,early_validation,BBM00078954
lat1_lon4,early_validation,BRM00082107
lat1_lon4,early_validation,BRM00082824
lat1_lon4,early_validation,BRM00083779
lat1_lon4,early_validation,CAM00071081
lat1_lon4,early_validation,CAM00071823
lat1_lon4,early_validation,CHM00052203
lat1_lon4,early_validation,CHM00052267
lat1_lon4,early_validation,CHM00052418
lat1_lon4,early_validation,CHM00054857
lat1_lon4,early_validation,CHM00056187
lat1_lon4,early_validation,CHM00056778
lat1_lon4,early_validation,CHM00057245
lat1_lon4,early_validation,CHM00057687
lat1_lon4,early_validation,CHM00058362
lat1_lon4,early_validation,CHM00058424
lat1_lon4,early_validation,CHM00059134
lat1_lon4,early_validation,DRM00078486
lat1_lon4,early_validation,IDM00097502
lat1_lon4,early_validation,INM00042314
lat1_lon4,early_validation,IRM00040706
lat1_lon4,early_validation,ITM00016332
lat1_lon4,early_validation,JAM00047827
lat1_lon4,early_validation,JAM00047909
lat1_lon4,early_validation,KZM00035394
lat1_lon4,early_validation,MLM00048811
lat1_lon4,early_validation,MXM00076654
lat1_lon4,early_validation,MYM00048657
lat1_lon4,early_validation,MYM00096413
lat1_lon4,early_validation,MYM00096471
lat1_lon4,early_validation,PLM00012425
lat1_lon4,early_validation,POM00008536
lat1_lon4,early_validation,QAM00041169
lat1_lon4,early_validation,RSM00022522
lat1_lon4,early_validation,RSM00024343
lat1_lon4,early_validation,RSM00025123
lat1_lon4,early_validation,RSM00026477
lat1_lon4,early_validation,RSM00027962
lat1_lon4,early_validation,RSM00028275
lat1_lon4,early_validation,RSM00029231
lat1_lon4,early_validation,RSM00032215
lat1_lon4,early_validation,RSM00034009
lat1_lon4,early_validation,RSM00034247
lat1_lon4,early_validation,RSM00034467
lat1_lon4,early_validation,RSM00036096
lat1_lon4,early_validation,SFM00068816
lat1_lon4,early_validation,THM00048407
lat1_lon4,early_validation,TUM00017030
lat1_lon4,early_validation,TUM00017196
lat1_lon4,early_validation,UKM00003808
lat1_lon4,early_validation,USM00070361
lat1_lon4,early_validation,USM00070398
lat1_lon4,early_validation,USM00072489
lat1_lon4,early_validation,USM00072501
lat1_lon4,early_validation,USM00072558
lat1_lon4,early_validation,USM00072572
lat1_lon4,early_validation,USM00072747
lat1_lon4,early_validation,USM00074389
lat1_lon4,calibration,AGM00060390
lat1_lon4,calibration,ASM00094637
lat1_lon4,calibration,AYM00089532
lat1_lon4,calibration,BRM00082022
lat1_lon4,calibration,BRM00083827
lat1_lon4,calibration,BRM00083899
lat1_lon4,calibration,CAM00071043
lat1_lon4,calibration,CAM00071119
lat1_lon4,calibration,CAM00071845
lat1_lon4,calibration,CAM00071924
lat1_lon4,calibration,CHM00053513
lat1_lon4,calibration,CHM00054161
lat1_lon4,calibration,CHM00054511
lat1_lon4,calibration,CHM00056492
lat1_lon4,calibration,CHM00056651
lat1_lon4,calibration,CHM00058027
lat1_lon4,calibration,CHM00058150
lat1_lon4,calibration,CHM00058665
lat1_lon4,calibration,CHM00058847
lat1_lon4,calibration,CHM00059023
lat1_lon4,calibration,FMM00091413
lat1_lon4,calibration,FPM00091925
lat1_lon4,calibration,GLM00004220
lat1_lon4,calibration,HRM00014240
lat1_lon4,calibration,IDM00097180
lat1_lon4,calibration,INM00042339
lat1_lon4,calibration,INM00043185
lat1_lon4,calibration,IRM00040841
lat1_lon4,calibration,ITM00016546
lat1_lon4,calibration,JAM00047412
lat1_lon4,calibration,KEM00063741
lat1_lon4,calibration,KSM00047230
lat1_lon4,calibration,MXM00076256
lat1_lon4,calibration,MXM00076644
lat1_lon4,calibration,NZM00093844
lat1_lon4,calibration,PLM00012374
lat1_lon4,calibration,PSM00091408
lat1_lon4,calibration,RSM00022271
lat1_lon4,calibration,RSM00023884
lat1_lon4,calibration,RSM00023921
lat1_lon4,calibration,RSM00024122
lat1_lon4,calibration,RSM00024908
lat1_lon4,calibration,RSM00026781
lat1_lon4,calibration,RSM00027594
lat1_lon4,calibration,RSM00027995
lat1_lon4,calibration,RSM00028445
lat1_lon4,calibration,RSM00028695
lat1_lon4,calibration,RSM00028722
lat1_lon4,calibration,RSM00029634
lat1_lon4,calibration,RSM00031300
lat1_lon4,calibration,SAM00041112
lat1_lon4,calibration,SVM00001028
lat1_lon4,calibration,THM00048500
lat1_lon4,calibration,UKM00003354
lat1_lon4,calibration,USM00070316
lat1_lon4,calibration,USM00070326
lat1_lon4,calibration,USM00072230
lat1_lon4,calibration,USM00072274
lat1_lon4,calibration,USM00072363
lat1_lon4,calibration,USM00072528
lat1_lon4,calibration,USM00074455
lat1_lon4,calibration,VMM00048839
lat4_lon0,evaluation,AGM00060390
lat4_lon0,evaluation,AUM00011035
lat4_lon0,evaluation,BEM00006458
lat4_lon0,evaluation,CYM00017607
lat4_lon0,evaluation,ENM00026038
lat4_lon0,evaluation,EZM00011520
lat4_lon0,evaluation,EZM00011747
lat4_lon0,evaluation,FRM00007145
lat4_lon0,evaluation,FRM00007645
lat4_lon0,evaluation,FRM00007761
lat4_lon0,evaluation,GMM00010035
lat4_lon0,evaluation,GMM00010113
lat4_lon0,evaluation,GMM00010184
lat4_lon0,evaluation,GMM00010238
lat4_lon0,evaluation,GMM00010304
lat4_lon0,evaluation,GMM00010393
lat4_lon0,evaluation,GMM00010410
lat4_lon0,evaluation,GMM00010548
lat4_lon0,evaluation,GMM00010618
lat4_lon0,evaluation,GMM00010739
lat4_lon0,evaluation,GMM00010771
lat4_lon0,evaluation,GMM00010868
lat4_lon0,evaluation,GMM00010954
lat4_lon0,evaluation,GRM00016622
lat4_lon0,evaluation,GRM00016716
lat4_lon0,evaluation,GRM00016754
lat4_lon0,evaluation,HRM00014240
lat4_lon0,evaluation,HRM00014430
lat4_lon0,evaluation,HUM00012843
lat4_lon0,evaluation,HUM00012982
lat4_lon0,evaluation,IRM00040706
lat4_lon0,evaluation,IRM00040738
lat4_lon0,evaluation,IRM00040766
lat4_lon0,evaluation,IRM00040809
lat4_lon0,evaluation,IRM00040841
lat4_lon0,evaluation,ITM00016045
lat4_lon0,evaluation,ITM00016064
lat4_lon0,evaluation,ITM00016113
lat4_lon0,evaluation,ITM00016144
lat4_lon0,evaluation,ITM00016245
lat4_lon0,evaluation,ITM00016332
lat4_lon0,evaluation,ITM00016429
lat4_lon0,evaluation,ITM00016546
lat4_lon0,evaluation,IZM00040650
lat4_lon0,evaluation,KZM00035229
lat4_lon0,evaluation,KZM00035700
lat4_lon0,evaluation,LHM00026629
lat4_lon0,evaluation,LOM00011952
lat4_lon0,evaluation,NLM00006260
lat4_lon0,evaluation,NOM00001400
lat4_lon0,evaluation,NOM00001415
lat4_lon0,evaluation,PLM00012120
lat4_lon0,evaluation,PLM00012374
lat4_lon0,evaluation,PLM00012425
lat4_lon0,evaluation,PLM00012575
lat4_lon0,evaluation,ROM00015420
lat4_lon0,evaluation,RSM00026075
lat4_lon0,evaluation,RSM00026298
lat4_lon0,evaluation,RSM00026477
lat4_lon0,evaluation,RSM00026708
lat4_lon0,evaluation,RSM00026781
lat4_lon0,evaluation,RSM00027038
lat4_lon0,evaluation,RSM00027199
lat4_lon0,evaluation,RSM00027594
lat4_lon0,evaluation,RSM00027707
lat4_lon0,evaluation,RSM00027713
lat4_lon0,evaluation,RSM00027730
lat4_lon0,evaluation,RSM00027962
lat4_lon0,evaluation,RSM00027995
lat4_lon0,evaluation,RSM00028225
lat4_lon0,evaluation,RSM00028722
lat4_lon0,evaluation,RSM00034009
lat4_lon0,evaluation,RSM00034122
lat4_lon0,evaluation,RSM00034172
lat4_lon0,evaluation,RSM00034247
lat4_lon0,evaluation,RSM00034467
lat4_lon0,evaluation,RSM00034731
lat4_lon0,evaluation,RSM00034858
lat4_lon0,evaluation,RSM00034882
lat4_lon0,evaluation,RSM00035121
lat4_lon0,evaluation,RSM00037011
lat4_lon0,evaluation,SPM00008190
lat4_lon0,evaluation,SPM00008302
lat4_lon0,evaluation,SWM00002591
lat4_lon0,evaluation,SZM00006610
lat4_lon0,evaluation,TUM00017030
lat4_lon0,evaluation,TUM00017064
lat4_lon0,evaluation,TUM00017095
lat4_lon0,evaluation,TUM00017196
lat4_lon0,evaluation,TUM00017220
lat4_lon0,evaluation,TUM00017240
lat4_lon0,evaluation,TUM00017351
lat4_lon0,training,AGM00060680
lat4_lon0,training,AOM00066160
lat4_lon0,training,AQM00091765
lat4_lon0,training,ARM00087155
lat4_lon0,training,ARM00087344
lat4_lon0,training,ARM00087623
lat4_lon0,training,ARM00087715
lat4_lon0,training,ASM00094170
lat4_lon0,training,ASM00094203
lat4_lon0,training,ASM00094302
lat4_lon0,training,ASM00094312
lat4_lon0,training,ASM00094403
lat4_lon0,training,ASM00094430
lat4_lon0,training,ASM00094461
lat4_lon0,training,ASM00094510
lat4_lon0,training,ASM00094578
lat4_lon0,training,ASM00094610
lat4_lon0,training,ASM00094659
lat4_lon0,training,ASM00094672
lat4_lon0,training,ASM00094711
lat4_lon0,training,ASM00094802
lat4_lon0,training,ASM00094866
lat4_lon0,training,ASM00094995
lat4_lon0,training,ASM00094998
lat4_lon0,training,ATM00094005
lat4_lon0,training,ATM00095282
lat4_lon0,training,AYM00089062
lat4_lon0,training,AYM00089564
lat4_lon0,training,AYM00089571
lat4_lon0,training,AYM00089611
lat4_lon0,training,AYM00089664
lat4_lon0,training,BDM00078016
lat4_lon0,training,BGM00041923
lat4_lon0,training,BHM00078583
lat4_lon0,training,BRM00082026
lat4_lon0,training,BRM00082099
lat4_lon0,training,BRM00082193
lat4_lon0,training,BRM00082244
lat4_lon0,training,BRM00082332
lat4_lon0,training,BRM00082532
lat4_lon0,training,BRM00082705
lat4_lon0,training,BRM00082965
lat4_lon0,training,BRM00083525
lat4_lon0,training,BRM00083566
lat4_lon0,training,BRM00083612
lat4_lon0,training,BRM00083649
lat4_lon0,training,BRM00083840
lat4_lon0,training,BRM00083937
lat4_lon0,training,CAM00071109
lat4_lon0,training,CAM00071603
lat4_lon0,training,CAM00071722
lat4_lon0,training,CAM00071802
lat4_lon0,training,CAM00071816
lat4_lon0,training,CAM00071867
lat4_lon0,training,CAM00071906
lat4_lon0,training,CAM00071907
lat4_lon0,training,CAM00071908
lat4_lon0,training,CAM00071909
lat4_lon0,training,CAM00071913
lat4_lon0,training,CAM00071917
lat4_lon0,training,CAM00071925
lat4_lon0,training,CAM00071934
lat4_lon0,training,CAM00071957
lat4_lon0,training,CAM00073033
lat4_lon0,training,CAM00073110
lat4_lon0,training,CFM00064400
lat4_lon0,training,CHM00050527
lat4_lon0,training,CHM00050557
lat4_lon0,training,CHM00050774
lat4_lon0,training,CHM00050953
lat4_lon0,training,CHM00051076
lat4_lon0,training,CHM00051243
lat4_lon0,training,CHM00051431
lat4_lon0,training,CHM00051463
lat4_lon0,training,CHM00051644
lat4_lon0,training,CHM00051656
lat4_lon0,training,CHM00051709
lat4_lon0,training,CHM00051777
lat4_lon0,training,CHM00051839
lat4_lon0,training,CHM00052533
lat4_lon0,training,CHM00052681
lat4_lon0,training,CHM00052866
lat4_lon0,training,CHM00052983
lat4_lon0,training,CHM00053463
lat4_lon0,training,CHM00053543
lat4_lon0,training,CHM00053614
lat4_lon0,training,CHM00053772
lat4_lon0,training,CHM00053845
lat4_lon0,training,CHM00053915
lat4_lon0,training,CHM00054102
lat4_lon0,training,CHM00054135
lat4_lon0,training,CHM00054218
lat4_lon0,training,CHM00054292
lat4_lon0,training,CHM00054340
lat4_lon0,training,CHM00054374
lat4_lon0,training,CHM00054662
lat4_lon0,training,CHM00054727
lat4_lon0,training,CHM00056080
lat4_lon0,training,CHM00056571
lat4_lon0,training,CHM00056739
lat4_lon0,training,CHM00056964
lat4_lon0,training,CHM00056985
lat4_lon0,training,CHM00057083
lat4_lon0,training,CHM00057127
lat4_lon0,training,CHM00057461
lat4_lon0,training,CHM00057494
lat4_lon0,training,CHM00057516
lat4_lon0,training,CHM00057541
lat4_lon0,training,CHM00057972
lat4_lon0,training,CHM00058203
lat4_lon0,training,CHM00058238
lat4_lon0,training,CHM00058457
lat4_lon0,training,CHM00058606
lat4_lon0,training,CHM00058633
lat4_lon0,training,CHM00058725
lat4_lon0,training,CHM00059265
lat4_lon0,training,CHM00059280
lat4_lon0,training,CHM00059293
lat4_lon0,training,CIM00085442
lat4_lon0,training,CIM00085586
lat4_lon0,training,CIM00085799
lat4_lon0,training,CKM00096996
lat4_lon0,training,COM00080001
lat4_lon0,training,COM00080222
lat4_lon0,training,COM00080398
lat4_lon0,training,EIM00003953
lat4_lon0,training,FGM00081405
lat4_lon0,training,FJM00091680
lat4_lon0,training,FKM00088889
lat4_lon0,training,FMM00091334
lat4_lon0,training,FMM00091348
lat4_lon0,training,FOM00006011
lat4_lon0,training,FPM00091938
lat4_lon0,training,FRM00007110
lat4_lon0,training,FRM00007510
lat4_lon0,training,GLM00004270
lat4_lon0,training,GPM00078897
lat4_lon0,training,GQM00091212
lat4_lon0,training,HKM00045004
lat4_lon0,training,IDM00096237
lat4_lon0,training,IDM00096509
lat4_lon0,training,IDM00096581
lat4_lon0,training,IDM00096749
lat4_lon0,training,IDM00096935
lat4_lon0,training,IDM00097372
lat4_lon0,training,IDM00097980
lat4_lon0,training,INM00042111
lat4_lon0,training,INM00042220
lat4_lon0,training,INM00042348
lat4_lon0,training,INM00042410
lat4_lon0,training,INM00042623
lat4_lon0,training,INM00042647
lat4_lon0,training,INM00042675
lat4_lon0,training,INM00042809
lat4_lon0,training,INM00042886
lat4_lon0,training,INM00042971
lat4_lon0,training,INM00043003
lat4_lon0,training,INM00043049
lat4_lon0,training,INM00043063
lat4_lon0,training,INM00043128
lat4_lon0,training,INM00043150
lat4_lon0,training,INM00043346
lat4_lon0,training,INM00043353
lat4_lon0,training,INM00043371
lat4_lon0,training,IRM00040856
lat4_lon0,training,IVM00065548
lat4_lon0,training,JAM00047401
lat4_lon0,training,JAM00047582
lat4_lon0,training,JAM00047646
lat4_lon0,training,JAM00047678
lat4_lon0,training,JAM00047741
lat4_lon0,training,JAM00047807
lat4_lon0,training,JAM00047918
lat4_lon0,training,JAM00047945
lat4_lon0,training,JAM00047971
lat4_lon0,training,JAM00047991
lat4_lon0,training,JNM00001001
lat4_lon0,training,KSM00047138
lat4_lon0,training,KSM00047155
lat4_lon0,training,KSM00047169
lat4_lon0,training,KSM00047186
lat4_lon0,training,KZM00028951
lat4_lon0,training,KZM00035671
lat4_lon0,training,KZM00036003
lat4_lon0,training,KZM00036872
lat4_lon0,training,KZM00038064
lat4_lon0,training,KZM00038341
lat4_lon0,training,MGM00044212
lat4_lon0,training,MGM00044231
lat4_lon0,training,MGM00044292
lat4_lon0,training,MGM00044373
lat4_lon0,training,MLM00061291
lat4_lon0,training,MOM00060155
lat4_lon0,training,MOM00060253
lat4_lon0,training,MXM00076458
lat4_lon0,training,MXM00076526
lat4_lon0,training,MXM00076595
lat4_lon0,training,MXM00076612
lat4_lon0,training,MXM00076679
lat4_lon0,training,MXM00076692
lat4_lon0,training,MYM00048601
lat4_lon0,training,MYM00048615
lat4_lon0,training,MYM00096441
lat4_lon0,training,MYM00096481
lat4_lon0,training,NCM00091592
lat4_lon0,training,NFM00094996
lat4_lon0,training,NGM00061024
lat4_lon0,training,NGM00061052
lat4_lon0,training,NOM00001241
lat4_lon0,training,NZM00093112
lat4_lon0,training,PFM00059981
lat4_lon0,training,PMM00078807
lat4_lon0,training,POM00008508
lat4_lon0,training,POM00008522
lat4_lon0,training,REM00061980
lat4_lon0,training,RPM00098223
lat4_lon0,training,RPM00098233
lat4_lon0,training,RPM00098433
lat4_lon0,training,RPM00098444
lat4_lon0,training,RQM00078526
lat4_lon0,training,RSM00020046
lat4_lon0,training,RSM00020674
lat4_lon0,training,RSM00021824
lat4_lon0,training,RSM00022008
lat4_lon0,training,RSM00022217
lat4_lon0,training,RSM00022543
lat4_lon0,training,RSM00022845
lat4_lon0,training,RSM00023078
lat4_lon0,training,RSM00023205
lat4_lon0,training,RSM00023330
lat4_lon0,training,RSM00023415
lat4_lon0,training,RSM00023472
lat4_lon0,training,RSM00023802
lat4_lon0,training,RSM00023933
lat4_lon0,training,RSM00023955
lat4_lon0,training,RSM00024507
lat4_lon0,training,RSM00024641
lat4_lon0,training,RSM00024688
lat4_lon0,training,RSM00024726
lat4_lon0,training,RSM00024959
lat4_lon0,training,RSM00025403
lat4_lon0,training,RSM00025703
lat4_lon0,training,RSM00025913
lat4_lon0,training,RSM00029263
lat4_lon0,training,RSM00029282
lat4_lon0,training,RSM00029572
lat4_lon0,training,RSM00029612
lat4_lon0,training,RSM00029839
lat4_lon0,training,RSM00029862
lat4_lon0,training,RSM00030054
lat4_lon0,training,RSM00030309
lat4_lon0,training,RSM00030557
lat4_lon0,training,RSM00030635
lat4_lon0,training,RSM00031088
lat4_lon0,training,RSM00031510
lat4_lon0,training,RSM00031538
lat4_lon0,training,RSM00031770
lat4_lon0,training,RSM00031873
lat4_lon0,training,RSM00032061
lat4_lon0,training,RSM00032098
lat4_lon0,training,RSM00032150
lat4_lon0,training,RSM00032389
lat4_lon0,training,RSM00032477
lat4_lon0,training,RSM00032540
lat4_lon0,training,RSM00032618
lat4_lon0,training,SAM00040373
lat4_lon0,training,SAM00040375
lat4_lon0,training,SAM00040394
lat4_lon0,training,SAM00040417
lat4_lon0,training,SAM00040430
lat4_lon0,training,SFM00068263
lat4_lon0,training,SFM00068512
lat4_lon0,training,SFM00068842
lat4_lon0,training,SHM00061901
lat4_lon0,training,SHM00068906
lat4_lon0,training,SNM00048698
lat4_lon0,training,SPM00008001
lat4_lon0,training,SPM00008023
lat4_lon0,training,SPM00008221
lat4_lon0,training,SPM00008383
lat4_lon0,training,SPM00008430
lat4_lon0,training,THM00048327
lat4_lon0,training,THM00048378
lat4_lon0,training,THM00048381
lat4_lon0,training,THM00048431
lat4_lon0,training,THM00048453
lat4_lon0,training,THM00048480
lat4_lon0,training,UKM00003005
lat4_lon0,training,UKM00003238
lat4_lon0,training,UKM00003918
lat4_lon0,training,USM00070026
lat4_lon0,training,USM00070200
lat4_lon0,training,USM00070219
lat4_lon0,training,USM00070261
lat4_lon0,training,USM00070273
lat4_lon0,training,USM00070308
lat4_lon0,training,USM00070350
lat4_lon0,training,USM00072201
lat4_lon0,training,USM00072202
lat4_lon0,training,USM00072206
lat4_lon0,training,USM00072208
lat4_lon0,training,USM00072210
lat4_lon0,training,USM00072215
lat4_lon0,training,USM00072235
lat4_lon0,training,USM00072240
lat4_lon0,training,USM00072248
lat4_lon0,training,USM00072249
lat4_lon0,training,USM00072251
lat4_lon0,training,USM00072261
lat4_lon0,training,USM00072265
lat4_lon0,training,USM00072293
lat4_lon0,training,USM00072317
lat4_lon0,training,USM00072327
lat4_lon0,training,USM00072357
lat4_lon0,training,USM00072364
lat4_lon0,training,USM00072376
lat4_lon0,training,USM00072393
lat4_lon0,training,USM00072402
lat4_lon0,training,USM00072403
lat4_lon0,training,USM00072426
lat4_lon0,training,USM00072440
lat4_lon0,training,USM00072451
lat4_lon0,training,USM00072456
lat4_lon0,training,USM00072476
lat4_lon0,training,USM00072493
lat4_lon0,training,USM00072518
lat4_lon0,training,USM00072520
lat4_lon0,training,USM00072582
lat4_lon0,training,USM00072597
lat4_lon0,training,USM00072632
lat4_lon0,training,USM00072634
lat4_lon0,training,USM00072645
lat4_lon0,training,USM00072659
lat4_lon0,training,USM00072662
lat4_lon0,training,USM00072672
lat4_lon0,training,USM00072681
lat4_lon0,training,USM00072694
lat4_lon0,training,USM00072712
lat4_lon0,training,USM00072764
lat4_lon0,training,USM00072768
lat4_lon0,training,USM00074560
lat4_lon0,training,USM00074646
lat4_lon0,training,USM00091165
lat4_lon0,training,USM00091285
lat4_lon0,training,VMM00048820
lat4_lon0,training,VMM00048855
lat4_lon0,early_validation,AEM00041217
lat4_lon0,early_validation,ASM00095527
lat4_lon0,early_validation,ATM00094001
lat4_lon0,early_validation,AYM00089592
lat4_lon0,early_validation,AYM00089642
lat4_lon0,early_validation,BBM00078954
lat4_lon0,early_validation,BRM00082107
lat4_lon0,early_validation,BRM00082824
lat4_lon0,early_validation,BRM00083779
lat4_lon0,early_validation,CAM00071081
lat4_lon0,early_validation,CAM00071823
lat4_lon0,early_validation,CHM00052203
lat4_lon0,early_validation,CHM00052267
lat4_lon0,early_validation,CHM00052418
lat4_lon0,early_validation,CHM00054857
lat4_lon0,early_validation,CHM00056187
lat4_lon0,early_validation,CHM00056778
lat4_lon0,early_validation,CHM00057245
lat4_lon0,early_validation,CHM00057687
lat4_lon0,early_validation,CHM00058362
lat4_lon0,early_validation,CHM00058424
lat4_lon0,early_validation,CHM00059134
lat4_lon0,early_validation,CIM00085934
lat4_lon0,early_validation,DRM00078486
lat4_lon0,early_validation,IDM00097502
lat4_lon0,early_validation,INM00042314
lat4_lon0,early_validation,JAM00047827
lat4_lon0,early_validation,JAM00047909
lat4_lon0,early_validation,KZM00035394
lat4_lon0,early_validation,MLM00048811
lat4_lon0,early_validation,MXM00076654
lat4_lon0,early_validation,MYM00048657
lat4_lon0,early_validation,MYM00096413
lat4_lon0,early_validation,MYM00096471
lat4_lon0,early_validation,POM00008536
lat4_lon0,early_validation,QAM00041169
lat4_lon0,early_validation,RSM00022522
lat4_lon0,early_validation,RSM00024343
lat4_lon0,early_validation,RSM00025123
lat4_lon0,early_validation,RSM00028275
lat4_lon0,early_validation,RSM00029231
lat4_lon0,early_validation,RSM00032215
lat4_lon0,early_validation,RSM00036096
lat4_lon0,early_validation,SFM00068816
lat4_lon0,early_validation,THM00048407
lat4_lon0,early_validation,UKM00003808
lat4_lon0,early_validation,USM00070361
lat4_lon0,early_validation,USM00070398
lat4_lon0,early_validation,USM00072489
lat4_lon0,early_validation,USM00072501
lat4_lon0,early_validation,USM00072558
lat4_lon0,early_validation,USM00072572
lat4_lon0,early_validation,USM00072747
lat4_lon0,early_validation,USM00074389
lat4_lon0,calibration,ARM00087860
lat4_lon0,calibration,ASM00094637
lat4_lon0,calibration,AYM00089532
lat4_lon0,calibration,BRM00082022
lat4_lon0,calibration,BRM00083827
lat4_lon0,calibration,BRM00083899
lat4_lon0,calibration,CAM00071043
lat4_lon0,calibration,CAM00071119
lat4_lon0,calibration,CAM00071845
lat4_lon0,calibration,CAM00071924
lat4_lon0,calibration,CHM00053513
lat4_lon0,calibration,CHM00054161
lat4_lon0,calibration,CHM00054511
lat4_lon0,calibration,CHM00056492
lat4_lon0,calibration,CHM00056651
lat4_lon0,calibration,CHM00058027
lat4_lon0,calibration,CHM00058150
lat4_lon0,calibration,CHM00058665
lat4_lon0,calibration,CHM00058847
lat4_lon0,calibration,CHM00059023
lat4_lon0,calibration,FMM00091413
lat4_lon0,calibration,FPM00091925
lat4_lon0,calibration,GLM00004220
lat4_lon0,calibration,IDM00097180
lat4_lon0,calibration,INM00042339
lat4_lon0,calibration,INM00043185
lat4_lon0,calibration,JAM00047412
lat4_lon0,calibration,KEM00063741
lat4_lon0,calibration,KSM00047230
lat4_lon0,calibration,MXM00076256
lat4_lon0,calibration,MXM00076644
lat4_lon0,calibration,NZM00093844
lat4_lon0,calibration,PSM00091408
lat4_lon0,calibration,RSM00022271
lat4_lon0,calibration,RSM00023884
lat4_lon0,calibration,RSM00023921
lat4_lon0,calibration,RSM00024122
lat4_lon0,calibration,RSM00024908
lat4_lon0,calibration,RSM00028445
lat4_lon0,calibration,RSM00028695
lat4_lon0,calibration,RSM00029634
lat4_lon0,calibration,RSM00031300
lat4_lon0,calibration,SAM00041112
lat4_lon0,calibration,SVM00001028
lat4_lon0,calibration,THM00048500
lat4_lon0,calibration,UKM00003354
lat4_lon0,calibration,USM00070316
lat4_lon0,calibration,USM00070326
lat4_lon0,calibration,USM00072230
lat4_lon0,calibration,USM00072274
lat4_lon0,calibration,USM00072363
lat4_lon0,calibration,USM00072528
lat4_lon0,calibration,USM00074455
lat4_lon0,calibration,VMM00048839
lat4_lon1,evaluation,CHM00050527
lat4_lon1,evaluation,CHM00051076
lat4_lon1,evaluation,CHM00051243
lat4_lon1,evaluation,CHM00051431
lat4_lon1,evaluation,CHM00051463
lat4_lon1,evaluation,CHM00051644
lat4_lon1,evaluation,CHM00051656
lat4_lon1,evaluation,CHM00051709
lat4_lon1,evaluation,CHM00051777
lat4_lon1,evaluation,CHM00051828
lat4_lon1,evaluation,CHM00051839
lat4_lon1,evaluation,CHM00052203
lat4_lon1,evaluation,CHM00052267
lat4_lon1,evaluation,CHM00052323
lat4_lon1,evaluation,CHM00052418
lat4_lon1,evaluation,CHM00052533
lat4_lon1,evaluation,CHM00052681
lat4_lon1,evaluation,CHM00052818
lat4_lon1,evaluation,CHM00052866
lat4_lon1,evaluation,CHM00052983
lat4_lon1,evaluation,CHM00053463
lat4_lon1,evaluation,CHM00053513
lat4_lon1,evaluation,CHM00053543
lat4_lon1,evaluation,CHM00053614
lat4_lon1,evaluation,CHM00053772
lat4_lon1,evaluation,CHM00053845
lat4_lon1,evaluation,CHM00053915
lat4_lon1,evaluation,CHM00054102
lat4_lon1,evaluation,CHM00054218
lat4_lon1,evaluation,CHM00054511
lat4_lon1,evaluation,CHM00054727
lat4_lon1,evaluation,CHM00056080
lat4_lon1,evaluation,CHM00056187
lat4_lon1,evaluation,CHM00057083
lat4_lon1,evaluation,CHM00057127
lat4_lon1,evaluation,CHM00057131
lat4_lon1,evaluation,CHM00057178
lat4_lon1,evaluation,CHM00057245
lat4_lon1,evaluation,CHM00057461
lat4_lon1,evaluation,CHM00057494
lat4_lon1,evaluation,CHM00058027
lat4_lon1,evaluation,CHM00058203
lat4_lon1,evaluation,CHM00058238
lat4_lon1,evaluation,CHM00058424
lat4_lon1,evaluation,INM00042027
lat4_lon1,evaluation,INM00042111
lat4_lon1,evaluation,KZM00028951
lat4_lon1,evaluation,KZM00035394
lat4_lon1,evaluation,KZM00035671
lat4_lon1,evaluation,KZM00036003
lat4_lon1,evaluation,KZM00036872
lat4_lon1,evaluation,KZM00038064
lat4_lon1,evaluation,KZM00038341
lat4_lon1,evaluation,MGM00044212
lat4_lon1,evaluation,MGM00044231
lat4_lon1,evaluation,MGM00044292
lat4_lon1,evaluation,MGM00044373
lat4_lon1,evaluation,RSM00028275
lat4_lon1,evaluation,RSM00028445
lat4_lon1,evaluation,RSM00028661
lat4_lon1,evaluation,RSM00028695
lat4_lon1,evaluation,RSM00029231
lat4_lon1,evaluation,RSM00029263
lat4_lon1,evaluation,RSM00029282
lat4_lon1,evaluation,RSM00029572
lat4_lon1,evaluation,RSM00029612
lat4_lon1,evaluation,RSM00029634
lat4_lon1,evaluation,RSM00029698
lat4_lon1,evaluation,RSM00029839
lat4_lon1,evaluation,RSM00029862
lat4_lon1,evaluation,RSM00030054
lat4_lon1,evaluation,RSM00030309
lat4_lon1,evaluation,RSM00030372
lat4_lon1,evaluation,RSM00030557
lat4_lon1,evaluation,RSM00030635
lat4_lon1,evaluation,RSM00030673
lat4_lon1,evaluation,RSM00030758
lat4_lon1,evaluation,RSM00030965
lat4_lon1,evaluation,RSM00036096
lat4_lon1,training,AGM00060680
lat4_lon1,training,AOM00066160
lat4_lon1,training,AQM00091765
lat4_lon1,training,ARM00087155
lat4_lon1,training,ARM00087344
lat4_lon1,training,ARM00087623
lat4_lon1,training,ARM00087715
lat4_lon1,training,ASM00094170
lat4_lon1,training,ASM00094203
lat4_lon1,training,ASM00094302
lat4_lon1,training,ASM00094312
lat4_lon1,training,ASM00094403
lat4_lon1,training,ASM00094430
lat4_lon1,training,ASM00094461
lat4_lon1,training,ASM00094510
lat4_lon1,training,ASM00094578
lat4_lon1,training,ASM00094610
lat4_lon1,training,ASM00094659
lat4_lon1,training,ASM00094672
lat4_lon1,training,ASM00094711
lat4_lon1,training,ASM00094802
lat4_lon1,training,ASM00094866
lat4_lon1,training,ASM00094995
lat4_lon1,training,ASM00094998
lat4_lon1,training,ATM00094005
lat4_lon1,training,ATM00095282
lat4_lon1,training,AYM00089062
lat4_lon1,training,AYM00089564
lat4_lon1,training,AYM00089571
lat4_lon1,training,AYM00089611
lat4_lon1,training,AYM00089664
lat4_lon1,training,BDM00078016
lat4_lon1,training,BEM00006458
lat4_lon1,training,BGM00041923
lat4_lon1,training,BHM00078583
lat4_lon1,training,BRM00082026
lat4_lon1,training,BRM00082099
lat4_lon1,training,BRM00082193
lat4_lon1,training,BRM00082244
lat4_lon1,training,BRM00082332
lat4_lon1,training,BRM00082532
lat4_lon1,training,BRM00082705
lat4_lon1,training,BRM00082965
lat4_lon1,training,BRM00083525
lat4_lon1,training,BRM00083566
lat4_lon1,training,BRM00083612
lat4_lon1,training,BRM00083649
lat4_lon1,training,BRM00083840
lat4_lon1,training,BRM00083937
lat4_lon1,training,CAM00071109
lat4_lon1,training,CAM00071603
lat4_lon1,training,CAM00071722
lat4_lon1,training,CAM00071802
lat4_lon1,training,CAM00071816
lat4_lon1,training,CAM00071867
lat4_lon1,training,CAM00071906
lat4_lon1,training,CAM00071907
lat4_lon1,training,CAM00071908
lat4_lon1,training,CAM00071909
lat4_lon1,training,CAM00071913
lat4_lon1,training,CAM00071917
lat4_lon1,training,CAM00071925
lat4_lon1,training,CAM00071934
lat4_lon1,training,CAM00071957
lat4_lon1,training,CAM00073033
lat4_lon1,training,CAM00073110
lat4_lon1,training,CFM00064400
lat4_lon1,training,CHM00050557
lat4_lon1,training,CHM00050774
lat4_lon1,training,CHM00050953
lat4_lon1,training,CHM00054135
lat4_lon1,training,CHM00054292
lat4_lon1,training,CHM00054340
lat4_lon1,training,CHM00054374
lat4_lon1,training,CHM00054662
lat4_lon1,training,CHM00056571
lat4_lon1,training,CHM00056739
lat4_lon1,training,CHM00056964
lat4_lon1,training,CHM00056985
lat4_lon1,training,CHM00057516
lat4_lon1,training,CHM00057541
lat4_lon1,training,CHM00057972
lat4_lon1,training,CHM00058457
lat4_lon1,training,CHM00058606
lat4_lon1,training,CHM00058633
lat4_lon1,training,CHM00058725
lat4_lon1,training,CHM00059265
lat4_lon1,training,CHM00059280
lat4_lon1,training,CHM00059293
lat4_lon1,training,CIM00085442
lat4_lon1,training,CIM00085586
lat4_lon1,training,CIM00085799
lat4_lon1,training,CKM00096996
lat4_lon1,training,COM00080001
lat4_lon1,training,COM00080222
lat4_lon1,training,COM00080398
lat4_lon1,training,EIM00003953
lat4_lon1,training,ENM00026038
lat4_lon1,training,EZM00011520
lat4_lon1,training,EZM00011747
lat4_lon1,training,FGM00081405
lat4_lon1,training,FJM00091680
lat4_lon1,training,FKM00088889
lat4_lon1,training,FMM00091334
lat4_lon1,training,FMM00091348
lat4_lon1,training,FOM00006011
lat4_lon1,training,FPM00091938
lat4_lon1,training,FRM00007110
lat4_lon1,training,FRM00007145
lat4_lon1,training,FRM00007510
lat4_lon1,training,FRM00007645
lat4_lon1,training,FRM00007761
lat4_lon1,training,GLM00004270
lat4_lon1,training,GMM00010035
lat4_lon1,training,GMM00010113
lat4_lon1,training,GMM00010184
lat4_lon1,training,GMM00010238
lat4_lon1,training,GMM00010304
lat4_lon1,training,GMM00010393
lat4_lon1,training,GMM00010410
lat4_lon1,training,GMM00010548
lat4_lon1,training,GMM00010618
lat4_lon1,training,GMM00010739
lat4_lon1,training,GMM00010868
lat4_lon1,training,GMM00010954
lat4_lon1,training,GPM00078897
lat4_lon1,training,GQM00091212
lat4_lon1,training,GRM00016622
lat4_lon1,training,GRM00016716
lat4_lon1,training,HKM00045004
lat4_lon1,training,HRM00014430
lat4_lon1,training,HUM00012843
lat4_lon1,training,HUM00012982
lat4_lon1,training,IDM00096237
lat4_lon1,training,IDM00096509
lat4_lon1,training,IDM00096581
lat4_lon1,training,IDM00096749
lat4_lon1,training,IDM00096935
lat4_lon1,training,IDM00097372
lat4_lon1,training,IDM00097980
lat4_lon1,training,INM00042220
lat4_lon1,training,INM00042348
lat4_lon1,training,INM00042410
lat4_lon1,training,INM00042623
lat4_lon1,training,INM00042647
lat4_lon1,training,INM00042675
lat4_lon1,training,INM00042809
lat4_lon1,training,INM00042886
lat4_lon1,training,INM00042971
lat4_lon1,training,INM00043003
lat4_lon1,training,INM00043049
lat4_lon1,training,INM00043063
lat4_lon1,training,INM00043128
lat4_lon1,training,INM00043150
lat4_lon1,training,INM00043346
lat4_lon1,training,INM00043353
lat4_lon1,training,INM00043371
lat4_lon1,training,IRM00040766
lat4_lon1,training,IRM00040809
lat4_lon1,training,IRM00040856
lat4_lon1,training,ITM00016045
lat4_lon1,training,ITM00016064
lat4_lon1,training,ITM00016113
lat4_lon1,training,ITM00016144
lat4_lon1,training,ITM00016245
lat4_lon1,training,IVM00065548
lat4_lon1,training,IZM00040650
lat4_lon1,training,JAM00047401
lat4_lon1,training,JAM00047582
lat4_lon1,training,JAM00047646
lat4_lon1,training,JAM00047678
lat4_lon1,training,JAM00047741
lat4_lon1,training,JAM00047807
lat4_lon1,training,JAM00047918
lat4_lon1,training,JAM00047945
lat4_lon1,training,JAM00047971
lat4_lon1,training,JAM00047991
lat4_lon1,training,JNM00001001
lat4_lon1,training,KSM00047138
lat4_lon1,training,KSM00047155
lat4_lon1,training,KSM00047169
lat4_lon1,training,KSM00047186
lat4_lon1,training,KZM00035229
lat4_lon1,training,KZM00035700
lat4_lon1,training,LHM00026629
lat4_lon1,training,MLM00061291
lat4_lon1,training,MOM00060155
lat4_lon1,training,MOM00060253
lat4_lon1,training,MXM00076458
lat4_lon1,training,MXM00076526
lat4_lon1,training,MXM00076595
lat4_lon1,training,MXM00076612
lat4_lon1,training,MXM00076679
lat4_lon1,training,MXM00076692
lat4_lon1,training,MYM00048601
lat4_lon1,training,MYM00048615
lat4_lon1,training,MYM00096441
lat4_lon1,training,MYM00096481
lat4_lon1,training,NCM00091592
lat4_lon1,training,NFM00094996
lat4_lon1,training,NGM00061024
lat4_lon1,training,NGM00061052
lat4_lon1,training,NLM00006260
lat4_lon1,training,NOM00001241
lat4_lon1,training,NOM00001400
lat4_lon1,training,NOM00001415
lat4_lon1,training,NZM00093112
lat4_lon1,training,PFM00059981
lat4_lon1,training,PLM00012575
lat4_lon1,training,PMM00078807
lat4_lon1,training,POM00008508
lat4_lon1,training,POM00008522
lat4_lon1,training,REM00061980
lat4_lon1,training,ROM00015420
lat4_lon1,training,RPM00098223
lat4_lon1,training,RPM00098233
lat4_lon1,training,RPM00098433
lat4_lon1,training,RPM00098444
lat4_lon1,training,RQM00078526
lat4_lon1,training,RSM00020046
lat4_lon1,training,RSM00020674
lat4_lon1,training,RSM00021824
lat4_lon1,training,RSM00022008
lat4_lon1,training,RSM00022217
lat4_lon1,training,RSM00022543
lat4_lon1,training,RSM00022845
lat4_lon1,training,RSM00023078
lat4_lon1,training,RSM00023205
lat4_lon1,training,RSM00023330
lat4_lon1,training,RSM00023415
lat4_lon1,training,RSM00023472
lat4_lon1,training,RSM00023802
lat4_lon1,training,RSM00023933
lat4_lon1,training,RSM00023955
lat4_lon1,training,RSM00024507
lat4_lon1,training,RSM00024641
lat4_lon1,training,RSM00024688
lat4_lon1,training,RSM00024726
lat4_lon1,training,RSM00024959
lat4_lon1,training,RSM00025403
lat4_lon1,training,RSM00025703
lat4_lon1,training,RSM00025913
lat4_lon1,training,RSM00026075
lat4_lon1,training,RSM00026298
lat4_lon1,training,RSM00026708
lat4_lon1,training,RSM00027038
lat4_lon1,training,RSM00027199
lat4_lon1,training,RSM00027707
lat4_lon1,training,RSM00027713
lat4_lon1,training,RSM00027730
lat4_lon1,training,RSM00028225
lat4_lon1,training,RSM00031088
lat4_lon1,training,RSM00031510
lat4_lon1,training,RSM00031538
lat4_lon1,training,RSM00031770
lat4_lon1,training,RSM00031873
lat4_lon1,training,RSM00032061
lat4_lon1,training,RSM00032098
lat4_lon1,training,RSM00032150
lat4_lon1,training,RSM00032389
lat4_lon1,training,RSM00032477
lat4_lon1,training,RSM00032540
lat4_lon1,training,RSM00032618
lat4_lon1,training,RSM00034172
lat4_lon1,training,RSM00034731
lat4_lon1,training,RSM00034858
lat4_lon1,training,RSM00034882
lat4_lon1,training,RSM00035121
lat4_lon1,training,RSM00037011
lat4_lon1,training,SAM00040373
lat4_lon1,training,SAM00040375
lat4_lon1,training,SAM00040394
lat4_lon1,training,SAM00040417
lat4_lon1,training,SAM00040430
lat4_lon1,training,SFM00068263
lat4_lon1,training,SFM00068512
lat4_lon1,training,SFM00068842
lat4_lon1,training,SHM00061901
lat4_lon1,training,SHM00068906
lat4_lon1,training,SNM00048698
lat4_lon1,training,SPM00008001
lat4_lon1,training,SPM00008023
lat4_lon1,training,SPM00008190
lat4_lon1,training,SPM00008221
lat4_lon1,training,SPM00008302
lat4_lon1,training,SPM00008383
lat4_lon1,training,SPM00008430
lat4_lon1,training,SWM00002591
lat4_lon1,training,SZM00006610
lat4_lon1,training,THM00048327
lat4_lon1,training,THM00048378
lat4_lon1,training,THM00048381
lat4_lon1,training,THM00048431
lat4_lon1,training,THM00048453
lat4_lon1,training,THM00048480
lat4_lon1,training,TUM00017064
lat4_lon1,training,TUM00017095
lat4_lon1,training,TUM00017220
lat4_lon1,training,TUM00017240
lat4_lon1,training,UKM00003005
lat4_lon1,training,UKM00003238
lat4_lon1,training,UKM00003918
lat4_lon1,training,USM00070026
lat4_lon1,training,USM00070200
lat4_lon1,training,USM00070219
lat4_lon1,training,USM00070261
lat4_lon1,training,USM00070273
lat4_lon1,training,USM00070308
lat4_lon1,training,USM00070350
lat4_lon1,training,USM00072201
lat4_lon1,training,USM00072202
lat4_lon1,training,USM00072206
lat4_lon1,training,USM00072208
lat4_lon1,training,USM00072210
lat4_lon1,training,USM00072215
lat4_lon1,training,USM00072235
lat4_lon1,training,USM00072240
lat4_lon1,training,USM00072248
lat4_lon1,training,USM00072249
lat4_lon1,training,USM00072251
lat4_lon1,training,USM00072261
lat4_lon1,training,USM00072265
lat4_lon1,training,USM00072293
lat4_lon1,training,USM00072317
lat4_lon1,training,USM00072327
lat4_lon1,training,USM00072357
lat4_lon1,training,USM00072364
lat4_lon1,training,USM00072376
lat4_lon1,training,USM00072393
lat4_lon1,training,USM00072402
lat4_lon1,training,USM00072403
lat4_lon1,training,USM00072426
lat4_lon1,training,USM00072440
lat4_lon1,training,USM00072451
lat4_lon1,training,USM00072456
lat4_lon1,training,USM00072476
lat4_lon1,training,USM00072493
lat4_lon1,training,USM00072518
lat4_lon1,training,USM00072520
lat4_lon1,training,USM00072582
lat4_lon1,training,USM00072597
lat4_lon1,training,USM00072632
lat4_lon1,training,USM00072634
lat4_lon1,training,USM00072645
lat4_lon1,training,USM00072659
lat4_lon1,training,USM00072662
lat4_lon1,training,USM00072672
lat4_lon1,training,USM00072681
lat4_lon1,training,USM00072694
lat4_lon1,training,USM00072712
lat4_lon1,training,USM00072764
lat4_lon1,training,USM00072768
lat4_lon1,training,USM00074560
lat4_lon1,training,USM00074646
lat4_lon1,training,USM00091165
lat4_lon1,training,USM00091285
lat4_lon1,training,VMM00048820
lat4_lon1,training,VMM00048855
lat4_lon1,early_validation,AEM00041217
lat4_lon1,early_validation,ASM00095527
lat4_lon1,early_validation,ATM00094001
lat4_lon1,early_validation,AYM00089592
lat4_lon1,early_validation,AYM00089642
lat4_lon1,early_validation,BBM00078954
lat4_lon1,early_validation,BRM00082107
lat4_lon1,early_validation,BRM00082824
lat4_lon1,early_validation,BRM00083779
lat4_lon1,early_validation,CAM00071081
lat4_lon1,early_validation,CAM00071823
lat4_lon1,early_validation,CHM00054857
lat4_lon1,early_validation,CHM00056778
lat4_lon1,early_validation,CHM00057687
lat4_lon1,early_validation,CHM00058362
lat4_lon1,early_validation,CHM00059134
lat4_lon1,early_validation,CIM00085934
lat4_lon1,early_validation,DRM00078486
lat4_lon1,early_validation,IDM00097502
lat4_lon1,early_validation,INM00042314
lat4_lon1,early_validation,IRM00040706
lat4_lon1,early_validation,ITM00016332
lat4_lon1,early_validation,JAM00047827
lat4_lon1,early_validation,JAM00047909
lat4_lon1,early_validation,MLM00048811
lat4_lon1,early_validation,MXM00076654
lat4_lon1,early_validation,MYM00048657
lat4_lon1,early_validation,MYM00096413
lat4_lon1,early_validation,MYM00096471
lat4_lon1,early_validation,PLM00012425
lat4_lon1,early_validation,POM00008536
lat4_lon1,early_validation,QAM00041169
lat4_lon1,early_validation,RSM00022522
lat4_lon1,early_validation,RSM00024343
lat4_lon1,early_validation,RSM00025123
lat4_lon1,early_validation,RSM00026477
lat4_lon1,early_validation,RSM00027962
lat4_lon1,early_validation,RSM00032215
lat4_lon1,early_validation,RSM00034009
lat4_lon1,early_validation,RSM00034247
lat4_lon1,early_validation,RSM00034467
lat4_lon1,early_validation,SFM00068816
lat4_lon1,early_validation,THM00048407
lat4_lon1,early_validation,TUM00017030
lat4_lon1,early_validation,TUM00017196
lat4_lon1,early_validation,UKM00003808
lat4_lon1,early_validation,USM00070361
lat4_lon1,early_validation,USM00070398
lat4_lon1,early_validation,USM00072489
lat4_lon1,early_validation,USM00072501
lat4_lon1,early_validation,USM00072558
lat4_lon1,early_validation,USM00072572
lat4_lon1,early_validation,USM00072747
lat4_lon1,early_validation,USM00074389
lat4_lon1,calibration,AGM00060390
lat4_lon1,calibration,ARM00087860
lat4_lon1,calibration,ASM00094637
lat4_lon1,calibration,AYM00089532
lat4_lon1,calibration,BRM00082022
lat4_lon1,calibration,BRM00083827
lat4_lon1,calibration,BRM00083899
lat4_lon1,calibration,CAM00071043
lat4_lon1,calibration,CAM00071119
lat4_lon1,calibration,CAM00071845
lat4_lon1,calibration,CAM00071924
lat4_lon1,calibration,CHM00054161
lat4_lon1,calibration,CHM00056492
lat4_lon1,calibration,CHM00056651
lat4_lon1,calibration,CHM00058150
lat4_lon1,calibration,CHM00058665
lat4_lon1,calibration,CHM00058847
lat4_lon1,calibration,CHM00059023
lat4_lon1,calibration,FMM00091413
lat4_lon1,calibration,FPM00091925
lat4_lon1,calibration,GLM00004220
lat4_lon1,calibration,HRM00014240
lat4_lon1,calibration,IDM00097180
lat4_lon1,calibration,INM00042339
lat4_lon1,calibration,INM00043185
lat4_lon1,calibration,IRM00040841
lat4_lon1,calibration,ITM00016546
lat4_lon1,calibration,JAM00047412
lat4_lon1,calibration,KEM00063741
lat4_lon1,calibration,KSM00047230
lat4_lon1,calibration,MXM00076256
lat4_lon1,calibration,MXM00076644
lat4_lon1,calibration,NZM00093844
lat4_lon1,calibration,PLM00012374
lat4_lon1,calibration,PSM00091408
lat4_lon1,calibration,RSM00022271
lat4_lon1,calibration,RSM00023884
lat4_lon1,calibration,RSM00023921
lat4_lon1,calibration,RSM00024122
lat4_lon1,calibration,RSM00024908
lat4_lon1,calibration,RSM00026781
lat4_lon1,calibration,RSM00027594
lat4_lon1,calibration,RSM00027995
lat4_lon1,calibration,RSM00028722
lat4_lon1,calibration,RSM00031300
lat4_lon1,calibration,SAM00041112
lat4_lon1,calibration,SVM00001028
lat4_lon1,calibration,THM00048500
lat4_lon1,calibration,UKM00003354
lat4_lon1,calibration,USM00070316
lat4_lon1,calibration,USM00070326
lat4_lon1,calibration,USM00072230
lat4_lon1,calibration,USM00072274
lat4_lon1,calibration,USM00072363
lat4_lon1,calibration,USM00072528
lat4_lon1,calibration,USM00074455
lat4_lon1,calibration,VMM00048839
lat3_lon1,evaluation,BGM00041923
lat3_lon1,evaluation,CHM00056492
lat3_lon1,evaluation,CHM00056571
lat3_lon1,evaluation,CHM00056651
lat3_lon1,evaluation,CHM00056691
lat3_lon1,evaluation,CHM00056739
lat3_lon1,evaluation,CHM00056778
lat3_lon1,evaluation,CHM00056964
lat3_lon1,evaluation,CHM00056985
lat3_lon1,evaluation,CHM00057516
lat3_lon1,evaluation,CHM00057541
lat3_lon1,evaluation,CHM00057687
lat3_lon1,evaluation,CHM00057816
lat3_lon1,evaluation,CHM00057957
lat3_lon1,evaluation,CHM00057972
lat3_lon1,evaluation,CHM00058606
lat3_lon1,evaluation,CHM00058633
lat3_lon1,evaluation,CHM00058725
lat3_lon1,evaluation,CHM00058847
lat3_lon1,evaluation,CHM00059023
lat3_lon1,evaluation,CHM00059134
lat3_lon1,evaluation,CHM00059211
lat3_lon1,evaluation,CHM00059265
lat3_lon1,evaluation,CHM00059280
lat3_lon1,evaluation,CHM00059293
lat3_lon1,evaluation,CHM00059316
lat3_lon1,evaluation,HKM00045004
lat3_lon1,evaluation,IDM00096509
lat3_lon1,evaluation,INM00042182
lat3_lon1,evaluation,INM00042220
lat3_lon1,evaluation,INM00042314
lat3_lon1,evaluation,INM00042339
lat3_lon1,evaluation,INM00042348
lat3_lon1,evaluation,INM00042410
lat3_lon1,evaluation,INM00042623
lat3_lon1,evaluation,INM00042647
lat3_lon1,evaluation,INM00042675
lat3_lon1,evaluation,INM00042809
lat3_lon1,evaluation,INM00042867
lat3_lon1,evaluation,INM00042886
lat3_lon1,evaluation,INM00042971
lat3_lon1,evaluation,INM00043003
lat3_lon1,evaluation,INM00043049
lat3_lon1,evaluation,INM00043063
lat3_lon1,evaluation,INM00043128
lat3_lon1,evaluation,INM00043150
lat3_lon1,evaluation,INM00043185
lat3_lon1,evaluation,INM00043346
lat3_lon1,evaluation,INM00043353
lat3_lon1,evaluation,INM00043371
lat3_lon1,evaluation,IRM00040856
lat3_lon1,evaluation,MYM00048601
lat3_lon1,evaluation,MYM00048615
lat3_lon1,evaluation,MYM00048650
lat3_lon1,evaluation,MYM00048657
lat3_lon1,evaluation,MYM00096413
lat3_lon1,evaluation,MYM00096441
lat3_lon1,evaluation,MYM00096471
lat3_lon1,evaluation,MYM00096481
lat3_lon1,evaluation,PFM00059981
lat3_lon1,evaluation,RPM00098618
lat3_lon1,evaluation,SNM00048698
lat3_lon1,evaluation,THM00048327
lat3_lon1,evaluation,THM00048378
lat3_lon1,evaluation,THM00048381
lat3_lon1,evaluation,THM00048407
lat3_lon1,evaluation,THM00048431
lat3_lon1,evaluation,THM00048453
lat3_lon1,evaluation,THM00048480
lat3_lon1,evaluation,THM00048500
lat3_lon1,evaluation,THM00048568
lat3_lon1,evaluation,VMM00048820
lat3_lon1,evaluation,VMM00048839
lat3_lon1,evaluation,VMM00048845
lat3_lon1,evaluation,VMM00048855
lat3_lon1,evaluation,VMM00048900
lat3_lon1,training,AGM00060680
lat3_lon1,training,AOM00066160
lat3_lon1,training,AQM00091765
lat3_lon1,training,ARM00087155
lat3_lon1,training,ARM00087344
lat3_lon1,training,ARM00087623
lat3_lon1,training,ARM00087715
lat3_lon1,training,ASM00094170
lat3_lon1,training,ASM00094203
lat3_lon1,training,ASM00094302
lat3_lon1,training,ASM00094312
lat3_lon1,training,ASM00094403
lat3_lon1,training,ASM00094430
lat3_lon1,training,ASM00094461
lat3_lon1,training,ASM00094510
lat3_lon1,training,ASM00094578
lat3_lon1,training,ASM00094610
lat3_lon1,training,ASM00094659
lat3_lon1,training,ASM00094672
lat3_lon1,training,ASM00094711
lat3_lon1,training,ASM00094802
lat3_lon1,training,ASM00094866
lat3_lon1,training,ASM00094995
lat3_lon1,training,ASM00094998
lat3_lon1,training,ATM00094005
lat3_lon1,training,ATM00095282
lat3_lon1,training,AYM00089062
lat3_lon1,training,AYM00089564
lat3_lon1,training,AYM00089571
lat3_lon1,training,AYM00089611
lat3_lon1,training,AYM00089664
lat3_lon1,training,BDM00078016
lat3_lon1,training,BEM00006458
lat3_lon1,training,BHM00078583
lat3_lon1,training,BRM00082026
lat3_lon1,training,BRM00082099
lat3_lon1,training,BRM00082193
lat3_lon1,training,BRM00082244
lat3_lon1,training,BRM00082332
lat3_lon1,training,BRM00082532
lat3_lon1,training,BRM00082705
lat3_lon1,training,BRM00082965
lat3_lon1,training,BRM00083525
lat3_lon1,training,BRM00083566
lat3_lon1,training,BRM00083612
lat3_lon1,training,BRM00083649
lat3_lon1,training,BRM00083840
lat3_lon1,training,BRM00083937
lat3_lon1,training,CAM00071109
lat3_lon1,training,CAM00071603
lat3_lon1,training,CAM00071722
lat3_lon1,training,CAM00071802
lat3_lon1,training,CAM00071816
lat3_lon1,training,CAM00071867
lat3_lon1,training,CAM00071906
lat3_lon1,training,CAM00071907
lat3_lon1,training,CAM00071908
lat3_lon1,training,CAM00071909
lat3_lon1,training,CAM00071913
lat3_lon1,training,CAM00071917
lat3_lon1,training,CAM00071925
lat3_lon1,training,CAM00071934
lat3_lon1,training,CAM00071957
lat3_lon1,training,CAM00073033
lat3_lon1,training,CAM00073110
lat3_lon1,training,CFM00064400
lat3_lon1,training,CHM00050527
lat3_lon1,training,CHM00050557
lat3_lon1,training,CHM00050774
lat3_lon1,training,CHM00050953
lat3_lon1,training,CHM00051076
lat3_lon1,training,CHM00051243
lat3_lon1,training,CHM00051431
lat3_lon1,training,CHM00051463
lat3_lon1,training,CHM00051644
lat3_lon1,training,CHM00051656
lat3_lon1,training,CHM00051709
lat3_lon1,training,CHM00051777
lat3_lon1,training,CHM00051839
lat3_lon1,training,CHM00052533
lat3_lon1,training,CHM00052681
lat3_lon1,training,CHM00052866
lat3_lon1,training,CHM00052983
lat3_lon1,training,CHM00053463
lat3_lon1,training,CHM00053543
lat3_lon1,training,CHM00053614
lat3_lon1,training,CHM00053772
lat3_lon1,training,CHM00053845
lat3_lon1,training,CHM00053915
lat3_lon1,training,CHM00054102
lat3_lon1,training,CHM00054135
lat3_lon1,training,CHM00054218
lat3_lon1,training,CHM00054292
lat3_lon1,training,CHM00054340
lat3_lon1,training,CHM00054374
lat3_lon1,training,CHM00054662
lat3_lon1,training,CHM00054727
lat3_lon1,training,CHM00056080
lat3_lon1,training,CHM00057083
lat3_lon1,training,CHM00057127
lat3_lon1,training,CHM00057461
lat3_lon1,training,CHM00057494
lat3_lon1,training,CHM00058203
lat3_lon1,training,CHM00058238
lat3_lon1,training,CHM00058457
lat3_lon1,training,CIM00085442
lat3_lon1,training,CIM00085586
lat3_lon1,training,CIM00085799
lat3_lon1,training,CKM00096996
lat3_lon1,training,COM00080001
lat3_lon1,training,COM00080222
lat3_lon1,training,COM00080398
lat3_lon1,training,EIM00003953
lat3_lon1,training,ENM00026038
lat3_lon1,training,EZM00011520
lat3_lon1,training,EZM00011747
lat3_lon1,training,FGM00081405
lat3_lon1,training,FJM00091680
lat3_lon1,training,FKM00088889
lat3_lon1,training,FMM00091334
lat3_lon1,training,FMM00091348
lat3_lon1,training,FOM00006011
lat3_lon1,training,FPM00091938
lat3_lon1,training,FRM00007110
lat3_lon1,training,FRM00007145
lat3_lon1,training,FRM00007510
lat3_lon1,training,FRM00007645
lat3_lon1,training,FRM00007761
lat3_lon1,training,GLM00004270
lat3_lon1,training,GMM00010035
lat3_lon1,training,GMM00010113
lat3_lon1,training,GMM00010184
lat3_lon1,training,GMM00010238
lat3_lon1,training,GMM00010304
lat3_lon1,training,GMM00010393
lat3_lon1,training,GMM00010410
lat3_lon1,training,GMM00010548
lat3_lon1,training,GMM00010618
lat3_lon1,training,GMM00010739
lat3_lon1,training,GMM00010868
lat3_lon1,training,GMM00010954
lat3_lon1,training,GPM00078897
lat3_lon1,training,GQM00091212
lat3_lon1,training,GRM00016622
lat3_lon1,training,GRM00016716
lat3_lon1,training,HRM00014430
lat3_lon1,training,HUM00012843
lat3_lon1,training,HUM00012982
lat3_lon1,training,IDM00096237
lat3_lon1,training,IDM00096581
lat3_lon1,training,IDM00096749
lat3_lon1,training,IDM00096935
lat3_lon1,training,IDM00097372
lat3_lon1,training,IDM00097980
lat3_lon1,training,INM00042111
lat3_lon1,training,IRM00040766
lat3_lon1,training,IRM00040809
lat3_lon1,training,ITM00016045
lat3_lon1,training,ITM00016064
lat3_lon1,training,ITM00016113
lat3_lon1,training,ITM00016144
lat3_lon1,training,ITM00016245
lat3_lon1,training,IVM00065548
lat3_lon1,training,IZM00040650
lat3_lon1,training,JAM00047401
lat3_lon1,training,JAM00047582
lat3_lon1,training,JAM00047646
lat3_lon1,training,JAM00047678
lat3_lon1,training,JAM00047741
lat3_lon1,training,JAM00047807
lat3_lon1,training,JAM00047918
lat3_lon1,training,JAM00047945
lat3_lon1,training,JAM00047971
lat3_lon1,training,JAM00047991
lat3_lon1,training,JNM00001001
lat3_lon1,training,KSM00047138
lat3_lon1,training,KSM00047155
lat3_lon1,training,KSM00047169
lat3_lon1,training,KSM00047186
lat3_lon1,training,KZM00028951
lat3_lon1,training,KZM00035229
lat3_lon1,training,KZM00035671
lat3_lon1,training,KZM00035700
lat3_lon1,training,KZM00036003
lat3_lon1,training,KZM00036872
lat3_lon1,training,KZM00038064
lat3_lon1,training,KZM00038341
lat3_lon1,training,LHM00026629
lat3_lon1,training,MGM00044212
lat3_lon1,training,MGM00044231
lat3_lon1,training,MGM00044292
lat3_lon1,training,MGM00044373
lat3_lon1,training,MLM00061291
lat3_lon1,training,MOM00060155
lat3_lon1,training,MOM00060253
lat3_lon1,training,MXM00076458
lat3_lon1,training,MXM00076526
lat3_lon1,training,MXM00076595
lat3_lon1,training,MXM00076612
lat3_lon1,training,MXM00076679
lat3_lon1,training,MXM00076692
lat3_lon1,training,NCM00091592
lat3_lon1,training,NFM00094996
lat3_lon1,training,NGM00061024
lat3_lon1,training,NGM00061052
lat3_lon1,training,NLM00006260
lat3_lon1,training,NOM00001241
lat3_lon1,training,NOM00001400
lat3_lon1,training,NOM00001415
lat3_lon1,training,NZM00093112
lat3_lon1,training,PLM00012575
lat3_lon1,training,PMM00078807
lat3_lon1,training,POM00008508
lat3_lon1,training,POM00008522
lat3_lon1,training,REM00061980
lat3_lon1,training,ROM00015420
lat3_lon1,training,RPM00098223
lat3_lon1,training,RPM00098233
lat3_lon1,training,RPM00098433
lat3_lon1,training,RPM00098444
lat3_lon1,training,RQM00078526
lat3_lon1,training,RSM00020046
lat3_lon1,training,RSM00020674
lat3_lon1,training,RSM00021824
lat3_lon1,training,RSM00022008
lat3_lon1,training,RSM00022217
lat3_lon1,training,RSM00022543
lat3_lon1,training,RSM00022845
lat3_lon1,training,RSM00023078
lat3_lon1,training,RSM00023205
lat3_lon1,training,RSM00023330
lat3_lon1,training,RSM00023415
lat3_lon1,training,RSM00023472
lat3_lon1,training,RSM00023802
lat3_lon1,training,RSM00023933
lat3_lon1,training,RSM00023955
lat3_lon1,training,RSM00024507
lat3_lon1,training,RSM00024641
lat3_lon1,training,RSM00024688
lat3_lon1,training,RSM00024726
lat3_lon1,training,RSM00024959
lat3_lon1,training,RSM00025403
lat3_lon1,training,RSM00025703
lat3_lon1,training,RSM00025913
lat3_lon1,training,RSM00026075
lat3_lon1,training,RSM00026298
lat3_lon1,training,RSM00026708
lat3_lon1,training,RSM00027038
lat3_lon1,training,RSM00027199
lat3_lon1,training,RSM00027707
lat3_lon1,training,RSM00027713
lat3_lon1,training,RSM00027730
lat3_lon1,training,RSM00028225
lat3_lon1,training,RSM00029263
lat3_lon1,training,RSM00029282
lat3_lon1,training,RSM00029572
lat3_lon1,training,RSM00029612
lat3_lon1,training,RSM00029839
lat3_lon1,training,RSM00029862
lat3_lon1,training,RSM00030054
lat3_lon1,training,RSM00030309
lat3_lon1,training,RSM00030557
lat3_lon1,training,RSM00030635
lat3_lon1,training,RSM00031088
lat3_lon1,training,RSM00031510
lat3_lon1,training,RSM00031538
lat3_lon1,training,RSM00031770
lat3_lon1,training,RSM00031873
lat3_lon1,training,RSM00032061
lat3_lon1,training,RSM00032098
lat3_lon1,training,RSM00032150
lat3_lon1,training,RSM00032389
lat3_lon1,training,RSM00032477
lat3_lon1,training,RSM00032540
lat3_lon1,training,RSM00032618
lat3_lon1,training,RSM00034172
lat3_lon1,training,RSM00034731
lat3_lon1,training,RSM00034858
lat3_lon1,training,RSM00034882
lat3_lon1,training,RSM00035121
lat3_lon1,training,RSM00037011
lat3_lon1,training,SAM00040373
lat3_lon1,training,SAM00040375
lat3_lon1,training,SAM00040394
lat3_lon1,training,SAM00040417
lat3_lon1,training,SAM00040430
lat3_lon1,training,SFM00068263
lat3_lon1,training,SFM00068512
lat3_lon1,training,SFM00068842
lat3_lon1,training,SHM00061901
lat3_lon1,training,SHM00068906
lat3_lon1,training,SPM00008001
lat3_lon1,training,SPM00008023
lat3_lon1,training,SPM00008190
lat3_lon1,training,SPM00008221
lat3_lon1,training,SPM00008302
lat3_lon1,training,SPM00008383
lat3_lon1,training,SPM00008430
lat3_lon1,training,SWM00002591
lat3_lon1,training,SZM00006610
lat3_lon1,training,TUM00017064
lat3_lon1,training,TUM00017095
lat3_lon1,training,TUM00017220
lat3_lon1,training,TUM00017240
lat3_lon1,training,UKM00003005
lat3_lon1,training,UKM00003238
lat3_lon1,training,UKM00003918
lat3_lon1,training,USM00070026
lat3_lon1,training,USM00070200
lat3_lon1,training,USM00070219
lat3_lon1,training,USM00070261
lat3_lon1,training,USM00070273
lat3_lon1,training,USM00070308
lat3_lon1,training,USM00070350
lat3_lon1,training,USM00072201
lat3_lon1,training,USM00072202
lat3_lon1,training,USM00072206
lat3_lon1,training,USM00072208
lat3_lon1,training,USM00072210
lat3_lon1,training,USM00072215
lat3_lon1,training,USM00072235
lat3_lon1,training,USM00072240
lat3_lon1,training,USM00072248
lat3_lon1,training,USM00072249
lat3_lon1,training,USM00072251
lat3_lon1,training,USM00072261
lat3_lon1,training,USM00072265
lat3_lon1,training,USM00072293
lat3_lon1,training,USM00072317
lat3_lon1,training,USM00072327
lat3_lon1,training,USM00072357
lat3_lon1,training,USM00072364
lat3_lon1,training,USM00072376
lat3_lon1,training,USM00072393
lat3_lon1,training,USM00072402
lat3_lon1,training,USM00072403
lat3_lon1,training,USM00072426
lat3_lon1,training,USM00072440
lat3_lon1,training,USM00072451
lat3_lon1,training,USM00072456
lat3_lon1,training,USM00072476
lat3_lon1,training,USM00072493
lat3_lon1,training,USM00072518
lat3_lon1,training,USM00072520
lat3_lon1,training,USM00072582
lat3_lon1,training,USM00072597
lat3_lon1,training,USM00072632
lat3_lon1,training,USM00072634
lat3_lon1,training,USM00072645
lat3_lon1,training,USM00072659
lat3_lon1,training,USM00072662
lat3_lon1,training,USM00072672
lat3_lon1,training,USM00072681
lat3_lon1,training,USM00072694
lat3_lon1,training,USM00072712
lat3_lon1,training,USM00072764
lat3_lon1,training,USM00072768
lat3_lon1,training,USM00074560
lat3_lon1,training,USM00074646
lat3_lon1,training,USM00091165
lat3_lon1,training,USM00091285
lat3_lon1,early_validation,AEM00041217
lat3_lon1,early_validation,ASM00095527
lat3_lon1,early_validation,ATM00094001
lat3_lon1,early_validation,AYM00089592
lat3_lon1,early_validation,AYM00089642
lat3_lon1,early_validation,BBM00078954
lat3_lon1,early_validation,BRM00082107
lat3_lon1,early_validation,BRM00082824
lat3_lon1,early_validation,BRM00083779
lat3_lon1,early_validation,CAM00071081
lat3_lon1,early_validation,CAM00071823
lat3_lon1,early_validation,CHM00052203
lat3_lon1,early_validation,CHM00052267
lat3_lon1,early_validation,CHM00052418
lat3_lon1,early_validation,CHM00054857
lat3_lon1,early_validation,CHM00056187
lat3_lon1,early_validation,CHM00057245
lat3_lon1,early_validation,CHM00058362
lat3_lon1,early_validation,CHM00058424
lat3_lon1,early_validation,CIM00085934
lat3_lon1,early_validation,DRM00078486
lat3_lon1,early_validation,IDM00097502
lat3_lon1,early_validation,IRM00040706
lat3_lon1,early_validation,ITM00016332
lat3_lon1,early_validation,JAM00047827
lat3_lon1,early_validation,JAM00047909
lat3_lon1,early_validation,KZM00035394
lat3_lon1,early_validation,MLM00048811
lat3_lon1,early_validation,MXM00076654
lat3_lon1,early_validation,PLM00012425
lat3_lon1,early_validation,POM00008536
lat3_lon1,early_validation,QAM00041169
lat3_lon1,early_validation,RSM00022522
lat3_lon1,early_validation,RSM00024343
lat3_lon1,early_validation,RSM00025123
lat3_lon1,early_validation,RSM00026477
lat3_lon1,early_validation,RSM00027962
lat3_lon1,early_validation,RSM00028275
lat3_lon1,early_validation,RSM00029231
lat3_lon1,early_validation,RSM00032215
lat3_lon1,early_validation,RSM00034009
lat3_lon1,early_validation,RSM00034247
lat3_lon1,early_validation,RSM00034467
lat3_lon1,early_validation,RSM00036096
lat3_lon1,early_validation,SFM00068816
lat3_lon1,early_validation,TUM00017030
lat3_lon1,early_validation,TUM00017196
lat3_lon1,early_validation,UKM00003808
lat3_lon1,early_validation,USM00070361
lat3_lon1,early_validation,USM00070398
lat3_lon1,early_validation,USM00072489
lat3_lon1,early_validation,USM00072501
lat3_lon1,early_validation,USM00072558
lat3_lon1,early_validation,USM00072572
lat3_lon1,early_validation,USM00072747
lat3_lon1,early_validation,USM00074389
lat3_lon1,calibration,AGM00060390
lat3_lon1,calibration,ARM00087860
lat3_lon1,calibration,ASM00094637
lat3_lon1,calibration,AYM00089532
lat3_lon1,calibration,BRM00082022
lat3_lon1,calibration,BRM00083827
lat3_lon1,calibration,BRM00083899
lat3_lon1,calibration,CAM00071043
lat3_lon1,calibration,CAM00071119
lat3_lon1,calibration,CAM00071845
lat3_lon1,calibration,CAM00071924
lat3_lon1,calibration,CHM00053513
lat3_lon1,calibration,CHM00054161
lat3_lon1,calibration,CHM00054511
lat3_lon1,calibration,CHM00058027
lat3_lon1,calibration,CHM00058150
lat3_lon1,calibration,CHM00058665
lat3_lon1,calibration,FMM00091413
lat3_lon1,calibration,FPM00091925
lat3_lon1,calibration,GLM00004220
lat3_lon1,calibration,HRM00014240
lat3_lon1,calibration,IDM00097180
lat3_lon1,calibration,IRM00040841
lat3_lon1,calibration,ITM00016546
lat3_lon1,calibration,JAM00047412
lat3_lon1,calibration,KEM00063741
lat3_lon1,calibration,KSM00047230
lat3_lon1,calibration,MXM00076256
lat3_lon1,calibration,MXM00076644
lat3_lon1,calibration,NZM00093844
lat3_lon1,calibration,PLM00012374
lat3_lon1,calibration,PSM00091408
lat3_lon1,calibration,RSM00022271
lat3_lon1,calibration,RSM00023884
lat3_lon1,calibration,RSM00023921
lat3_lon1,calibration,RSM00024122
lat3_lon1,calibration,RSM00024908
lat3_lon1,calibration,RSM00026781
lat3_lon1,calibration,RSM00027594
lat3_lon1,calibration,RSM00027995
lat3_lon1,calibration,RSM00028445
lat3_lon1,calibration,RSM00028695
lat3_lon1,calibration,RSM00028722
lat3_lon1,calibration,RSM00029634
lat3_lon1,calibration,RSM00031300
lat3_lon1,calibration,SAM00041112
lat3_lon1,calibration,SVM00001028
lat3_lon1,calibration,UKM00003354
lat3_lon1,calibration,USM00070316
lat3_lon1,calibration,USM00070326
lat3_lon1,calibration,USM00072230
lat3_lon1,calibration,USM00072274
lat3_lon1,calibration,USM00072363
lat3_lon1,calibration,USM00072528
lat3_lon1,calibration,USM00074455
lat4_lon4,evaluation,BDM00078016
lat4_lon4,evaluation,CAM00071119
lat4_lon4,evaluation,CAM00071603
lat4_lon4,evaluation,CAM00071722
lat4_lon4,evaluation,CAM00071811
lat4_lon4,evaluation,CAM00071816
lat4_lon4,evaluation,CAM00071823
lat4_lon4,evaluation,CAM00071845
lat4_lon4,evaluation,CAM00071867
lat4_lon4,evaluation,CAM00071906
lat4_lon4,evaluation,CAM00071907
lat4_lon4,evaluation,CAM00071913
lat4_lon4,evaluation,CAM00073033
lat4_lon4,evaluation,CAM00073110
lat4_lon4,evaluation,CAM00073111
lat4_lon4,evaluation,USM00072206
lat4_lon4,evaluation,USM00072208
lat4_lon4,evaluation,USM00072215
lat4_lon4,evaluation,USM00072230
lat4_lon4,evaluation,USM00072233
lat4_lon4,evaluation,USM00072235
lat4_lon4,evaluation,USM00072240
lat4_lon4,evaluation,USM00072248
lat4_lon4,evaluation,USM00072249
lat4_lon4,evaluation,USM00072265
lat4_lon4,evaluation,USM00072274
lat4_lon4,evaluation,USM00072293
lat4_lon4,evaluation,USM00072305
lat4_lon4,evaluation,USM00072317
lat4_lon4,evaluation,USM00072318
lat4_lon4,evaluation,USM00072327
lat4_lon4,evaluation,USM00072340
lat4_lon4,evaluation,USM00072357
lat4_lon4,evaluation,USM00072363
lat4_lon4,evaluation,USM00072364
lat4_lon4,evaluation,USM00072365
lat4_lon4,evaluation,USM00072376
lat4_lon4,evaluation,USM00072388
lat4_lon4,evaluation,USM00072402
lat4_lon4,evaluation,USM00072403
lat4_lon4,evaluation,USM00072426
lat4_lon4,evaluation,USM00072440
lat4_lon4,evaluation,USM00072451
lat4_lon4,evaluation,USM00072456
lat4_lon4,evaluation,USM00072476
lat4_lon4,evaluation,USM00072489
lat4_lon4,evaluation,USM00072501
lat4_lon4,evaluation,USM00072518
lat4_lon4,evaluation,USM00072520
lat4_lon4,evaluation,USM00072528
lat4_lon4,evaluation,USM00072558
lat4_lon4,evaluation,USM00072572
lat4_lon4,evaluation,USM00072582
lat4_lon4,evaluation,USM00072632
lat4_lon4,evaluation,USM00072634
lat4_lon4,evaluation,USM00072645
lat4_lon4,evaluation,USM00072649
lat4_lon4,evaluation,USM00072659
lat4_lon4,evaluation,USM00072662
lat4_lon4,evaluation,USM00072672
lat4_lon4,evaluation,USM00072681
lat4_lon4,evaluation,USM00072712
lat4_lon4,evaluation,USM00072747
lat4_lon4,evaluation,USM00072764
lat4_lon4,evaluation,USM00072768
lat4_lon4,evaluation,USM00074389
lat4_lon4,evaluation,USM00074455
lat4_lon4,evaluation,USM00074560
lat4_lon4,evaluation,USM00074646
lat4_lon4,training,AGM00060680
lat4_lon4,training,AOM00066160
lat4_lon4,training,AQM00091765
lat4_lon4,training,ARM00087155
lat4_lon4,training,ARM00087344
lat4_lon4,training,ARM00087623
lat4_lon4,training,ARM00087715
lat4_lon4,training,ASM00094170
lat4_lon4,training,ASM00094203
lat4_lon4,training,ASM00094302
lat4_lon4,training,ASM00094312
lat4_lon4,training,ASM00094403
lat4_lon4,training,ASM00094430
lat4_lon4,training,ASM00094461
lat4_lon4,training,ASM00094510
lat4_lon4,training,ASM00094578
lat4_lon4,training,ASM00094610
lat4_lon4,training,ASM00094659
lat4_lon4,training,ASM00094672
lat4_lon4,training,ASM00094711
lat4_lon4,training,ASM00094802
lat4_lon4,training,ASM00094866
lat4_lon4,training,ASM00094995
lat4_lon4,training,ASM00094998
lat4_lon4,training,ATM00094005
lat4_lon4,training,ATM00095282
lat4_lon4,training,AYM00089062
lat4_lon4,training,AYM00089564
lat4_lon4,training,AYM00089571
lat4_lon4,training,AYM00089611
lat4_lon4,training,AYM00089664
lat4_lon4,training,BEM00006458
lat4_lon4,training,BGM00041923
lat4_lon4,training,BHM00078583
lat4_lon4,training,BRM00082026
lat4_lon4,training,BRM00082099
lat4_lon4,training,BRM00082193
lat4_lon4,training,BRM00082244
lat4_lon4,training,BRM00082332
lat4_lon4,training,BRM00082532
lat4_lon4,training,BRM00082705
lat4_lon4,training,BRM00082965
lat4_lon4,training,BRM00083525
lat4_lon4,training,BRM00083566
lat4_lon4,training,BRM00083612
lat4_lon4,training,BRM00083649
lat4_lon4,training,BRM00083840
lat4_lon4,training,BRM00083937
lat4_lon4,training,CAM00071109
lat4_lon4,training,CAM00071802
lat4_lon4,training,CAM00071908
lat4_lon4,training,CAM00071909
lat4_lon4,training,CAM00071917
lat4_lon4,training,CAM00071925
lat4_lon4,training,CAM00071934
lat4_lon4,training,CAM00071957
lat4_lon4,training,CFM00064400
lat4_lon4,training,CHM00050527
lat4_lon4,training,CHM00050557
lat4_lon4,training,CHM00050774
lat4_lon4,training,CHM00050953
lat4_lon4,training,CHM00051076
lat4_lon4,training,CHM00051243
lat4_lon4,training,CHM00051431
lat4_lon4,training,CHM00051463
lat4_lon4,training,CHM00051644
lat4_lon4,training,CHM00051656
lat4_lon4,training,CHM00051709
lat4_lon4,training,CHM00051777
lat4_lon4,training,CHM00051839
lat4_lon4,training,CHM00052533
lat4_lon4,training,CHM00052681
lat4_lon4,training,CHM00052866
lat4_lon4,training,CHM00052983
lat4_lon4,training,CHM00053463
lat4_lon4,training,CHM00053543
lat4_lon4,training,CHM00053614
lat4_lon4,training,CHM00053772
lat4_lon4,training,CHM00053845
lat4_lon4,training,CHM00053915
lat4_lon4,training,CHM00054102
lat4_lon4,training,CHM00054135
lat4_lon4,training,CHM00054218
lat4_lon4,training,CHM00054292
lat4_lon4,training,CHM00054340
lat4_lon4,training,CHM00054374
lat4_lon4,training,CHM00054662
lat4_lon4,training,CHM00054727
lat4_lon4,training,CHM00056080
lat4_lon4,training,CHM00056571
lat4_lon4,training,CHM00056739
lat4_lon4,training,CHM00056964
lat4_lon4,training,CHM00056985
lat4_lon4,training,CHM00057083
lat4_lon4,training,CHM00057127
lat4_lon4,training,CHM00057461
lat4_lon4,training,CHM00057494
lat4_lon4,training,CHM00057516
lat4_lon4,training,CHM00057541
lat4_lon4,training,CHM00057972
lat4_lon4,training,CHM00058203
lat4_lon4,training,CHM00058238
lat4_lon4,training,CHM00058457
lat4_lon4,training,CHM00058606
lat4_lon4,training,CHM00058633
lat4_lon4,training,CHM00058725
lat4_lon4,training,CHM00059265
lat4_lon4,training,CHM00059280
lat4_lon4,training,CHM00059293
lat4_lon4,training,CIM00085442
lat4_lon4,training,CIM00085586
lat4_lon4,training,CIM00085799
lat4_lon4,training,CKM00096996
lat4_lon4,training,COM00080001
lat4_lon4,training,COM00080222
lat4_lon4,training,COM00080398
lat4_lon4,training,EIM00003953
lat4_lon4,training,ENM00026038
lat4_lon4,training,EZM00011520
lat4_lon4,training,EZM00011747
lat4_lon4,training,FGM00081405
lat4_lon4,training,FJM00091680
lat4_lon4,training,FKM00088889
lat4_lon4,training,FMM00091334
lat4_lon4,training,FMM00091348
lat4_lon4,training,FOM00006011
lat4_lon4,training,FPM00091938
lat4_lon4,training,FRM00007110
lat4_lon4,training,FRM00007145
lat4_lon4,training,FRM00007510
lat4_lon4,training,FRM00007645
lat4_lon4,training,FRM00007761
lat4_lon4,training,GLM00004270
lat4_lon4,training,GMM00010035
lat4_lon4,training,GMM00010113
lat4_lon4,training,GMM00010184
lat4_lon4,training,GMM00010238
lat4_lon4,training,GMM00010304
lat4_lon4,training,GMM00010393
lat4_lon4,training,GMM00010410
lat4_lon4,training,GMM00010548
lat4_lon4,training,GMM00010618
lat4_lon4,training,GMM00010739
lat4_lon4,training,GMM00010868
lat4_lon4,training,GMM00010954
lat4_lon4,training,GPM00078897
lat4_lon4,training,GQM00091212
lat4_lon4,training,GRM00016622
lat4_lon4,training,GRM00016716
lat4_lon4,training,HKM00045004
lat4_lon4,training,HRM00014430
lat4_lon4,training,HUM00012843
lat4_lon4,training,HUM00012982
lat4_lon4,training,IDM00096237
lat4_lon4,training,IDM00096509
lat4_lon4,training,IDM00096581
lat4_lon4,training,IDM00096749
lat4_lon4,training,IDM00096935
lat4_lon4,training,IDM00097372
lat4_lon4,training,IDM00097980
lat4_lon4,training,INM00042111
lat4_lon4,training,INM00042220
lat4_lon4,training,INM00042348
lat4_lon4,training,INM00042410
lat4_lon4,training,INM00042623
lat4_lon4,training,INM00042647
lat4_lon4,training,INM00042675
lat4_lon4,training,INM00042809
lat4_lon4,training,INM00042886
lat4_lon4,training,INM00042971
lat4_lon4,training,INM00043003
lat4_lon4,training,INM00043049
lat4_lon4,training,INM00043063
lat4_lon4,training,INM00043128
lat4_lon4,training,INM00043150
lat4_lon4,training,INM00043346
lat4_lon4,training,INM00043353
lat4_lon4,training,INM00043371
lat4_lon4,training,IRM00040766
lat4_lon4,training,IRM00040809
lat4_lon4,training,IRM00040856
lat4_lon4,training,ITM00016045
lat4_lon4,training,ITM00016064
lat4_lon4,training,ITM00016113
lat4_lon4,training,ITM00016144
lat4_lon4,training,ITM00016245
lat4_lon4,training,IVM00065548
lat4_lon4,training,IZM00040650
lat4_lon4,training,JAM00047401
lat4_lon4,training,JAM00047582
lat4_lon4,training,JAM00047646
lat4_lon4,training,JAM00047678
lat4_lon4,training,JAM00047741
lat4_lon4,training,JAM00047807
lat4_lon4,training,JAM00047918
lat4_lon4,training,JAM00047945
lat4_lon4,training,JAM00047971
lat4_lon4,training,JAM00047991
lat4_lon4,training,JNM00001001
lat4_lon4,training,KSM00047138
lat4_lon4,training,KSM00047155
lat4_lon4,training,KSM00047169
lat4_lon4,training,KSM00047186
lat4_lon4,training,KZM00028951
lat4_lon4,training,KZM00035229
lat4_lon4,training,KZM00035671
lat4_lon4,training,KZM00035700
lat4_lon4,training,KZM00036003
lat4_lon4,training,KZM00036872
lat4_lon4,training,KZM00038064
lat4_lon4,training,KZM00038341
lat4_lon4,training,LHM00026629
lat4_lon4,training,MGM00044212
lat4_lon4,training,MGM00044231
lat4_lon4,training,MGM00044292
lat4_lon4,training,MGM00044373
lat4_lon4,training,MLM00061291
lat4_lon4,training,MOM00060155
lat4_lon4,training,MOM00060253
lat4_lon4,training,MXM00076458
lat4_lon4,training,MXM00076526
lat4_lon4,training,MXM00076595
lat4_lon4,training,MXM00076612
lat4_lon4,training,MXM00076679
lat4_lon4,training,MXM00076692
lat4_lon4,training,MYM00048601
lat4_lon4,training,MYM00048615
lat4_lon4,training,MYM00096441
lat4_lon4,training,MYM00096481
lat4_lon4,training,NCM00091592
lat4_lon4,training,NFM00094996
lat4_lon4,training,NGM00061024
lat4_lon4,training,NGM00061052
lat4_lon4,training,NLM00006260
lat4_lon4,training,NOM00001241
lat4_lon4,training,NOM00001400
lat4_lon4,training,NOM00001415
lat4_lon4,training,NZM00093112
lat4_lon4,training,PFM00059981
lat4_lon4,training,PLM00012575
lat4_lon4,training,PMM00078807
lat4_lon4,training,POM00008508
lat4_lon4,training,POM00008522
lat4_lon4,training,REM00061980
lat4_lon4,training,ROM00015420
lat4_lon4,training,RPM00098223
lat4_lon4,training,RPM00098233
lat4_lon4,training,RPM00098433
lat4_lon4,training,RPM00098444
lat4_lon4,training,RQM00078526
lat4_lon4,training,RSM00020046
lat4_lon4,training,RSM00020674
lat4_lon4,training,RSM00021824
lat4_lon4,training,RSM00022008
lat4_lon4,training,RSM00022217
lat4_lon4,training,RSM00022543
lat4_lon4,training,RSM00022845
lat4_lon4,training,RSM00023078
lat4_lon4,training,RSM00023205
lat4_lon4,training,RSM00023330
lat4_lon4,training,RSM00023415
lat4_lon4,training,RSM00023472
lat4_lon4,training,RSM00023802
lat4_lon4,training,RSM00023933
lat4_lon4,training,RSM00023955
lat4_lon4,training,RSM00024507
lat4_lon4,training,RSM00024641
lat4_lon4,training,RSM00024688
lat4_lon4,training,RSM00024726
lat4_lon4,training,RSM00024959
lat4_lon4,training,RSM00025403
lat4_lon4,training,RSM00025703
lat4_lon4,training,RSM00025913
lat4_lon4,training,RSM00026075
lat4_lon4,training,RSM00026298
lat4_lon4,training,RSM00026708
lat4_lon4,training,RSM00027038
lat4_lon4,training,RSM00027199
lat4_lon4,training,RSM00027707
lat4_lon4,training,RSM00027713
lat4_lon4,training,RSM00027730
lat4_lon4,training,RSM00028225
lat4_lon4,training,RSM00029263
lat4_lon4,training,RSM00029282
lat4_lon4,training,RSM00029572
lat4_lon4,training,RSM00029612
lat4_lon4,training,RSM00029839
lat4_lon4,training,RSM00029862
lat4_lon4,training,RSM00030054
lat4_lon4,training,RSM00030309
lat4_lon4,training,RSM00030557
lat4_lon4,training,RSM00030635
lat4_lon4,training,RSM00031088
lat4_lon4,training,RSM00031510
lat4_lon4,training,RSM00031538
lat4_lon4,training,RSM00031770
lat4_lon4,training,RSM00031873
lat4_lon4,training,RSM00032061
lat4_lon4,training,RSM00032098
lat4_lon4,training,RSM00032150
lat4_lon4,training,RSM00032389
lat4_lon4,training,RSM00032477
lat4_lon4,training,RSM00032540
lat4_lon4,training,RSM00032618
lat4_lon4,training,RSM00034172
lat4_lon4,training,RSM00034731
lat4_lon4,training,RSM00034858
lat4_lon4,training,RSM00034882
lat4_lon4,training,RSM00035121
lat4_lon4,training,RSM00037011
lat4_lon4,training,SAM00040373
lat4_lon4,training,SAM00040375
lat4_lon4,training,SAM00040394
lat4_lon4,training,SAM00040417
lat4_lon4,training,SAM00040430
lat4_lon4,training,SFM00068263
lat4_lon4,training,SFM00068512
lat4_lon4,training,SFM00068842
lat4_lon4,training,SHM00061901
lat4_lon4,training,SHM00068906
lat4_lon4,training,SNM00048698
lat4_lon4,training,SPM00008001
lat4_lon4,training,SPM00008023
lat4_lon4,training,SPM00008190
lat4_lon4,training,SPM00008221
lat4_lon4,training,SPM00008302
lat4_lon4,training,SPM00008383
lat4_lon4,training,SPM00008430
lat4_lon4,training,SWM00002591
lat4_lon4,training,SZM00006610
lat4_lon4,training,THM00048327
lat4_lon4,training,THM00048378
lat4_lon4,training,THM00048381
lat4_lon4,training,THM00048431
lat4_lon4,training,THM00048453
lat4_lon4,training,THM00048480
lat4_lon4,training,TUM00017064
lat4_lon4,training,TUM00017095
lat4_lon4,training,TUM00017220
lat4_lon4,training,TUM00017240
lat4_lon4,training,UKM00003005
lat4_lon4,training,UKM00003238
lat4_lon4,training,UKM00003918
lat4_lon4,training,USM00070026
lat4_lon4,training,USM00070200
lat4_lon4,training,USM00070219
lat4_lon4,training,USM00070261
lat4_lon4,training,USM00070273
lat4_lon4,training,USM00070308
lat4_lon4,training,USM00070350
lat4_lon4,training,USM00072201
lat4_lon4,training,USM00072202
lat4_lon4,training,USM00072210
lat4_lon4,training,USM00072251
lat4_lon4,training,USM00072261
lat4_lon4,training,USM00072393
lat4_lon4,training,USM00072493
lat4_lon4,training,USM00072597
lat4_lon4,training,USM00072694
lat4_lon4,training,USM00091165
lat4_lon4,training,USM00091285
lat4_lon4,training,VMM00048820
lat4_lon4,training,VMM00048855
lat4_lon4,early_validation,AEM00041217
lat4_lon4,early_validation,ASM00095527
lat4_lon4,early_validation,ATM00094001
lat4_lon4,early_validation,AYM00089592
lat4_lon4,early_validation,AYM00089642
lat4_lon4,early_validation,BBM00078954
lat4_lon4,early_validation,BRM00082107
lat4_lon4,early_validation,BRM00082824
lat4_lon4,early_validation,BRM00083779
lat4_lon4,early_validation,CAM00071081
lat4_lon4,early_validation,CHM00052203
lat4_lon4,early_validation,CHM00052267
lat4_lon4,early_validation,CHM00052418
lat4_lon4,early_validation,CHM00054857
lat4_lon4,early_validation,CHM00056187
lat4_lon4,early_validation,CHM00056778
lat4_lon4,early_validation,CHM00057245
lat4_lon4,early_validation,CHM00057687
lat4_lon4,early_validation,CHM00058362
lat4_lon4,early_validation,CHM00058424
lat4_lon4,early_validation,CHM00059134
lat4_lon4,early_validation,CIM00085934
lat4_lon4,early_validation,DRM00078486
lat4_lon4,early_validation,IDM00097502
lat4_lon4,early_validation,INM00042314
lat4_lon4,early_validation,IRM00040706
lat4_lon4,early_validation,ITM00016332
lat4_lon4,early_validation,JAM00047827
lat4_lon4,early_validation,JAM00047909
lat4_lon4,early_validation,KZM00035394
lat4_lon4,early_validation,MLM00048811
lat4_lon4,early_validation,MXM00076654
lat4_lon4,early_validation,MYM00048657
lat4_lon4,early_validation,MYM00096413
lat4_lon4,early_validation,MYM00096471
lat4_lon4,early_validation,PLM00012425
lat4_lon4,early_validation,POM00008536
lat4_lon4,early_validation,QAM00041169
lat4_lon4,early_validation,RSM00022522
lat4_lon4,early_validation,RSM00024343
lat4_lon4,early_validation,RSM00025123
lat4_lon4,early_validation,RSM00026477
lat4_lon4,early_validation,RSM00027962
lat4_lon4,early_validation,RSM00028275
lat4_lon4,early_validation,RSM00029231
lat4_lon4,early_validation,RSM00032215
lat4_lon4,early_validation,RSM00034009
lat4_lon4,early_validation,RSM00034247
lat4_lon4,early_validation,RSM00034467
lat4_lon4,early_validation,RSM00036096
lat4_lon4,early_validation,SFM00068816
lat4_lon4,early_validation,THM00048407
lat4_lon4,early_validation,TUM00017030
lat4_lon4,early_validation,TUM00017196
lat4_lon4,early_validation,UKM00003808
lat4_lon4,early_validation,USM00070361
lat4_lon4,early_validation,USM00070398
lat4_lon4,calibration,AGM00060390
lat4_lon4,calibration,ARM00087860
lat4_lon4,calibration,ASM00094637
lat4_lon4,calibration,AYM00089532
lat4_lon4,calibration,BRM00082022
lat4_lon4,calibration,BRM00083827
lat4_lon4,calibration,BRM00083899
lat4_lon4,calibration,CAM00071043
lat4_lon4,calibration,CAM00071924
lat4_lon4,calibration,CHM00053513
lat4_lon4,calibration,CHM00054161
lat4_lon4,calibration,CHM00054511
lat4_lon4,calibration,CHM00056492
lat4_lon4,calibration,CHM00056651
lat4_lon4,calibration,CHM00058027
lat4_lon4,calibration,CHM00058150
lat4_lon4,calibration,CHM00058665
lat4_lon4,calibration,CHM00058847
lat4_lon4,calibration,CHM00059023
lat4_lon4,calibration,FMM00091413
lat4_lon4,calibration,FPM00091925
lat4_lon4,calibration,GLM00004220
lat4_lon4,calibration,HRM00014240
lat4_lon4,calibration,IDM00097180
lat4_lon4,calibration,INM00042339
lat4_lon4,calibration,INM00043185
lat4_lon4,calibration,IRM00040841
lat4_lon4,calibration,ITM00016546
lat4_lon4,calibration,JAM00047412
lat4_lon4,calibration,KEM00063741
lat4_lon4,calibration,KSM00047230
lat4_lon4,calibration,MXM00076256
lat4_lon4,calibration,MXM00076644
lat4_lon4,calibration,NZM00093844
lat4_lon4,calibration,PLM00012374
lat4_lon4,calibration,PSM00091408
lat4_lon4,calibration,RSM00022271
lat4_lon4,calibration,RSM00023884
lat4_lon4,calibration,RSM00023921
lat4_lon4,calibration,RSM00024122
lat4_lon4,calibration,RSM00024908
lat4_lon4,calibration,RSM00026781
lat4_lon4,calibration,RSM00027594
lat4_lon4,calibration,RSM00027995
lat4_lon4,calibration,RSM00028445
lat4_lon4,calibration,RSM00028695
lat4_lon4,calibration,RSM00028722
lat4_lon4,calibration,RSM00029634
lat4_lon4,calibration,RSM00031300
lat4_lon4,calibration,SAM00041112
lat4_lon4,calibration,SVM00001028
lat4_lon4,calibration,THM00048500
lat4_lon4,calibration,UKM00003354
lat4_lon4,calibration,USM00070316
lat4_lon4,calibration,USM00070326
lat4_lon4,calibration,VMM00048839
lat4_lon2,evaluation,CHM00050557
lat4_lon2,evaluation,CHM00050774
lat4_lon2,evaluation,CHM00050953
lat4_lon2,evaluation,CHM00054135
lat4_lon2,evaluation,CHM00054161
lat4_lon2,evaluation,CHM00054292
lat4_lon2,evaluation,CHM00054340
lat4_lon2,evaluation,CHM00054374
lat4_lon2,evaluation,CHM00054662
lat4_lon2,evaluation,CHM00054857
lat4_lon2,evaluation,CHM00058150
lat4_lon2,evaluation,CHM00058362
lat4_lon2,evaluation,CHM00058457
lat4_lon2,evaluation,JAM00047401
lat4_lon2,evaluation,JAM00047412
lat4_lon2,evaluation,JAM00047582
lat4_lon2,evaluation,JAM00047646
lat4_lon2,evaluation,JAM00047678
lat4_lon2,evaluation,JAM00047741
lat4_lon2,evaluation,JAM00047778
lat4_lon2,evaluation,JAM00047807
lat4_lon2,evaluation,JAM00047827
lat4_lon2,evaluation,KSM00047138
lat4_lon2,evaluation,KSM00047155
lat4_lon2,evaluation,KSM00047169
lat4_lon2,evaluation,KSM00047186
lat4_lon2,evaluation,KSM00047230
lat4_lon2,evaluation,RSM00025913
lat4_lon2,evaluation,RSM00031004
lat4_lon2,evaluation,RSM00031088
lat4_lon2,evaluation,RSM00031300
lat4_lon2,evaluation,RSM00031369
lat4_lon2,evaluation,RSM00031510
lat4_lon2,evaluation,RSM00031538
lat4_lon2,evaluation,RSM00031736
lat4_lon2,evaluation,RSM00031770
lat4_lon2,evaluation,RSM00031873
lat4_lon2,evaluation,RSM00031977
lat4_lon2,evaluation,RSM00032061
lat4_lon2,evaluation,RSM00032098
lat4_lon2,evaluation,RSM00032150
lat4_lon2,evaluation,RSM00032215
lat4_lon2,evaluation,RSM00032389
lat4_lon2,evaluation,RSM00032477
lat4_lon2,evaluation,RSM00032540
lat4_lon2,evaluation,RSM00032618
lat4_lon2,evaluation,USM00070414
lat4_lon2,training,AGM00060680
lat4_lon2,training,AOM00066160
lat4_lon2,training,AQM00091765
lat4_lon2,training,ARM00087155
lat4_lon2,training,ARM00087344
lat4_lon2,training,ARM00087623
lat4_lon2,training,ARM00087715
lat4_lon2,training,ASM00094170
lat4_lon2,training,ASM00094203
lat4_lon2,training,ASM00094302
lat4_lon2,training,ASM00094312
lat4_lon2,training,ASM00094403
lat4_lon2,training,ASM00094430
lat4_lon2,training,ASM00094461
lat4_lon2,training,ASM00094510
lat4_lon2,training,ASM00094578
lat4_lon2,training,ASM00094610
lat4_lon2,training,ASM00094659
lat4_lon2,training,ASM00094672
lat4_lon2,training,ASM00094711
lat4_lon2,training,ASM00094802
lat4_lon2,training,ASM00094866
lat4_lon2,training,ASM00094995
lat4_lon2,training,ASM00094998
lat4_lon2,training,ATM00094005
lat4_lon2,training,ATM00095282
lat4_lon2,training,AYM00089062
lat4_lon2,training,AYM00089564
lat4_lon2,training,AYM00089571
lat4_lon2,training,AYM00089611
lat4_lon2,training,AYM00089664
lat4_lon2,training,BDM00078016
lat4_lon2,training,BEM00006458
lat4_lon2,training,BGM00041923
lat4_lon2,training,BHM00078583
lat4_lon2,training,BRM00082026
lat4_lon2,training,BRM00082099
lat4_lon2,training,BRM00082193
lat4_lon2,training,BRM00082244
lat4_lon2,training,BRM00082332
lat4_lon2,training,BRM00082532
lat4_lon2,training,BRM00082705
lat4_lon2,training,BRM00082965
lat4_lon2,training,BRM00083525
lat4_lon2,training,BRM00083566
lat4_lon2,training,BRM00083612
lat4_lon2,training,BRM00083649
lat4_lon2,training,BRM00083840
lat4_lon2,training,BRM00083937
lat4_lon2,training,CAM00071109
lat4_lon2,training,CAM00071603
lat4_lon2,training,CAM00071722
lat4_lon2,training,CAM00071802
lat4_lon2,training,CAM00071816
lat4_lon2,training,CAM00071867
lat4_lon2,training,CAM00071906
lat4_lon2,training,CAM00071907
lat4_lon2,training,CAM00071908
lat4_lon2,training,CAM00071909
lat4_lon2,training,CAM00071913
lat4_lon2,training,CAM00071917
lat4_lon2,training,CAM00071925
lat4_lon2,training,CAM00071934
lat4_lon2,training,CAM00071957
lat4_lon2,training,CAM00073033
lat4_lon2,training,CAM00073110
lat4_lon2,training,CFM00064400
lat4_lon2,training,CHM00050527
lat4_lon2,training,CHM00051076
lat4_lon2,training,CHM00051243
lat4_lon2,training,CHM00051431
lat4_lon2,training,CHM00051463
lat4_lon2,training,CHM00051644
lat4_lon2,training,CHM00051656
lat4_lon2,training,CHM00051709
lat4_lon2,training,CHM00051777
lat4_lon2,training,CHM00051839
lat4_lon2,training,CHM00052533
lat4_lon2,training,CHM00052681
lat4_lon2,training,CHM00052866
lat4_lon2,training,CHM00052983
lat4_lon2,training,CHM00053463
lat4_lon2,training,CHM00053543
lat4_lon2,training,CHM00053614
lat4_lon2,training,CHM00053772
lat4_lon2,training,CHM00053845
lat4_lon2,training,CHM00053915
lat4_lon2,training,CHM00054102
lat4_lon2,training,CHM00054218
lat4_lon2,training,CHM00054727
lat4_lon2,training,CHM00056080
lat4_lon2,training,CHM00056571
lat4_lon2,training,CHM00056739
lat4_lon2,training,CHM00056964
lat4_lon2,training,CHM00056985
lat4_lon2,training,CHM00057083
lat4_lon2,training,CHM00057127
lat4_lon2,training,CHM00057461
lat4_lon2,training,CHM00057494
lat4_lon2,training,CHM00057516
lat4_lon2,training,CHM00057541
lat4_lon2,training,CHM00057972
lat4_lon2,training,CHM00058203
lat4_lon2,training,CHM00058238
lat4_lon2,training,CHM00058606
lat4_lon2,training,CHM00058633
lat4_lon2,training,CHM00058725
lat4_lon2,training,CHM00059265
lat4_lon2,training,CHM00059280
lat4_lon2,training,CHM00059293
lat4_lon2,training,CIM00085442
lat4_lon2,training,CIM00085586
lat4_lon2,training,CIM00085799
lat4_lon2,training,CKM00096996
lat4_lon2,training,COM00080001
lat4_lon2,training,COM00080222
lat4_lon2,training,COM00080398
lat4_lon2,training,EIM00003953
lat4_lon2,training,ENM00026038
lat4_lon2,training,EZM00011520
lat4_lon2,training,EZM00011747
lat4_lon2,training,FGM00081405
lat4_lon2,training,FJM00091680
lat4_lon2,training,FKM00088889
lat4_lon2,training,FMM00091334
lat4_lon2,training,FMM00091348
lat4_lon2,training,FOM00006011
lat4_lon2,training,FPM00091938
lat4_lon2,training,FRM00007110
lat4_lon2,training,FRM00007145
lat4_lon2,training,FRM00007510
lat4_lon2,training,FRM00007645
lat4_lon2,training,FRM00007761
lat4_lon2,training,GLM00004270
lat4_lon2,training,GMM00010035
lat4_lon2,training,GMM00010113
lat4_lon2,training,GMM00010184
lat4_lon2,training,GMM00010238
lat4_lon2,training,GMM00010304
lat4_lon2,training,GMM00010393
lat4_lon2,training,GMM00010410
lat4_lon2,training,GMM00010548
lat4_lon2,training,GMM00010618
lat4_lon2,training,GMM00010739
lat4_lon2,training,GMM00010868
lat4_lon2,training,GMM00010954
lat4_lon2,training,GPM00078897
lat4_lon2,training,GQM00091212
lat4_lon2,training,GRM00016622
lat4_lon2,training,GRM00016716
lat4_lon2,training,HKM00045004
lat4_lon2,training,HRM00014430
lat4_lon2,training,HUM00012843
lat4_lon2,training,HUM00012982
lat4_lon2,training,IDM00096237
lat4_lon2,training,IDM00096509
lat4_lon2,training,IDM00096581
lat4_lon2,training,IDM00096749
lat4_lon2,training,IDM00096935
lat4_lon2,training,IDM00097372
lat4_lon2,training,IDM00097980
lat4_lon2,training,INM00042111
lat4_lon2,training,INM00042220
lat4_lon2,training,INM00042348
lat4_lon2,training,INM00042410
lat4_lon2,training,INM00042623
lat4_lon2,training,INM00042647
lat4_lon2,training,INM00042675
lat4_lon2,training,INM00042809
lat4_lon2,training,INM00042886
lat4_lon2,training,INM00042971
lat4_lon2,training,INM00043003
lat4_lon2,training,INM00043049
lat4_lon2,training,INM00043063
lat4_lon2,training,INM00043128
lat4_lon2,training,INM00043150
lat4_lon2,training,INM00043346
lat4_lon2,training,INM00043353
lat4_lon2,training,INM00043371
lat4_lon2,training,IRM00040766
lat4_lon2,training,IRM00040809
lat4_lon2,training,IRM00040856
lat4_lon2,training,ITM00016045
lat4_lon2,training,ITM00016064
lat4_lon2,training,ITM00016113
lat4_lon2,training,ITM00016144
lat4_lon2,training,ITM00016245
lat4_lon2,training,IVM00065548
lat4_lon2,training,IZM00040650
lat4_lon2,training,JAM00047918
lat4_lon2,training,JAM00047945
lat4_lon2,training,JAM00047971
lat4_lon2,training,JAM00047991
lat4_lon2,training,JNM00001001
lat4_lon2,training,KZM00028951
lat4_lon2,training,KZM00035229
lat4_lon2,training,KZM00035671
lat4_lon2,training,KZM00035700
lat4_lon2,training,KZM00036003
lat4_lon2,training,KZM00036872
lat4_lon2,training,KZM00038064
lat4_lon2,training,KZM00038341
lat4_lon2,training,LHM00026629
lat4_lon2,training,MGM00044212
lat4_lon2,training,MGM00044231
lat4_lon2,training,MGM00044292
lat4_lon2,training,MGM00044373
lat4_lon2,training,MLM00061291
lat4_lon2,training,MOM00060155
lat4_lon2,training,MOM00060253
lat4_lon2,training,MXM00076458
lat4_lon2,training,MXM00076526
lat4_lon2,training,MXM00076595
lat4_lon2,training,MXM00076612
lat4_lon2,training,MXM00076679
lat4_lon2,training,MXM00076692
lat4_lon2,training,MYM00048601
lat4_lon2,training,MYM00048615
lat4_lon2,training,MYM00096441
lat4_lon2,training,MYM00096481
lat4_lon2,training,NCM00091592
lat4_lon2,training,NFM00094996
lat4_lon2,training,NGM00061024
lat4_lon2,training,NGM00061052
lat4_lon2,training,NLM00006260
lat4_lon2,training,NOM00001241
lat4_lon2,training,NOM00001400
lat4_lon2,training,NOM00001415
lat4_lon2,training,NZM00093112
lat4_lon2,training,PFM00059981
lat4_lon2,training,PLM00012575
lat4_lon2,training,PMM00078807
lat4_lon2,training,POM00008508
lat4_lon2,training,POM00008522
lat4_lon2,training,REM00061980
lat4_lon2,training,ROM00015420
lat4_lon2,training,RPM00098223
lat4_lon2,training,RPM00098233
lat4_lon2,training,RPM00098433
lat4_lon2,training,RPM00098444
lat4_lon2,training,RQM00078526
lat4_lon2,training,RSM00020046
lat4_lon2,training,RSM00020674
lat4_lon2,training,RSM00021824
lat4_lon2,training,RSM00022008
lat4_lon2,training,RSM00022217
lat4_lon2,training,RSM00022543
lat4_lon2,training,RSM00022845
lat4_lon2,training,RSM00023078
lat4_lon2,training,RSM00023205
lat4_lon2,training,RSM00023330
lat4_lon2,training,RSM00023415
lat4_lon2,training,RSM00023472
lat4_lon2,training,RSM00023802
lat4_lon2,training,RSM00023933
lat4_lon2,training,RSM00023955
lat4_lon2,training,RSM00024507
lat4_lon2,training,RSM00024641
lat4_lon2,training,RSM00024688
lat4_lon2,training,RSM00024726
lat4_lon2,training,RSM00024959
lat4_lon2,training,RSM00025403
lat4_lon2,training,RSM00025703
lat4_lon2,training,RSM00026075
lat4_lon2,training,RSM00026298
lat4_lon2,training,RSM00026708
lat4_lon2,training,RSM00027038
lat4_lon2,training,RSM00027199
lat4_lon2,training,RSM00027707
lat4_lon2,training,RSM00027713
lat4_lon2,training,RSM00027730
lat4_lon2,training,RSM00028225
lat4_lon2,training,RSM00029263
lat4_lon2,training,RSM00029282
lat4_lon2,training,RSM00029572
lat4_lon2,training,RSM00029612
lat4_lon2,training,RSM00029839
lat4_lon2,training,RSM00029862
lat4_lon2,training,RSM00030054
lat4_lon2,training,RSM00030309
lat4_lon2,training,RSM00030557
lat4_lon2,training,RSM00030635
lat4_lon2,training,RSM00034172
lat4_lon2,training,RSM00034731
lat4_lon2,training,RSM00034858
lat4_lon2,training,RSM00034882
lat4_lon2,training,RSM00035121
lat4_lon2,training,RSM00037011
lat4_lon2,training,SAM00040373
lat4_lon2,training,SAM00040375
lat4_lon2,training,SAM00040394
lat4_lon2,training,SAM00040417
lat4_lon2,training,SAM00040430
lat4_lon2,training,SFM00068263
lat4_lon2,training,SFM00068512
lat4_lon2,training,SFM00068842
lat4_lon2,training,SHM00061901
lat4_lon2,training,SHM00068906
lat4_lon2,training,SNM00048698
lat4_lon2,training,SPM00008001
lat4_lon2,training,SPM00008023
lat4_lon2,training,SPM00008190
lat4_lon2,training,SPM00008221
lat4_lon2,training,SPM00008302
lat4_lon2,training,SPM00008383
lat4_lon2,training,SPM00008430
lat4_lon2,training,SWM00002591
lat4_lon2,training,SZM00006610
lat4_lon2,training,THM00048327
lat4_lon2,training,THM00048378
lat4_lon2,training,THM00048381
lat4_lon2,training,THM00048431
lat4_lon2,training,THM00048453
lat4_lon2,training,THM00048480
lat4_lon2,training,TUM00017064
lat4_lon2,training,TUM00017095
lat4_lon2,training,TUM00017220
lat4_lon2,training,TUM00017240
lat4_lon2,training,UKM00003005
lat4_lon2,training,UKM00003238
lat4_lon2,training,UKM00003918
lat4_lon2,training,USM00070026
lat4_lon2,training,USM00070200
lat4_lon2,training,USM00070219
lat4_lon2,training,USM00070261
lat4_lon2,training,USM00070273
lat4_lon2,training,USM00070308
lat4_lon2,training,USM00070350
lat4_lon2,training,USM00072201
lat4_lon2,training,USM00072202
lat4_lon2,training,USM00072206
lat4_lon2,training,USM00072208
lat4_lon2,training,USM00072210
lat4_lon2,training,USM00072215
lat4_lon2,training,USM00072235
lat4_lon2,training,USM00072240
lat4_lon2,training,USM00072248
lat4_lon2,training,USM00072249
lat4_lon2,training,USM00072251
lat4_lon2,training,USM00072261
lat4_lon2,training,USM00072265
lat4_lon2,training,USM00072293
lat4_lon2,training,USM00072317
lat4_lon2,training,USM00072327
lat4_lon2,training,USM00072357
lat4_lon2,training,USM00072364
lat4_lon2,training,USM00072376
lat4_lon2,training,USM00072393
lat4_lon2,training,USM00072402
lat4_lon2,training,USM00072403
lat4_lon2,training,USM00072426
lat4_lon2,training,USM00072440
lat4_lon2,training,USM00072451
lat4_lon2,training,USM00072456
lat4_lon2,training,USM00072476
lat4_lon2,training,USM00072493
lat4_lon2,training,USM00072518
lat4_lon2,training,USM00072520
lat4_lon2,training,USM00072582
lat4_lon2,training,USM00072597
lat4_lon2,training,USM00072632
lat4_lon2,training,USM00072634
lat4_lon2,training,USM00072645
lat4_lon2,training,USM00072659
lat4_lon2,training,USM00072662
lat4_lon2,training,USM00072672
lat4_lon2,training,USM00072681
lat4_lon2,training,USM00072694
lat4_lon2,training,USM00072712
lat4_lon2,training,USM00072764
lat4_lon2,training,USM00072768
lat4_lon2,training,USM00074560
lat4_lon2,training,USM00074646
lat4_lon2,training,USM00091165
lat4_lon2,training,USM00091285
lat4_lon2,training,VMM00048820
lat4_lon2,training,VMM00048855
lat4_lon2,early_validation,AEM00041217
lat4_lon2,early_validation,ASM00095527
lat4_lon2,early_validation,ATM00094001
lat4_lon2,early_validation,AYM00089592
lat4_lon2,early_validation,AYM00089642
lat4_lon2,early_validation,BBM00078954
lat4_lon2,early_validation,BRM00082107
lat4_lon2,early_validation,BRM00082824
lat4_lon2,early_validation,BRM00083779
lat4_lon2,early_validation,CAM00071081
lat4_lon2,early_validation,CAM00071823
lat4_lon2,early_validation,CHM00052203
lat4_lon2,early_validation,CHM00052267
lat4_lon2,early_validation,CHM00052418
lat4_lon2,early_validation,CHM00056187
lat4_lon2,early_validation,CHM00056778
lat4_lon2,early_validation,CHM00057245
lat4_lon2,early_validation,CHM00057687
lat4_lon2,early_validation,CHM00058424
lat4_lon2,early_validation,CHM00059134
lat4_lon2,early_validation,CIM00085934
lat4_lon2,early_validation,DRM00078486
lat4_lon2,early_validation,IDM00097502
lat4_lon2,early_validation,INM00042314
lat4_lon2,early_validation,IRM00040706
lat4_lon2,early_validation,ITM00016332
lat4_lon2,early_validation,JAM00047909
lat4_lon2,early_validation,KZM00035394
lat4_lon2,early_validation,MLM00048811
lat4_lon2,early_validation,MXM00076654
lat4_lon2,early_validation,MYM00048657
lat4_lon2,early_validation,MYM00096413
lat4_lon2,early_validation,MYM00096471
lat4_lon2,early_validation,PLM00012425
lat4_lon2,early_validation,POM00008536
lat4_lon2,early_validation,QAM00041169
lat4_lon2,early_validation,RSM00022522
lat4_lon2,early_validation,RSM00024343
lat4_lon2,early_validation,RSM00025123
lat4_lon2,early_validation,RSM00026477
lat4_lon2,early_validation,RSM00027962
lat4_lon2,early_validation,RSM00028275
lat4_lon2,early_validation,RSM00029231
lat4_lon2,early_validation,RSM00034009
lat4_lon2,early_validation,RSM00034247
lat4_lon2,early_validation,RSM00034467
lat4_lon2,early_validation,RSM00036096
lat4_lon2,early_validation,SFM00068816
lat4_lon2,early_validation,THM00048407
lat4_lon2,early_validation,TUM00017030
lat4_lon2,early_validation,TUM00017196
lat4_lon2,early_validation,UKM00003808
lat4_lon2,early_validation,USM00070361
lat4_lon2,early_validation,USM00070398
lat4_lon2,early_validation,USM00072489
lat4_lon2,early_validation,USM00072501
lat4_lon2,early_validation,USM00072558
lat4_lon2,early_validation,USM00072572
lat4_lon2,early_validation,USM00072747
lat4_lon2,early_validation,USM00074389
lat4_lon2,calibration,AGM00060390
lat4_lon2,calibration,ARM00087860
lat4_lon2,calibration,ASM00094637
lat4_lon2,calibration,AYM00089532
lat4_lon2,calibration,BRM00082022
lat4_lon2,calibration,BRM00083827
lat4_lon2,calibration,BRM00083899
lat4_lon2,calibration,CAM00071043
lat4_lon2,calibration,CAM00071119
lat4_lon2,calibration,CAM00071845
lat4_lon2,calibration,CAM00071924
lat4_lon2,calibration,CHM00053513
lat4_lon2,calibration,CHM00054511
lat4_lon2,calibration,CHM00056492
lat4_lon2,calibration,CHM00056651
lat4_lon2,calibration,CHM00058027
lat4_lon2,calibration,CHM00058665
lat4_lon2,calibration,CHM00058847
lat4_lon2,calibration,CHM00059023
lat4_lon2,calibration,FMM00091413
lat4_lon2,calibration,FPM00091925
lat4_lon2,calibration,GLM00004220
lat4_lon2,calibration,HRM00014240
lat4_lon2,calibration,IDM00097180
lat4_lon2,calibration,INM00042339
lat4_lon2,calibration,INM00043185
lat4_lon2,calibration,IRM00040841
lat4_lon2,calibration,ITM00016546
lat4_lon2,calibration,KEM00063741
lat4_lon2,calibration,MXM00076256
lat4_lon2,calibration,MXM00076644
lat4_lon2,calibration,NZM00093844
lat4_lon2,calibration,PLM00012374
lat4_lon2,calibration,PSM00091408
lat4_lon2,calibration,RSM00022271
lat4_lon2,calibration,RSM00023884
lat4_lon2,calibration,RSM00023921
lat4_lon2,calibration,RSM00024122
lat4_lon2,calibration,RSM00024908
lat4_lon2,calibration,RSM00026781
lat4_lon2,calibration,RSM00027594
lat4_lon2,calibration,RSM00027995
lat4_lon2,calibration,RSM00028445
lat4_lon2,calibration,RSM00028695
lat4_lon2,calibration,RSM00028722
lat4_lon2,calibration,RSM00029634
lat4_lon2,calibration,SAM00041112
lat4_lon2,calibration,SVM00001028
lat4_lon2,calibration,THM00048500
lat4_lon2,calibration,UKM00003354
lat4_lon2,calibration,USM00070316
lat4_lon2,calibration,USM00070326
lat4_lon2,calibration,USM00072230
lat4_lon2,calibration,USM00072274
lat4_lon2,calibration,USM00072363
lat4_lon2,calibration,USM00072528
lat4_lon2,calibration,USM00074455
lat4_lon2,calibration,VMM00048839
lat3_lon4,evaluation,BHM00078583
lat3_lon4,evaluation,BRM00082022
lat3_lon4,evaluation,COM00080001
lat3_lon4,evaluation,COM00080222
lat3_lon4,evaluation,DRM00078486
lat3_lon4,evaluation,GPM00078897
lat3_lon4,evaluation,JMM00078397
lat3_lon4,evaluation,MXM00076256
lat3_lon4,evaluation,MXM00076405
lat3_lon4,evaluation,MXM00076458
lat3_lon4,evaluation,MXM00076526
lat3_lon4,evaluation,MXM00076595
lat3_lon4,evaluation,MXM00076612
lat3_lon4,evaluation,MXM00076644
lat3_lon4,evaluation,MXM00076654
lat3_lon4,evaluation,MXM00076679
lat3_lon4,evaluation,MXM00076692
lat3_lon4,evaluation,MXM00076743
lat3_lon4,evaluation,PMM00078807
lat3_lon4,evaluation,RQM00078526
lat3_lon4,evaluation,USM00072201
lat3_lon4,evaluation,USM00072202
lat3_lon4,evaluation,USM00072210
lat3_lon4,evaluation,USM00072250
lat3_lon4,evaluation,USM00072251
lat3_lon4,evaluation,USM00072261
lat3_lon4,evaluation,USM00074794
lat3_lon4,training,AGM00060680
lat3_lon4,training,AOM00066160
lat3_lon4,training,AQM00091765
lat3_lon4,training,ARM00087155
lat3_lon4,training,ARM00087344
lat3_lon4,training,ARM00087623
lat3_lon4,training,ARM00087715
lat3_lon4,training,ASM00094170
lat3_lon4,training,ASM00094203
lat3_lon4,training,ASM00094302
lat3_lon4,training,ASM00094312
lat3_lon4,training,ASM00094403
lat3_lon4,training,ASM00094430
lat3_lon4,training,ASM00094461
lat3_lon4,training,ASM00094510
lat3_lon4,training,ASM00094578
lat3_lon4,training,ASM00094610
lat3_lon4,training,ASM00094659
lat3_lon4,training,ASM00094672
lat3_lon4,training,ASM00094711
lat3_lon4,training,ASM00094802
lat3_lon4,training,ASM00094866
lat3_lon4,training,ASM00094995
lat3_lon4,training,ASM00094998
lat3_lon4,training,ATM00094005
lat3_lon4,training,ATM00095282
lat3_lon4,training,AYM00089062
lat3_lon4,training,AYM00089564
lat3_lon4,training,AYM00089571
lat3_lon4,training,AYM00089611
lat3_lon4,training,AYM00089664
lat3_lon4,training,BDM00078016
lat3_lon4,training,BEM00006458
lat3_lon4,training,BGM00041923
lat3_lon4,training,BRM00082026
lat3_lon4,training,BRM00082099
lat3_lon4,training,BRM00082193
lat3_lon4,training,BRM00082244
lat3_lon4,training,BRM00082332
lat3_lon4,training,BRM00082532
lat3_lon4,training,BRM00082705
lat3_lon4,training,BRM00082965
lat3_lon4,training,BRM00083525
lat3_lon4,training,BRM00083566
lat3_lon4,training,BRM00083612
lat3_lon4,training,BRM00083649
lat3_lon4,training,BRM00083840
lat3_lon4,training,BRM00083937
lat3_lon4,training,CAM00071109
lat3_lon4,training,CAM00071603
lat3_lon4,training,CAM00071722
lat3_lon4,training,CAM00071802
lat3_lon4,training,CAM00071816
lat3_lon4,training,CAM00071867
lat3_lon4,training,CAM00071906
lat3_lon4,training,CAM00071907
lat3_lon4,training,CAM00071908
lat3_lon4,training,CAM00071909
lat3_lon4,training,CAM00071913
lat3_lon4,training,CAM00071917
lat3_lon4,training,CAM00071925
lat3_lon4,training,CAM00071934
lat3_lon4,training,CAM00071957
lat3_lon4,training,CAM00073033
lat3_lon4,training,CAM00073110
lat3_lon4,training,CFM00064400
lat3_lon4,training,CHM00050527
lat3_lon4,training,CHM00050557
lat3_lon4,training,CHM00050774
lat3_lon4,training,CHM00050953
lat3_lon4,training,CHM00051076
lat3_lon4,training,CHM00051243
lat3_lon4,training,CHM00051431
lat3_lon4,training,CHM00051463
lat3_lon4,training,CHM00051644
lat3_lon4,training,CHM00051656
lat3_lon4,training,CHM00051709
lat3_lon4,training,CHM00051777
lat3_lon4,training,CHM00051839
lat3_lon4,training,CHM00052533
lat3_lon4,training,CHM00052681
lat3_lon4,training,CHM00052866
lat3_lon4,training,CHM00052983
lat3_lon4,training,CHM00053463
lat3_lon4,training,CHM00053543
lat3_lon4,training,CHM00053614
lat3_lon4,training,CHM00053772
lat3_lon4,training,CHM00053845
lat3_lon4,training,CHM00053915
lat3_lon4,training,CHM00054102
lat3_lon4,training,CHM00054135
lat3_lon4,training,CHM00054218
lat3_lon4,training,CHM00054292
lat3_lon4,training,CHM00054340
lat3_lon4,training,CHM00054374
lat3_lon4,training,CHM00054662
lat3_lon4,training,CHM00054727
lat3_lon4,training,CHM00056080
lat3_lon4,training,CHM00056571
lat3_lon4,training,CHM00056739
lat3_lon4,training,CHM00056964
lat3_lon4,training,CHM00056985
lat3_lon4,training,CHM00057083
lat3_lon4,training,CHM00057127
lat3_lon4,training,CHM00057461
lat3_lon4,training,CHM00057494
lat3_lon4,training,CHM00057516
lat3_lon4,training,CHM00057541
lat3_lon4,training,CHM00057972
lat3_lon4,training,CHM00058203
lat3_lon4,training,CHM00058238
lat3_lon4,training,CHM00058457
lat3_lon4,training,CHM00058606
lat3_lon4,training,CHM00058633
lat3_lon4,training,CHM00058725
lat3_lon4,training,CHM00059265
lat3_lon4,training,CHM00059280
lat3_lon4,training,CHM00059293
lat3_lon4,training,CIM00085442
lat3_lon4,training,CIM00085586
lat3_lon4,training,CIM00085799
lat3_lon4,training,CKM00096996
lat3_lon4,training,COM00080398
lat3_lon4,training,EIM00003953
lat3_lon4,training,ENM00026038
lat3_lon4,training,EZM00011520
lat3_lon4,training,EZM00011747
lat3_lon4,training,FGM00081405
lat3_lon4,training,FJM00091680
lat3_lon4,training,FKM00088889
lat3_lon4,training,FMM00091334
lat3_lon4,training,FMM00091348
lat3_lon4,training,FOM00006011
lat3_lon4,training,FPM00091938
lat3_lon4,training,FRM00007110
lat3_lon4,training,FRM00007145
lat3_lon4,training,FRM00007510
lat3_lon4,training,FRM00007645
lat3_lon4,training,FRM00007761
lat3_lon4,training,GLM00004270
lat3_lon4,training,GMM00010035
lat3_lon4,training,GMM00010113
lat3_lon4,training,GMM00010184
lat3_lon4,training,GMM00010238
lat3_lon4,training,GMM00010304
lat3_lon4,training,GMM00010393
lat3_lon4,training,GMM00010410
lat3_lon4,training,GMM00010548
lat3_lon4,training,GMM00010618
lat3_lon4,training,GMM00010739
lat3_lon4,training,GMM00010868
lat3_lon4,training,GMM00010954
lat3_lon4,training,GQM00091212
lat3_lon4,training,GRM00016622
lat3_lon4,training,GRM00016716
lat3_lon4,training,HKM00045004
lat3_lon4,training,HRM00014430
lat3_lon4,training,HUM00012843
lat3_lon4,training,HUM00012982
lat3_lon4,training,IDM00096237
lat3_lon4,training,IDM00096509
lat3_lon4,training,IDM00096581
lat3_lon4,training,IDM00096749
lat3_lon4,training,IDM00096935
lat3_lon4,training,IDM00097372
lat3_lon4,training,IDM00097980
lat3_lon4,training,INM00042111
lat3_lon4,training,INM00042220
lat3_lon4,training,INM00042348
lat3_lon4,training,INM00042410
lat3_lon4,training,INM00042623
lat3_lon4,training,INM00042647
lat3_lon4,training,INM00042675
lat3_lon4,training,INM00042809
lat3_lon4,training,INM00042886
lat3_lon4,training,INM00042971
lat3_lon4,training,INM00043003
lat3_lon4,training,INM00043049
lat3_lon4,training,INM00043063
lat3_lon4,training,INM00043128
lat3_lon4,training,INM00043150
lat3_lon4,training,INM00043346
lat3_lon4,training,INM00043353
lat3_lon4,training,INM00043371
lat3_lon4,training,IRM00040766
lat3_lon4,training,IRM00040809
lat3_lon4,training,IRM00040856
lat3_lon4,training,ITM00016045
lat3_lon4,training,ITM00016064
lat3_lon4,training,ITM00016113
lat3_lon4,training,ITM00016144
lat3_lon4,training,ITM00016245
lat3_lon4,training,IVM00065548
lat3_lon4,training,IZM00040650
lat3_lon4,training,JAM00047401
lat3_lon4,training,JAM00047582
lat3_lon4,training,JAM00047646
lat3_lon4,training,JAM00047678
lat3_lon4,training,JAM00047741
lat3_lon4,training,JAM00047807
lat3_lon4,training,JAM00047918
lat3_lon4,training,JAM00047945
lat3_lon4,training,JAM00047971
lat3_lon4,training,JAM00047991
lat3_lon4,training,JNM00001001
lat3_lon4,training,KSM00047138
lat3_lon4,training,KSM00047155
lat3_lon4,training,KSM00047169
lat3_lon4,training,KSM00047186
lat3_lon4,training,KZM00028951
lat3_lon4,training,KZM00035229
lat3_lon4,training,KZM00035671
lat3_lon4,training,KZM00035700
lat3_lon4,training,KZM00036003
lat3_lon4,training,KZM00036872
lat3_lon4,training,KZM00038064
lat3_lon4,training,KZM00038341
lat3_lon4,training,LHM00026629
lat3_lon4,training,MGM00044212
lat3_lon4,training,MGM00044231
lat3_lon4,training,MGM00044292
lat3_lon4,training,MGM00044373
lat3_lon4,training,MLM00061291
lat3_lon4,training,MOM00060155
lat3_lon4,training,MOM00060253
lat3_lon4,training,MYM00048601
lat3_lon4,training,MYM00048615
lat3_lon4,training,MYM00096441
lat3_lon4,training,MYM00096481
lat3_lon4,training,NCM00091592
lat3_lon4,training,NFM00094996
lat3_lon4,training,NGM00061024
lat3_lon4,training,NGM00061052
lat3_lon4,training,NLM00006260
lat3_lon4,training,NOM00001241
lat3_lon4,training,NOM00001400
lat3_lon4,training,NOM00001415
lat3_lon4,training,NZM00093112
lat3_lon4,training,PFM00059981
lat3_lon4,training,PLM00012575
lat3_lon4,training,POM00008508
lat3_lon4,training,POM00008522
lat3_lon4,training,REM00061980
lat3_lon4,training,ROM00015420
lat3_lon4,training,RPM00098223
lat3_lon4,training,RPM00098233
lat3_lon4,training,RPM00098433
lat3_lon4,training,RPM00098444
lat3_lon4,training,RSM00020046
lat3_lon4,training,RSM00020674
lat3_lon4,training,RSM00021824
lat3_lon4,training,RSM00022008
lat3_lon4,training,RSM00022217
lat3_lon4,training,RSM00022543
lat3_lon4,training,RSM00022845
lat3_lon4,training,RSM00023078
lat3_lon4,training,RSM00023205
lat3_lon4,training,RSM00023330
lat3_lon4,training,RSM00023415
lat3_lon4,training,RSM00023472
lat3_lon4,training,RSM00023802
lat3_lon4,training,RSM00023933
lat3_lon4,training,RSM00023955
lat3_lon4,training,RSM00024507
lat3_lon4,training,RSM00024641
lat3_lon4,training,RSM00024688
lat3_lon4,training,RSM00024726
lat3_lon4,training,RSM00024959
lat3_lon4,training,RSM00025403
lat3_lon4,training,RSM00025703
lat3_lon4,training,RSM00025913
lat3_lon4,training,RSM00026075
lat3_lon4,training,RSM00026298
lat3_lon4,training,RSM00026708
lat3_lon4,training,RSM00027038
lat3_lon4,training,RSM00027199
lat3_lon4,training,RSM00027707
lat3_lon4,training,RSM00027713
lat3_lon4,training,RSM00027730
lat3_lon4,training,RSM00028225
lat3_lon4,training,RSM00029263
lat3_lon4,training,RSM00029282
lat3_lon4,training,RSM00029572
lat3_lon4,training,RSM00029612
lat3_lon4,training,RSM00029839
lat3_lon4,training,RSM00029862
lat3_lon4,training,RSM00030054
lat3_lon4,training,RSM00030309
lat3_lon4,training,RSM00030557
lat3_lon4,training,RSM00030635
lat3_lon4,training,RSM00031088
lat3_lon4,training,RSM00031510
lat3_lon4,training,RSM00031538
lat3_lon4,training,RSM00031770
lat3_lon4,training,RSM00031873
lat3_lon4,training,RSM00032061
lat3_lon4,training,RSM00032098
lat3_lon4,training,RSM00032150
lat3_lon4,training,RSM00032389
lat3_lon4,training,RSM00032477
lat3_lon4,training,RSM00032540
lat3_lon4,training,RSM00032618
lat3_lon4,training,RSM00034172
lat3_lon4,training,RSM00034731
lat3_lon4,training,RSM00034858
lat3_lon4,training,RSM00034882
lat3_lon4,training,RSM00035121
lat3_lon4,training,RSM00037011
lat3_lon4,training,SAM00040373
lat3_lon4,training,SAM00040375
lat3_lon4,training,SAM00040394
lat3_lon4,training,SAM00040417
lat3_lon4,training,SAM00040430
lat3_lon4,training,SFM00068263
lat3_lon4,training,SFM00068512
lat3_lon4,training,SFM00068842
lat3_lon4,training,SHM00061901
lat3_lon4,training,SHM00068906
lat3_lon4,training,SNM00048698
lat3_lon4,training,SPM00008001
lat3_lon4,training,SPM00008023
lat3_lon4,training,SPM00008190
lat3_lon4,training,SPM00008221
lat3_lon4,training,SPM00008302
lat3_lon4,training,SPM00008383
lat3_lon4,training,SPM00008430
lat3_lon4,training,SWM00002591
lat3_lon4,training,SZM00006610
lat3_lon4,training,THM00048327
lat3_lon4,training,THM00048378
lat3_lon4,training,THM00048381
lat3_lon4,training,THM00048431
lat3_lon4,training,THM00048453
lat3_lon4,training,THM00048480
lat3_lon4,training,TUM00017064
lat3_lon4,training,TUM00017095
lat3_lon4,training,TUM00017220
lat3_lon4,training,TUM00017240
lat3_lon4,training,UKM00003005
lat3_lon4,training,UKM00003238
lat3_lon4,training,UKM00003918
lat3_lon4,training,USM00070026
lat3_lon4,training,USM00070200
lat3_lon4,training,USM00070219
lat3_lon4,training,USM00070261
lat3_lon4,training,USM00070273
lat3_lon4,training,USM00070308
lat3_lon4,training,USM00070350
lat3_lon4,training,USM00072206
lat3_lon4,training,USM00072208
lat3_lon4,training,USM00072215
lat3_lon4,training,USM00072235
lat3_lon4,training,USM00072240
lat3_lon4,training,USM00072248
lat3_lon4,training,USM00072249
lat3_lon4,training,USM00072265
lat3_lon4,training,USM00072293
lat3_lon4,training,USM00072317
lat3_lon4,training,USM00072327
lat3_lon4,training,USM00072357
lat3_lon4,training,USM00072364
lat3_lon4,training,USM00072376
lat3_lon4,training,USM00072393
lat3_lon4,training,USM00072402
lat3_lon4,training,USM00072403
lat3_lon4,training,USM00072426
lat3_lon4,training,USM00072440
lat3_lon4,training,USM00072451
lat3_lon4,training,USM00072456
lat3_lon4,training,USM00072476
lat3_lon4,training,USM00072493
lat3_lon4,training,USM00072518
lat3_lon4,training,USM00072520
lat3_lon4,training,USM00072582
lat3_lon4,training,USM00072597
lat3_lon4,training,USM00072632
lat3_lon4,training,USM00072634
lat3_lon4,training,USM00072645
lat3_lon4,training,USM00072659
lat3_lon4,training,USM00072662
lat3_lon4,training,USM00072672
lat3_lon4,training,USM00072681
lat3_lon4,training,USM00072694
lat3_lon4,training,USM00072712
lat3_lon4,training,USM00072764
lat3_lon4,training,USM00072768
lat3_lon4,training,USM00074560
lat3_lon4,training,USM00074646
lat3_lon4,training,USM00091165
lat3_lon4,training,USM00091285
lat3_lon4,training,VMM00048820
lat3_lon4,training,VMM00048855
lat3_lon4,early_validation,AEM00041217
lat3_lon4,early_validation,ASM00095527
lat3_lon4,early_validation,ATM00094001
lat3_lon4,early_validation,AYM00089592
lat3_lon4,early_validation,AYM00089642
lat3_lon4,early_validation,BBM00078954
lat3_lon4,early_validation,BRM00082107
lat3_lon4,early_validation,BRM00082824
lat3_lon4,early_validation,BRM00083779
lat3_lon4,early_validation,CAM00071081
lat3_lon4,early_validation,CAM00071823
lat3_lon4,early_validation,CHM00052203
lat3_lon4,early_validation,CHM00052267
lat3_lon4,early_validation,CHM00052418
lat3_lon4,early_validation,CHM00054857
lat3_lon4,early_validation,CHM00056187
lat3_lon4,early_validation,CHM00056778
lat3_lon4,early_validation,CHM00057245
lat3_lon4,early_validation,CHM00057687
lat3_lon4,early_validation,CHM00058362
lat3_lon4,early_validation,CHM00058424
lat3_lon4,early_validation,CHM00059134
lat3_lon4,early_validation,CIM00085934
lat3_lon4,early_validation,IDM00097502
lat3_lon4,early_validation,INM00042314
lat3_lon4,early_validation,IRM00040706
lat3_lon4,early_validation,ITM00016332
lat3_lon4,early_validation,JAM00047827
lat3_lon4,early_validation,JAM00047909
lat3_lon4,early_validation,KZM00035394
lat3_lon4,early_validation,MLM00048811
lat3_lon4,early_validation,MYM00048657
lat3_lon4,early_validation,MYM00096413
lat3_lon4,early_validation,MYM00096471
lat3_lon4,early_validation,PLM00012425
lat3_lon4,early_validation,POM00008536
lat3_lon4,early_validation,QAM00041169
lat3_lon4,early_validation,RSM00022522
lat3_lon4,early_validation,RSM00024343
lat3_lon4,early_validation,RSM00025123
lat3_lon4,early_validation,RSM00026477
lat3_lon4,early_validation,RSM00027962
lat3_lon4,early_validation,RSM00028275
lat3_lon4,early_validation,RSM00029231
lat3_lon4,early_validation,RSM00032215
lat3_lon4,early_validation,RSM00034009
lat3_lon4,early_validation,RSM00034247
lat3_lon4,early_validation,RSM00034467
lat3_lon4,early_validation,RSM00036096
lat3_lon4,early_validation,SFM00068816
lat3_lon4,early_validation,THM00048407
lat3_lon4,early_validation,TUM00017030
lat3_lon4,early_validation,TUM00017196
lat3_lon4,early_validation,UKM00003808
lat3_lon4,early_validation,USM00070361
lat3_lon4,early_validation,USM00070398
lat3_lon4,early_validation,USM00072489
lat3_lon4,early_validation,USM00072501
lat3_lon4,early_validation,USM00072558
lat3_lon4,early_validation,USM00072572
lat3_lon4,early_validation,USM00072747
lat3_lon4,early_validation,USM00074389
lat3_lon4,calibration,AGM00060390
lat3_lon4,calibration,ARM00087860
lat3_lon4,calibration,ASM00094637
lat3_lon4,calibration,AYM00089532
lat3_lon4,calibration,BRM00083827
lat3_lon4,calibration,BRM00083899
lat3_lon4,calibration,CAM00071043
lat3_lon4,calibration,CAM00071119
lat3_lon4,calibration,CAM00071845
lat3_lon4,calibration,CAM00071924
lat3_lon4,calibration,CHM00053513
lat3_lon4,calibration,CHM00054161
lat3_lon4,calibration,CHM00054511
lat3_lon4,calibration,CHM00056492
lat3_lon4,calibration,CHM00056651
lat3_lon4,calibration,CHM00058027
lat3_lon4,calibration,CHM00058150
lat3_lon4,calibration,CHM00058665
lat3_lon4,calibration,CHM00058847
lat3_lon4,calibration,CHM00059023
lat3_lon4,calibration,FMM00091413
lat3_lon4,calibration,FPM00091925
lat3_lon4,calibration,GLM00004220
lat3_lon4,calibration,HRM00014240
lat3_lon4,calibration,IDM00097180
lat3_lon4,calibration,INM00042339
lat3_lon4,calibration,INM00043185
lat3_lon4,calibration,IRM00040841
lat3_lon4,calibration,ITM00016546
lat3_lon4,calibration,JAM00047412
lat3_lon4,calibration,KEM00063741
lat3_lon4,calibration,KSM00047230
lat3_lon4,calibration,NZM00093844
lat3_lon4,calibration,PLM00012374
lat3_lon4,calibration,PSM00091408
lat3_lon4,calibration,RSM00022271
lat3_lon4,calibration,RSM00023884
lat3_lon4,calibration,RSM00023921
lat3_lon4,calibration,RSM00024122
lat3_lon4,calibration,RSM00024908
lat3_lon4,calibration,RSM00026781
lat3_lon4,calibration,RSM00027594
lat3_lon4,calibration,RSM00027995
lat3_lon4,calibration,RSM00028445
lat3_lon4,calibration,RSM00028695
lat3_lon4,calibration,RSM00028722
lat3_lon4,calibration,RSM00029634
lat3_lon4,calibration,RSM00031300
lat3_lon4,calibration,SAM00041112
lat3_lon4,calibration,SVM00001028
lat3_lon4,calibration,THM00048500
lat3_lon4,calibration,UKM00003354
lat3_lon4,calibration,USM00070316
lat3_lon4,calibration,USM00070326
lat3_lon4,calibration,USM00072230
lat3_lon4,calibration,USM00072274
lat3_lon4,calibration,USM00072363
lat3_lon4,calibration,USM00072528
lat3_lon4,calibration,USM00074455
lat3_lon4,calibration,VMM00048839
lat4_lon5,evaluation,CAM00071802
lat4_lon5,evaluation,CAM00071815
lat4_lon5,evaluation,EIM00003953
lat4_lon5,evaluation,FRM00007110
lat4_lon5,evaluation,FRM00007510
lat4_lon5,evaluation,MOM00060155
lat4_lon5,evaluation,MOM00060253
lat4_lon5,evaluation,POM00008508
lat4_lon5,evaluation,POM00008522
lat4_lon5,evaluation,POM00008536
lat4_lon5,evaluation,SPM00008001
lat4_lon5,evaluation,SPM00008023
lat4_lon5,evaluation,SPM00008221
lat4_lon5,evaluation,SPM00008383
lat4_lon5,evaluation,SPM00008430
lat4_lon5,evaluation,UKM00003238
lat4_lon5,evaluation,UKM00003354
lat4_lon5,evaluation,UKM00003808
lat4_lon5,evaluation,UKM00003918
lat4_lon5,training,AGM00060680
lat4_lon5,training,AOM00066160
lat4_lon5,training,AQM00091765
lat4_lon5,training,ARM00087155
lat4_lon5,training,ARM00087344
lat4_lon5,training,ARM00087623
lat4_lon5,training,ARM00087715
lat4_lon5,training,ASM00094170
lat4_lon5,training,ASM00094203
lat4_lon5,training,ASM00094302
lat4_lon5,training,ASM00094312
lat4_lon5,training,ASM00094403
lat4_lon5,training,ASM00094430
lat4_lon5,training,ASM00094461
lat4_lon5,training,ASM00094510
lat4_lon5,training,ASM00094578
lat4_lon5,training,ASM00094610
lat4_lon5,training,ASM00094659
lat4_lon5,training,ASM00094672
lat4_lon5,training,ASM00094711
lat4_lon5,training,ASM00094802
lat4_lon5,training,ASM00094866
lat4_lon5,training,ASM00094995
lat4_lon5,training,ASM00094998
lat4_lon5,training,ATM00094005
lat4_lon5,training,ATM00095282
lat4_lon5,training,AYM00089062
lat4_lon5,training,AYM00089564
lat4_lon5,training,AYM00089571
lat4_lon5,training,AYM00089611
lat4_lon5,training,AYM00089664
lat4_lon5,training,BDM00078016
lat4_lon5,training,BEM00006458
lat4_lon5,training,BGM00041923
lat4_lon5,training,BHM00078583
lat4_lon5,training,BRM00082026
lat4_lon5,training,BRM00082099
lat4_lon5,training,BRM00082193
lat4_lon5,training,BRM00082244
lat4_lon5,training,BRM00082332
lat4_lon5,training,BRM00082532
lat4_lon5,training,BRM00082705
lat4_lon5,training,BRM00082965
lat4_lon5,training,BRM00083525
lat4_lon5,training,BRM00083566
lat4_lon5,training,BRM00083612
lat4_lon5,training,BRM00083649
lat4_lon5,training,BRM00083840
lat4_lon5,training,BRM00083937
lat4_lon5,training,CAM00071109
lat4_lon5,training,CAM00071603
lat4_lon5,training,CAM00071722
lat4_lon5,training,CAM00071816
lat4_lon5,training,CAM00071867
lat4_lon5,training,CAM00071906
lat4_lon5,training,CAM00071907
lat4_lon5,training,CAM00071908
lat4_lon5,training,CAM00071909
lat4_lon5,training,CAM00071913
lat4_lon5,training,CAM00071917
lat4_lon5,training,CAM00071925
lat4_lon5,training,CAM00071934
lat4_lon5,training,CAM00071957
lat4_lon5,training,CAM00073033
lat4_lon5,training,CAM00073110
lat4_lon5,training,CFM00064400
lat4_lon5,training,CHM00050527
lat4_lon5,training,CHM00050557
lat4_lon5,training,CHM00050774
lat4_lon5,training,CHM00050953
lat4_lon5,training,CHM00051076
lat4_lon5,training,CHM00051243
lat4_lon5,training,CHM00051431
lat4_lon5,training,CHM00051463
lat4_lon5,training,CHM00051644
lat4_lon5,training,CHM00051656
lat4_lon5,training,CHM00051709
lat4_lon5,training,CHM00051777
lat4_lon5,training,CHM00051839
lat4_lon5,training,CHM00052533
lat4_lon5,training,CHM00052681
lat4_lon5,training,CHM00052866
lat4_lon5,training,CHM00052983
lat4_lon5,training,CHM00053463
lat4_lon5,training,CHM00053543
lat4_lon5,training,CHM00053614
lat4_lon5,training,CHM00053772
lat4_lon5,training,CHM00053845
lat4_lon5,training,CHM00053915
lat4_lon5,training,CHM00054102
lat4_lon5,training,CHM00054135
lat4_lon5,training,CHM00054218
lat4_lon5,training,CHM00054292
lat4_lon5,training,CHM00054340
lat4_lon5,training,CHM00054374
lat4_lon5,training,CHM00054662
lat4_lon5,training,CHM00054727
lat4_lon5,training,CHM00056080
lat4_lon5,training,CHM00056571
lat4_lon5,training,CHM00056739
lat4_lon5,training,CHM00056964
lat4_lon5,training,CHM00056985
lat4_lon5,training,CHM00057083
lat4_lon5,training,CHM00057127
lat4_lon5,training,CHM00057461
lat4_lon5,training,CHM00057494
lat4_lon5,training,CHM00057516
lat4_lon5,training,CHM00057541
lat4_lon5,training,CHM00057972
lat4_lon5,training,CHM00058203
lat4_lon5,training,CHM00058238
lat4_lon5,training,CHM00058457
lat4_lon5,training,CHM00058606
lat4_lon5,training,CHM00058633
lat4_lon5,training,CHM00058725
lat4_lon5,training,CHM00059265
lat4_lon5,training,CHM00059280
lat4_lon5,training,CHM00059293
lat4_lon5,training,CIM00085442
lat4_lon5,training,CIM00085586
lat4_lon5,training,CIM00085799
lat4_lon5,training,CKM00096996
lat4_lon5,training,COM00080001
lat4_lon5,training,COM00080222
lat4_lon5,training,COM00080398
lat4_lon5,training,ENM00026038
lat4_lon5,training,EZM00011520
lat4_lon5,training,EZM00011747
lat4_lon5,training,FGM00081405
lat4_lon5,training,FJM00091680
lat4_lon5,training,FKM00088889
lat4_lon5,training,FMM00091334
lat4_lon5,training,FMM00091348
lat4_lon5,training,FOM00006011
lat4_lon5,training,FPM00091938
lat4_lon5,training,FRM00007145
lat4_lon5,training,FRM00007645
lat4_lon5,training,FRM00007761
lat4_lon5,training,GLM00004270
lat4_lon5,training,GMM00010035
lat4_lon5,training,GMM00010113
lat4_lon5,training,GMM00010184
lat4_lon5,training,GMM00010238
lat4_lon5,training,GMM00010304
lat4_lon5,training,GMM00010393
lat4_lon5,training,GMM00010410
lat4_lon5,training,GMM00010548
lat4_lon5,training,GMM00010618
lat4_lon5,training,GMM00010739
lat4_lon5,training,GMM00010868
lat4_lon5,training,GMM00010954
lat4_lon5,training,GPM00078897
lat4_lon5,training,GQM00091212
lat4_lon5,training,GRM00016622
lat4_lon5,training,GRM00016716
lat4_lon5,training,HKM00045004
lat4_lon5,training,HRM00014430
lat4_lon5,training,HUM00012843
lat4_lon5,training,HUM00012982
lat4_lon5,training,IDM00096237
lat4_lon5,training,IDM00096509
lat4_lon5,training,IDM00096581
lat4_lon5,training,IDM00096749
lat4_lon5,training,IDM00096935
lat4_lon5,training,IDM00097372
lat4_lon5,training,IDM00097980
lat4_lon5,training,INM00042111
lat4_lon5,training,INM00042220
lat4_lon5,training,INM00042348
lat4_lon5,training,INM00042410
lat4_lon5,training,INM00042623
lat4_lon5,training,INM00042647
lat4_lon5,training,INM00042675
lat4_lon5,training,INM00042809
lat4_lon5,training,INM00042886
lat4_lon5,training,INM00042971
lat4_lon5,training,INM00043003
lat4_lon5,training,INM00043049
lat4_lon5,training,INM00043063
lat4_lon5,training,INM00043128
lat4_lon5,training,INM00043150
lat4_lon5,training,INM00043346
lat4_lon5,training,INM00043353
lat4_lon5,training,INM00043371
lat4_lon5,training,IRM00040766
lat4_lon5,training,IRM00040809
lat4_lon5,training,IRM00040856
lat4_lon5,training,ITM00016045
lat4_lon5,training,ITM00016064
lat4_lon5,training,ITM00016113
lat4_lon5,training,ITM00016144
lat4_lon5,training,ITM00016245
lat4_lon5,training,IVM00065548
lat4_lon5,training,IZM00040650
lat4_lon5,training,JAM00047401
lat4_lon5,training,JAM00047582
lat4_lon5,training,JAM00047646
lat4_lon5,training,JAM00047678
lat4_lon5,training,JAM00047741
lat4_lon5,training,JAM00047807
lat4_lon5,training,JAM00047918
lat4_lon5,training,JAM00047945
lat4_lon5,training,JAM00047971
lat4_lon5,training,JAM00047991
lat4_lon5,training,JNM00001001
lat4_lon5,training,KSM00047138
lat4_lon5,training,KSM00047155
lat4_lon5,training,KSM00047169
lat4_lon5,training,KSM00047186
lat4_lon5,training,KZM00028951
lat4_lon5,training,KZM00035229
lat4_lon5,training,KZM00035671
lat4_lon5,training,KZM00035700
lat4_lon5,training,KZM00036003
lat4_lon5,training,KZM00036872
lat4_lon5,training,KZM00038064
lat4_lon5,training,KZM00038341
lat4_lon5,training,LHM00026629
lat4_lon5,training,MGM00044212
lat4_lon5,training,MGM00044231
lat4_lon5,training,MGM00044292
lat4_lon5,training,MGM00044373
lat4_lon5,training,MLM00061291
lat4_lon5,training,MXM00076458
lat4_lon5,training,MXM00076526
lat4_lon5,training,MXM00076595
lat4_lon5,training,MXM00076612
lat4_lon5,training,MXM00076679
lat4_lon5,training,MXM00076692
lat4_lon5,training,MYM00048601
lat4_lon5,training,MYM00048615
lat4_lon5,training,MYM00096441
lat4_lon5,training,MYM00096481
lat4_lon5,training,NCM00091592
lat4_lon5,training,NFM00094996
lat4_lon5,training,NGM00061024
lat4_lon5,training,NGM00061052
lat4_lon5,training,NLM00006260
lat4_lon5,training,NOM00001241
lat4_lon5,training,NOM00001400
lat4_lon5,training,NOM00001415
lat4_lon5,training,NZM00093112
lat4_lon5,training,PFM00059981
lat4_lon5,training,PLM00012575
lat4_lon5,training,PMM00078807
lat4_lon5,training,REM00061980
lat4_lon5,training,ROM00015420
lat4_lon5,training,RPM00098223
lat4_lon5,training,RPM00098233
lat4_lon5,training,RPM00098433
lat4_lon5,training,RPM00098444
lat4_lon5,training,RQM00078526
lat4_lon5,training,RSM00020046
lat4_lon5,training,RSM00020674
lat4_lon5,training,RSM00021824
lat4_lon5,training,RSM00022008
lat4_lon5,training,RSM00022217
lat4_lon5,training,RSM00022543
lat4_lon5,training,RSM00022845
lat4_lon5,training,RSM00023078
lat4_lon5,training,RSM00023205
lat4_lon5,training,RSM00023330
lat4_lon5,training,RSM00023415
lat4_lon5,training,RSM00023472
lat4_lon5,training,RSM00023802
lat4_lon5,training,RSM00023933
lat4_lon5,training,RSM00023955
lat4_lon5,training,RSM00024507
lat4_lon5,training,RSM00024641
lat4_lon5,training,RSM00024688
lat4_lon5,training,RSM00024726
lat4_lon5,training,RSM00024959
lat4_lon5,training,RSM00025403
lat4_lon5,training,RSM00025703
lat4_lon5,training,RSM00025913
lat4_lon5,training,RSM00026075
lat4_lon5,training,RSM00026298
lat4_lon5,training,RSM00026708
lat4_lon5,training,RSM00027038
lat4_lon5,training,RSM00027199
lat4_lon5,training,RSM00027707
lat4_lon5,training,RSM00027713
lat4_lon5,training,RSM00027730
lat4_lon5,training,RSM00028225
lat4_lon5,training,RSM00029263
lat4_lon5,training,RSM00029282
lat4_lon5,training,RSM00029572
lat4_lon5,training,RSM00029612
lat4_lon5,training,RSM00029839
lat4_lon5,training,RSM00029862
lat4_lon5,training,RSM00030054
lat4_lon5,training,RSM00030309
lat4_lon5,training,RSM00030557
lat4_lon5,training,RSM00030635
lat4_lon5,training,RSM00031088
lat4_lon5,training,RSM00031510
lat4_lon5,training,RSM00031538
lat4_lon5,training,RSM00031770
lat4_lon5,training,RSM00031873
lat4_lon5,training,RSM00032061
lat4_lon5,training,RSM00032098
lat4_lon5,training,RSM00032150
lat4_lon5,training,RSM00032389
lat4_lon5,training,RSM00032477
lat4_lon5,training,RSM00032540
lat4_lon5,training,RSM00032618
lat4_lon5,training,RSM00034172
lat4_lon5,training,RSM00034731
lat4_lon5,training,RSM00034858
lat4_lon5,training,RSM00034882
lat4_lon5,training,RSM00035121
lat4_lon5,training,RSM00037011
lat4_lon5,training,SAM00040373
lat4_lon5,training,SAM00040375
lat4_lon5,training,SAM00040394
lat4_lon5,training,SAM00040417
lat4_lon5,training,SAM00040430
lat4_lon5,training,SFM00068263
lat4_lon5,training,SFM00068512
lat4_lon5,training,SFM00068842
lat4_lon5,training,SHM00061901
lat4_lon5,training,SHM00068906
lat4_lon5,training,SNM00048698
lat4_lon5,training,SPM00008190
lat4_lon5,training,SPM00008302
lat4_lon5,training,SWM00002591
lat4_lon5,training,SZM00006610
lat4_lon5,training,THM00048327
lat4_lon5,training,THM00048378
lat4_lon5,training,THM00048381
lat4_lon5,training,THM00048431
lat4_lon5,training,THM00048453
lat4_lon5,training,THM00048480
lat4_lon5,training,TUM00017064
lat4_lon5,training,TUM00017095
lat4_lon5,training,TUM00017220
lat4_lon5,training,TUM00017240
lat4_lon5,training,UKM00003005
lat4_lon5,training,USM00070026
lat4_lon5,training,USM00070200
lat4_lon5,training,USM00070219
lat4_lon5,training,USM00070261
lat4_lon5,training,USM00070273
lat4_lon5,training,USM00070308
lat4_lon5,training,USM00070350
lat4_lon5,training,USM00072201
lat4_lon5,training,USM00072202
lat4_lon5,training,USM00072206
lat4_lon5,training,USM00072208
lat4_lon5,training,USM00072210
lat4_lon5,training,USM00072215
lat4_lon5,training,USM00072235
lat4_lon5,training,USM00072240
lat4_lon5,training,USM00072248
lat4_lon5,training,USM00072249
lat4_lon5,training,USM00072251
lat4_lon5,training,USM00072261
lat4_lon5,training,USM00072265
lat4_lon5,training,USM00072293
lat4_lon5,training,USM00072317
lat4_lon5,training,USM00072327
lat4_lon5,training,USM00072357
lat4_lon5,training,USM00072364
lat4_lon5,training,USM00072376
lat4_lon5,training,USM00072393
lat4_lon5,training,USM00072402
lat4_lon5,training,USM00072403
lat4_lon5,training,USM00072426
lat4_lon5,training,USM00072440
lat4_lon5,training,USM00072451
lat4_lon5,training,USM00072456
lat4_lon5,training,USM00072476
lat4_lon5,training,USM00072493
lat4_lon5,training,USM00072518
lat4_lon5,training,USM00072520
lat4_lon5,training,USM00072582
lat4_lon5,training,USM00072597
lat4_lon5,training,USM00072632
lat4_lon5,training,USM00072634
lat4_lon5,training,USM00072645
lat4_lon5,training,USM00072659
lat4_lon5,training,USM00072662
lat4_lon5,training,USM00072672
lat4_lon5,training,USM00072681
lat4_lon5,training,USM00072694
lat4_lon5,training,USM00072712
lat4_lon5,training,USM00072764
lat4_lon5,training,USM00072768
lat4_lon5,training,USM00074560
lat4_lon5,training,USM00074646
lat4_lon5,training,USM00091165
lat4_lon5,training,USM00091285
lat4_lon5,training,VMM00048820
lat4_lon5,training,VMM00048855
lat4_lon5,early_validation,AEM00041217
lat4_lon5,early_validation,ASM00095527
lat4_lon5,early_validation,ATM00094001
lat4_lon5,early_validation,AYM00089592
lat4_lon5,early_validation,AYM00089642
lat4_lon5,early_validation,BBM00078954
lat4_lon5,early_validation,BRM00082107
lat4_lon5,early_validation,BRM00082824
lat4_lon5,early_validation,BRM00083779
lat4_lon5,early_validation,CAM00071081
lat4_lon5,early_validation,CAM00071823
lat4_lon5,early_validation,CHM00052203
lat4_lon5,early_validation,CHM00052267
lat4_lon5,early_validation,CHM00052418
lat4_lon5,early_validation,CHM00054857
lat4_lon5,early_validation,CHM00056187
lat4_lon5,early_validation,CHM00056778
lat4_lon5,early_validation,CHM00057245
lat4_lon5,early_validation,CHM00057687
lat4_lon5,early_validation,CHM00058362
lat4_lon5,early_validation,CHM00058424
lat4_lon5,early_validation,CHM00059134
lat4_lon5,early_validation,CIM00085934
lat4_lon5,early_validation,DRM00078486
lat4_lon5,early_validation,IDM00097502
lat4_lon5,early_validation,INM00042314
lat4_lon5,early_validation,IRM00040706
lat4_lon5,early_validation,ITM00016332
lat4_lon5,early_validation,JAM00047827
lat4_lon5,early_validation,JAM00047909
lat4_lon5,early_validation,KZM00035394
lat4_lon5,early_validation,MLM00048811
lat4_lon5,early_validation,MXM00076654
lat4_lon5,early_validation,MYM00048657
lat4_lon5,early_validation,MYM00096413
lat4_lon5,early_validation,MYM00096471
lat4_lon5,early_validation,PLM00012425
lat4_lon5,early_validation,QAM00041169
lat4_lon5,early_validation,RSM00022522
lat4_lon5,early_validation,RSM00024343
lat4_lon5,early_validation,RSM00025123
lat4_lon5,early_validation,RSM00026477
lat4_lon5,early_validation,RSM00027962
lat4_lon5,early_validation,RSM00028275
lat4_lon5,early_validation,RSM00029231
lat4_lon5,early_validation,RSM00032215
lat4_lon5,early_validation,RSM00034009
lat4_lon5,early_validation,RSM00034247
lat4_lon5,early_validation,RSM00034467
lat4_lon5,early_validation,RSM00036096
lat4_lon5,early_validation,SFM00068816
lat4_lon5,early_validation,THM00048407
lat4_lon5,early_validation,TUM00017030
lat4_lon5,early_validation,TUM00017196
lat4_lon5,early_validation,USM00070361
lat4_lon5,early_validation,USM00070398
lat4_lon5,early_validation,USM00072489
lat4_lon5,early_validation,USM00072501
lat4_lon5,early_validation,USM00072558
lat4_lon5,early_validation,USM00072572
lat4_lon5,early_validation,USM00072747
lat4_lon5,early_validation,USM00074389
lat4_lon5,calibration,AGM00060390
lat4_lon5,calibration,ARM00087860
lat4_lon5,calibration,ASM00094637
lat4_lon5,calibration,AYM00089532
lat4_lon5,calibration,BRM00082022
lat4_lon5,calibration,BRM00083827
lat4_lon5,calibration,BRM00083899
lat4_lon5,calibration,CAM00071043
lat4_lon5,calibration,CAM00071119
lat4_lon5,calibration,CAM00071845
lat4_lon5,calibration,CAM00071924
lat4_lon5,calibration,CHM00053513
lat4_lon5,calibration,CHM00054161
lat4_lon5,calibration,CHM00054511
lat4_lon5,calibration,CHM00056492
lat4_lon5,calibration,CHM00056651
lat4_lon5,calibration,CHM00058027
lat4_lon5,calibration,CHM00058150
lat4_lon5,calibration,CHM00058665
lat4_lon5,calibration,CHM00058847
lat4_lon5,calibration,CHM00059023
lat4_lon5,calibration,FMM00091413
lat4_lon5,calibration,FPM00091925
lat4_lon5,calibration,GLM00004220
lat4_lon5,calibration,HRM00014240
lat4_lon5,calibration,IDM00097180
lat4_lon5,calibration,INM00042339
lat4_lon5,calibration,INM00043185
lat4_lon5,calibration,IRM00040841
lat4_lon5,calibration,ITM00016546
lat4_lon5,calibration,JAM00047412
lat4_lon5,calibration,KEM00063741
lat4_lon5,calibration,KSM00047230
lat4_lon5,calibration,MXM00076256
lat4_lon5,calibration,MXM00076644
lat4_lon5,calibration,NZM00093844
lat4_lon5,calibration,PLM00012374
lat4_lon5,calibration,PSM00091408
lat4_lon5,calibration,RSM00022271
lat4_lon5,calibration,RSM00023884
lat4_lon5,calibration,RSM00023921
lat4_lon5,calibration,RSM00024122
lat4_lon5,calibration,RSM00024908
lat4_lon5,calibration,RSM00026781
lat4_lon5,calibration,RSM00027594
lat4_lon5,calibration,RSM00027995
lat4_lon5,calibration,RSM00028445
lat4_lon5,calibration,RSM00028695
lat4_lon5,calibration,RSM00028722
lat4_lon5,calibration,RSM00029634
lat4_lon5,calibration,RSM00031300
lat4_lon5,calibration,SAM00041112
lat4_lon5,calibration,SVM00001028
lat4_lon5,calibration,THM00048500
lat4_lon5,calibration,USM00070316
lat4_lon5,calibration,USM00070326
lat4_lon5,calibration,USM00072230
lat4_lon5,calibration,USM00072274
lat4_lon5,calibration,USM00072363
lat4_lon5,calibration,USM00072528
lat4_lon5,calibration,USM00074455
lat4_lon5,calibration,VMM00048839
lat5_lon0,evaluation,FIM00002836
lat5_lon0,evaluation,FIM00002963
lat5_lon0,evaluation,NOM00001010
lat5_lon0,evaluation,NOM00001241
lat5_lon0,evaluation,RSM00020046
lat5_lon0,evaluation,RSM00020744
lat5_lon0,evaluation,RSM00022008
lat5_lon0,evaluation,RSM00022217
lat5_lon0,evaluation,RSM00022271
lat5_lon0,evaluation,RSM00022522
lat5_lon0,evaluation,RSM00022543
lat5_lon0,evaluation,RSM00022820
lat5_lon0,evaluation,RSM00022845
lat5_lon0,evaluation,RSM00023205
lat5_lon0,evaluation,RSM00023415
lat5_lon0,evaluation,RSM00023802
lat5_lon0,evaluation,SVM00001028
lat5_lon0,evaluation,SWM00002185
lat5_lon0,evaluation,SWM00002365
lat5_lon0,training,AGM00060680
lat5_lon0,training,AOM00066160
lat5_lon0,training,AQM00091765
lat5_lon0,training,ARM00087155
lat5_lon0,training,ARM00087344
lat5_lon0,training,ARM00087623
lat5_lon0,training,ARM00087715
lat5_lon0,training,ASM00094170
lat5_lon0,training,ASM00094203
lat5_lon0,training,ASM00094302
lat5_lon0,training,ASM00094312
lat5_lon0,training,ASM00094403
lat5_lon0,training,ASM00094430
lat5_lon0,training,ASM00094461
lat5_lon0,training,ASM00094510
lat5_lon0,training,ASM00094578
lat5_lon0,training,ASM00094610
lat5_lon0,training,ASM00094659
lat5_lon0,training,ASM00094672
lat5_lon0,training,ASM00094711
lat5_lon0,training,ASM00094802
lat5_lon0,training,ASM00094866
lat5_lon0,training,ASM00094995
lat5_lon0,training,ASM00094998
lat5_lon0,training,ATM00094005
lat5_lon0,training,ATM00095282
lat5_lon0,training,AYM00089062
lat5_lon0,training,AYM00089564
lat5_lon0,training,AYM00089571
lat5_lon0,training,AYM00089611
lat5_lon0,training,AYM00089664
lat5_lon0,training,BDM00078016
lat5_lon0,training,BEM00006458
lat5_lon0,training,BGM00041923
lat5_lon0,training,BHM00078583
lat5_lon0,training,BRM00082026
lat5_lon0,training,BRM00082099
lat5_lon0,training,BRM00082193
lat5_lon0,training,BRM00082244
lat5_lon0,training,BRM00082332
lat5_lon0,training,BRM00082532
lat5_lon0,training,BRM00082705
lat5_lon0,training,BRM00082965
lat5_lon0,training,BRM00083525
lat5_lon0,training,BRM00083566
lat5_lon0,training,BRM00083612
lat5_lon0,training,BRM00083649
lat5_lon0,training,BRM00083840
lat5_lon0,training,BRM00083937
lat5_lon0,training,CAM00071109
lat5_lon0,training,CAM00071603
lat5_lon0,training,CAM00071722
lat5_lon0,training,CAM00071802
lat5_lon0,training,CAM00071816
lat5_lon0,training,CAM00071867
lat5_lon0,training,CAM00071906
lat5_lon0,training,CAM00071907
lat5_lon0,training,CAM00071908
lat5_lon0,training,CAM00071909
lat5_lon0,training,CAM00071913
lat5_lon0,training,CAM00071917
lat5_lon0,training,CAM00071925
lat5_lon0,training,CAM00071934
lat5_lon0,training,CAM00071957
lat5_lon0,training,CAM00073033
lat5_lon0,training,CAM00073110
lat5_lon0,training,CFM00064400
lat5_lon0,training,CHM00050527
lat5_lon0,training,CHM00050557
lat5_lon0,training,CHM00050774
lat5_lon0,training,CHM00050953
lat5_lon0,training,CHM00051076
lat5_lon0,training,CHM00051243
lat5_lon0,training,CHM00051431
lat5_lon0,training,CHM00051463
lat5_lon0,training,CHM00051644
lat5_lon0,training,CHM00051656
lat5_lon0,training,CHM00051709
lat5_lon0,training,CHM00051777
lat5_lon0,training,CHM00051839
lat5_lon0,training,CHM00052533
lat5_lon0,training,CHM00052681
lat5_lon0,training,CHM00052866
lat5_lon0,training,CHM00052983
lat5_lon0,training,CHM00053463
lat5_lon0,training,CHM00053543
lat5_lon0,training,CHM00053614
lat5_lon0,training,CHM00053772
lat5_lon0,training,CHM00053845
lat5_lon0,training,CHM00053915
lat5_lon0,training,CHM00054102
lat5_lon0,training,CHM00054135
lat5_lon0,training,CHM00054218
lat5_lon0,training,CHM00054292
lat5_lon0,training,CHM00054340
lat5_lon0,training,CHM00054374
lat5_lon0,training,CHM00054662
lat5_lon0,training,CHM00054727
lat5_lon0,training,CHM00056080
lat5_lon0,training,CHM00056571
lat5_lon0,training,CHM00056739
lat5_lon0,training,CHM00056964
lat5_lon0,training,CHM00056985
lat5_lon0,training,CHM00057083
lat5_lon0,training,CHM00057127
lat5_lon0,training,CHM00057461
lat5_lon0,training,CHM00057494
lat5_lon0,training,CHM00057516
lat5_lon0,training,CHM00057541
lat5_lon0,training,CHM00057972
lat5_lon0,training,CHM00058203
lat5_lon0,training,CHM00058238
lat5_lon0,training,CHM00058457
lat5_lon0,training,CHM00058606
lat5_lon0,training,CHM00058633
lat5_lon0,training,CHM00058725
lat5_lon0,training,CHM00059265
lat5_lon0,training,CHM00059280
lat5_lon0,training,CHM00059293
lat5_lon0,training,CIM00085442
lat5_lon0,training,CIM00085586
lat5_lon0,training,CIM00085799
lat5_lon0,training,CKM00096996
lat5_lon0,training,COM00080001
lat5_lon0,training,COM00080222
lat5_lon0,training,COM00080398
lat5_lon0,training,EIM00003953
lat5_lon0,training,ENM00026038
lat5_lon0,training,EZM00011520
lat5_lon0,training,EZM00011747
lat5_lon0,training,FGM00081405
lat5_lon0,training,FJM00091680
lat5_lon0,training,FKM00088889
lat5_lon0,training,FMM00091334
lat5_lon0,training,FMM00091348
lat5_lon0,training,FOM00006011
lat5_lon0,training,FPM00091938
lat5_lon0,training,FRM00007110
lat5_lon0,training,FRM00007145
lat5_lon0,training,FRM00007510
lat5_lon0,training,FRM00007645
lat5_lon0,training,FRM00007761
lat5_lon0,training,GLM00004270
lat5_lon0,training,GMM00010035
lat5_lon0,training,GMM00010113
lat5_lon0,training,GMM00010184
lat5_lon0,training,GMM00010238
lat5_lon0,training,GMM00010304
lat5_lon0,training,GMM00010393
lat5_lon0,training,GMM00010410
lat5_lon0,training,GMM00010548
lat5_lon0,training,GMM00010618
lat5_lon0,training,GMM00010739
lat5_lon0,training,GMM00010868
lat5_lon0,training,GMM00010954
lat5_lon0,training,GPM00078897
lat5_lon0,training,GQM00091212
lat5_lon0,training,GRM00016622
lat5_lon0,training,GRM00016716
lat5_lon0,training,HKM00045004
lat5_lon0,training,HRM00014430
lat5_lon0,training,HUM00012843
lat5_lon0,training,HUM00012982
lat5_lon0,training,IDM00096237
lat5_lon0,training,IDM00096509
lat5_lon0,training,IDM00096581
lat5_lon0,training,IDM00096749
lat5_lon0,training,IDM00096935
lat5_lon0,training,IDM00097372
lat5_lon0,training,IDM00097980
lat5_lon0,training,INM00042111
lat5_lon0,training,INM00042220
lat5_lon0,training,INM00042348
lat5_lon0,training,INM00042410
lat5_lon0,training,INM00042623
lat5_lon0,training,INM00042647
lat5_lon0,training,INM00042675
lat5_lon0,training,INM00042809
lat5_lon0,training,INM00042886
lat5_lon0,training,INM00042971
lat5_lon0,training,INM00043003
lat5_lon0,training,INM00043049
lat5_lon0,training,INM00043063
lat5_lon0,training,INM00043128
lat5_lon0,training,INM00043150
lat5_lon0,training,INM00043346
lat5_lon0,training,INM00043353
lat5_lon0,training,INM00043371
lat5_lon0,training,IRM00040766
lat5_lon0,training,IRM00040809
lat5_lon0,training,IRM00040856
lat5_lon0,training,ITM00016045
lat5_lon0,training,ITM00016064
lat5_lon0,training,ITM00016113
lat5_lon0,training,ITM00016144
lat5_lon0,training,ITM00016245
lat5_lon0,training,IVM00065548
lat5_lon0,training,IZM00040650
lat5_lon0,training,JAM00047401
lat5_lon0,training,JAM00047582
lat5_lon0,training,JAM00047646
lat5_lon0,training,JAM00047678
lat5_lon0,training,JAM00047741
lat5_lon0,training,JAM00047807
lat5_lon0,training,JAM00047918
lat5_lon0,training,JAM00047945
lat5_lon0,training,JAM00047971
lat5_lon0,training,JAM00047991
lat5_lon0,training,JNM00001001
lat5_lon0,training,KSM00047138
lat5_lon0,training,KSM00047155
lat5_lon0,training,KSM00047169
lat5_lon0,training,KSM00047186
lat5_lon0,training,KZM00028951
lat5_lon0,training,KZM00035229
lat5_lon0,training,KZM00035671
lat5_lon0,training,KZM00035700
lat5_lon0,training,KZM00036003
lat5_lon0,training,KZM00036872
lat5_lon0,training,KZM00038064
lat5_lon0,training,KZM00038341
lat5_lon0,training,LHM00026629
lat5_lon0,training,MGM00044212
lat5_lon0,training,MGM00044231
lat5_lon0,training,MGM00044292
lat5_lon0,training,MGM00044373
lat5_lon0,training,MLM00061291
lat5_lon0,training,MOM00060155
lat5_lon0,training,MOM00060253
lat5_lon0,training,MXM00076458
lat5_lon0,training,MXM00076526
lat5_lon0,training,MXM00076595
lat5_lon0,training,MXM00076612
lat5_lon0,training,MXM00076679
lat5_lon0,training,MXM00076692
lat5_lon0,training,MYM00048601
lat5_lon0,training,MYM00048615
lat5_lon0,training,MYM00096441
lat5_lon0,training,MYM00096481
lat5_lon0,training,NCM00091592
lat5_lon0,training,NFM00094996
lat5_lon0,training,NGM00061024
lat5_lon0,training,NGM00061052
lat5_lon0,training,NLM00006260
lat5_lon0,training,NOM00001400
lat5_lon0,training,NOM00001415
lat5_lon0,training,NZM00093112
lat5_lon0,training,PFM00059981
lat5_lon0,training,PLM00012575
lat5_lon0,training,PMM00078807
lat5_lon0,training,POM00008508
lat5_lon0,training,POM00008522
lat5_lon0,training,REM00061980
lat5_lon0,training,ROM00015420
lat5_lon0,training,RPM00098223
lat5_lon0,training,RPM00098233
lat5_lon0,training,RPM00098433
lat5_lon0,training,RPM00098444
lat5_lon0,training,RQM00078526
lat5_lon0,training,RSM00020674
lat5_lon0,training,RSM00021824
lat5_lon0,training,RSM00023078
lat5_lon0,training,RSM00023330
lat5_lon0,training,RSM00023472
lat5_lon0,training,RSM00023933
lat5_lon0,training,RSM00023955
lat5_lon0,training,RSM00024507
lat5_lon0,training,RSM00024641
lat5_lon0,training,RSM00024688
lat5_lon0,training,RSM00024726
lat5_lon0,training,RSM00024959
lat5_lon0,training,RSM00025403
lat5_lon0,training,RSM00025703
lat5_lon0,training,RSM00025913
lat5_lon0,training,RSM00026075
lat5_lon0,training,RSM00026298
lat5_lon0,training,RSM00026708
lat5_lon0,training,RSM00027038
lat5_lon0,training,RSM00027199
lat5_lon0,training,RSM00027707
lat5_lon0,training,RSM00027713
lat5_lon0,training,RSM00027730
lat5_lon0,training,RSM00028225
lat5_lon0,training,RSM00029263
lat5_lon0,training,RSM00029282
lat5_lon0,training,RSM00029572
lat5_lon0,training,RSM00029612
lat5_lon0,training,RSM00029839
lat5_lon0,training,RSM00029862
lat5_lon0,training,RSM00030054
lat5_lon0,training,RSM00030309
lat5_lon0,training,RSM00030557
lat5_lon0,training,RSM00030635
lat5_lon0,training,RSM00031088
lat5_lon0,training,RSM00031510
lat5_lon0,training,RSM00031538
lat5_lon0,training,RSM00031770
lat5_lon0,training,RSM00031873
lat5_lon0,training,RSM00032061
lat5_lon0,training,RSM00032098
lat5_lon0,training,RSM00032150
lat5_lon0,training,RSM00032389
lat5_lon0,training,RSM00032477
lat5_lon0,training,RSM00032540
lat5_lon0,training,RSM00032618
lat5_lon0,training,RSM00034172
lat5_lon0,training,RSM00034731
lat5_lon0,training,RSM00034858
lat5_lon0,training,RSM00034882
lat5_lon0,training,RSM00035121
lat5_lon0,training,RSM00037011
lat5_lon0,training,SAM00040373
lat5_lon0,training,SAM00040375
lat5_lon0,training,SAM00040394
lat5_lon0,training,SAM00040417
lat5_lon0,training,SAM00040430
lat5_lon0,training,SFM00068263
lat5_lon0,training,SFM00068512
lat5_lon0,training,SFM00068842
lat5_lon0,training,SHM00061901
lat5_lon0,training,SHM00068906
lat5_lon0,training,SNM00048698
lat5_lon0,training,SPM00008001
lat5_lon0,training,SPM00008023
lat5_lon0,training,SPM00008190
lat5_lon0,training,SPM00008221
lat5_lon0,training,SPM00008302
lat5_lon0,training,SPM00008383
lat5_lon0,training,SPM00008430
lat5_lon0,training,SWM00002591
lat5_lon0,training,SZM00006610
lat5_lon0,training,THM00048327
lat5_lon0,training,THM00048378
lat5_lon0,training,THM00048381
lat5_lon0,training,THM00048431
lat5_lon0,training,THM00048453
lat5_lon0,training,THM00048480
lat5_lon0,training,TUM00017064
lat5_lon0,training,TUM00017095
lat5_lon0,training,TUM00017220
lat5_lon0,training,TUM00017240
lat5_lon0,training,UKM00003005
lat5_lon0,training,UKM00003238
lat5_lon0,training,UKM00003918
lat5_lon0,training,USM00070026
lat5_lon0,training,USM00070200
lat5_lon0,training,USM00070219
lat5_lon0,training,USM00070261
lat5_lon0,training,USM00070273
lat5_lon0,training,USM00070308
lat5_lon0,training,USM00070350
lat5_lon0,training,USM00072201
lat5_lon0,training,USM00072202
lat5_lon0,training,USM00072206
lat5_lon0,training,USM00072208
lat5_lon0,training,USM00072210
lat5_lon0,training,USM00072215
lat5_lon0,training,USM00072235
lat5_lon0,training,USM00072240
lat5_lon0,training,USM00072248
lat5_lon0,training,USM00072249
lat5_lon0,training,USM00072251
lat5_lon0,training,USM00072261
lat5_lon0,training,USM00072265
lat5_lon0,training,USM00072293
lat5_lon0,training,USM00072317
lat5_lon0,training,USM00072327
lat5_lon0,training,USM00072357
lat5_lon0,training,USM00072364
lat5_lon0,training,USM00072376
lat5_lon0,training,USM00072393
lat5_lon0,training,USM00072402
lat5_lon0,training,USM00072403
lat5_lon0,training,USM00072426
lat5_lon0,training,USM00072440
lat5_lon0,training,USM00072451
lat5_lon0,training,USM00072456
lat5_lon0,training,USM00072476
lat5_lon0,training,USM00072493
lat5_lon0,training,USM00072518
lat5_lon0,training,USM00072520
lat5_lon0,training,USM00072582
lat5_lon0,training,USM00072597
lat5_lon0,training,USM00072632
lat5_lon0,training,USM00072634
lat5_lon0,training,USM00072645
lat5_lon0,training,USM00072659
lat5_lon0,training,USM00072662
lat5_lon0,training,USM00072672
lat5_lon0,training,USM00072681
lat5_lon0,training,USM00072694
lat5_lon0,training,USM00072712
lat5_lon0,training,USM00072764
lat5_lon0,training,USM00072768
lat5_lon0,training,USM00074560
lat5_lon0,training,USM00074646
lat5_lon0,training,USM00091165
lat5_lon0,training,USM00091285
lat5_lon0,training,VMM00048820
lat5_lon0,training,VMM00048855
lat5_lon0,early_validation,AEM00041217
lat5_lon0,early_validation,ASM00095527
lat5_lon0,early_validation,ATM00094001
lat5_lon0,early_validation,AYM00089592
lat5_lon0,early_validation,AYM00089642
lat5_lon0,early_validation,BBM00078954
lat5_lon0,early_validation,BRM00082107
lat5_lon0,early_validation,BRM00082824
lat5_lon0,early_validation,BRM00083779
lat5_lon0,early_validation,CAM00071081
lat5_lon0,early_validation,CAM00071823
lat5_lon0,early_validation,CHM00052203
lat5_lon0,early_validation,CHM00052267
lat5_lon0,early_validation,CHM00052418
lat5_lon0,early_validation,CHM00054857
lat5_lon0,early_validation,CHM00056187
lat5_lon0,early_validation,CHM00056778
lat5_lon0,early_validation,CHM00057245
lat5_lon0,early_validation,CHM00057687
lat5_lon0,early_validation,CHM00058362
lat5_lon0,early_validation,CHM00058424
lat5_lon0,early_validation,CHM00059134
lat5_lon0,early_validation,CIM00085934
lat5_lon0,early_validation,DRM00078486
lat5_lon0,early_validation,IDM00097502
lat5_lon0,early_validation,INM00042314
lat5_lon0,early_validation,IRM00040706
lat5_lon0,early_validation,ITM00016332
lat5_lon0,early_validation,JAM00047827
lat5_lon0,early_validation,JAM00047909
lat5_lon0,early_validation,KZM00035394
lat5_lon0,early_validation,MLM00048811
lat5_lon0,early_validation,MXM00076654
lat5_lon0,early_validation,MYM00048657
lat5_lon0,early_validation,MYM00096413
lat5_lon0,early_validation,MYM00096471
lat5_lon0,early_validation,PLM00012425
lat5_lon0,early_validation,POM00008536
lat5_lon0,early_validation,QAM00041169
lat5_lon0,early_validation,RSM00024343
lat5_lon0,early_validation,RSM00025123
lat5_lon0,early_validation,RSM00026477
lat5_lon0,early_validation,RSM00027962
lat5_lon0,early_validation,RSM00028275
lat5_lon0,early_validation,RSM00029231
lat5_lon0,early_validation,RSM00032215
lat5_lon0,early_validation,RSM00034009
lat5_lon0,early_validation,RSM00034247
lat5_lon0,early_validation,RSM00034467
lat5_lon0,early_validation,RSM00036096
lat5_lon0,early_validation,SFM00068816
lat5_lon0,early_validation,THM00048407
lat5_lon0,early_validation,TUM00017030
lat5_lon0,early_validation,TUM00017196
lat5_lon0,early_validation,UKM00003808
lat5_lon0,early_validation,USM00070361
lat5_lon0,early_validation,USM00070398
lat5_lon0,early_validation,USM00072489
lat5_lon0,early_validation,USM00072501
lat5_lon0,early_validation,USM00072558
lat5_lon0,early_validation,USM00072572
lat5_lon0,early_validation,USM00072747
lat5_lon0,early_validation,USM00074389
lat5_lon0,calibration,AGM00060390
lat5_lon0,calibration,ARM00087860
lat5_lon0,calibration,ASM00094637
lat5_lon0,calibration,AYM00089532
lat5_lon0,calibration,BRM00082022
lat5_lon0,calibration,BRM00083827
lat5_lon0,calibration,BRM00083899
lat5_lon0,calibration,CAM00071043
lat5_lon0,calibration,CAM00071119
lat5_lon0,calibration,CAM00071845
lat5_lon0,calibration,CAM00071924
lat5_lon0,calibration,CHM00053513
lat5_lon0,calibration,CHM00054161
lat5_lon0,calibration,CHM00054511
lat5_lon0,calibration,CHM00056492
lat5_lon0,calibration,CHM00056651
lat5_lon0,calibration,CHM00058027
lat5_lon0,calibration,CHM00058150
lat5_lon0,calibration,CHM00058665
lat5_lon0,calibration,CHM00058847
lat5_lon0,calibration,CHM00059023
lat5_lon0,calibration,FMM00091413
lat5_lon0,calibration,FPM00091925
lat5_lon0,calibration,GLM00004220
lat5_lon0,calibration,HRM00014240
lat5_lon0,calibration,IDM00097180
lat5_lon0,calibration,INM00042339
lat5_lon0,calibration,INM00043185
lat5_lon0,calibration,IRM00040841
lat5_lon0,calibration,ITM00016546
lat5_lon0,calibration,JAM00047412
lat5_lon0,calibration,KEM00063741
lat5_lon0,calibration,KSM00047230
lat5_lon0,calibration,MXM00076256
lat5_lon0,calibration,MXM00076644
lat5_lon0,calibration,NZM00093844
lat5_lon0,calibration,PLM00012374
lat5_lon0,calibration,PSM00091408
lat5_lon0,calibration,RSM00023884
lat5_lon0,calibration,RSM00023921
lat5_lon0,calibration,RSM00024122
lat5_lon0,calibration,RSM00024908
lat5_lon0,calibration,RSM00026781
lat5_lon0,calibration,RSM00027594
lat5_lon0,calibration,RSM00027995
lat5_lon0,calibration,RSM00028445
lat5_lon0,calibration,RSM00028695
lat5_lon0,calibration,RSM00028722
lat5_lon0,calibration,RSM00029634
lat5_lon0,calibration,RSM00031300
lat5_lon0,calibration,SAM00041112
lat5_lon0,calibration,THM00048500
lat5_lon0,calibration,UKM00003354
lat5_lon0,calibration,USM00070316
lat5_lon0,calibration,USM00070326
lat5_lon0,calibration,USM00072230
lat5_lon0,calibration,USM00072274
lat5_lon0,calibration,USM00072363
lat5_lon0,calibration,USM00072528
lat5_lon0,calibration,USM00074455
lat5_lon0,calibration,VMM00048839
lat3_lon2,evaluation,CHM00058665
lat3_lon2,evaluation,FMM00091334
lat3_lon2,evaluation,FMM00091348
lat3_lon2,evaluation,FMM00091413
lat3_lon2,evaluation,GQM00091212
lat3_lon2,evaluation,JAM00047909
lat3_lon2,evaluation,JAM00047918
lat3_lon2,evaluation,JAM00047945
lat3_lon2,evaluation,JAM00047971
lat3_lon2,evaluation,JAM00047991
lat3_lon2,evaluation,PSM00091408
lat3_lon2,evaluation,RMM00091376
lat3_lon2,evaluation,RPM00098223
lat3_lon2,evaluation,RPM00098233
lat3_lon2,evaluation,RPM00098433
lat3_lon2,evaluation,RPM00098444
lat3_lon2,evaluation,RPM00098558
lat3_lon2,evaluation,RPM00098753
lat3_lon2,training,AGM00060680
lat3_lon2,training,AOM00066160
lat3_lon2,training,AQM00091765
lat3_lon2,training,ARM00087155
lat3_lon2,training,ARM00087344
lat3_lon2,training,ARM00087623
lat3_lon2,training,ARM00087715
lat3_lon2,training,ASM00094170
lat3_lon2,training,ASM00094203
lat3_lon2,training,ASM00094302
lat3_lon2,training,ASM00094312
lat3_lon2,training,ASM00094403
lat3_lon2,training,ASM00094430
lat3_lon2,training,ASM00094461
lat3_lon2,training,ASM00094510
lat3_lon2,training,ASM00094578
lat3_lon2,training,ASM00094610
lat3_lon2,training,ASM00094659
lat3_lon2,training,ASM00094672
lat3_lon2,training,ASM00094711
lat3_lon2,training,ASM00094802
lat3_lon2,training,ASM00094866
lat3_lon2,training,ASM00094995
lat3_lon2,training,ASM00094998
lat3_lon2,training,ATM00094005
lat3_lon2,training,ATM00095282
lat3_lon2,training,AYM00089062
lat3_lon2,training,AYM00089564
lat3_lon2,training,AYM00089571
lat3_lon2,training,AYM00089611
lat3_lon2,training,AYM00089664
lat3_lon2,training,BDM00078016
lat3_lon2,training,BEM00006458
lat3_lon2,training,BGM00041923
lat3_lon2,training,BHM00078583
lat3_lon2,training,BRM00082026
lat3_lon2,training,BRM00082099
lat3_lon2,training,BRM00082193
lat3_lon2,training,BRM00082244
lat3_lon2,training,BRM00082332
lat3_lon2,training,BRM00082532
lat3_lon2,training,BRM00082705
lat3_lon2,training,BRM00082965
lat3_lon2,training,BRM00083525
lat3_lon2,training,BRM00083566
lat3_lon2,training,BRM00083612
lat3_lon2,training,BRM00083649
lat3_lon2,training,BRM00083840
lat3_lon2,training,BRM00083937
lat3_lon2,training,CAM00071109
lat3_lon2,training,CAM00071603
lat3_lon2,training,CAM00071722
lat3_lon2,training,CAM00071802
lat3_lon2,training,CAM00071816
lat3_lon2,training,CAM00071867
lat3_lon2,training,CAM00071906
lat3_lon2,training,CAM00071907
lat3_lon2,training,CAM00071908
lat3_lon2,training,CAM00071909
lat3_lon2,training,CAM00071913
lat3_lon2,training,CAM00071917
lat3_lon2,training,CAM00071925
lat3_lon2,training,CAM00071934
lat3_lon2,training,CAM00071957
lat3_lon2,training,CAM00073033
lat3_lon2,training,CAM00073110
lat3_lon2,training,CFM00064400
lat3_lon2,training,CHM00050527
lat3_lon2,training,CHM00050557
lat3_lon2,training,CHM00050774
lat3_lon2,training,CHM00050953
lat3_lon2,training,CHM00051076
lat3_lon2,training,CHM00051243
lat3_lon2,training,CHM00051431
lat3_lon2,training,CHM00051463
lat3_lon2,training,CHM00051644
lat3_lon2,training,CHM00051656
lat3_lon2,training,CHM00051709
lat3_lon2,training,CHM00051777
lat3_lon2,training,CHM00051839
lat3_lon2,training,CHM00052533
lat3_lon2,training,CHM00052681
lat3_lon2,training,CHM00052866
lat3_lon2,training,CHM00052983
lat3_lon2,training,CHM00053463
lat3_lon2,training,CHM00053543
lat3_lon2,training,CHM00053614
lat3_lon2,training,CHM00053772
lat3_lon2,training,CHM00053845
lat3_lon2,training,CHM00053915
lat3_lon2,training,CHM00054102
lat3_lon2,training,CHM00054135
lat3_lon2,training,CHM00054218
lat3_lon2,training,CHM00054292
lat3_lon2,training,CHM00054340
lat3_lon2,training,CHM00054374
lat3_lon2,training,CHM00054662
lat3_lon2,training,CHM00054727
lat3_lon2,training,CHM00056080
lat3_lon2,training,CHM00056571
lat3_lon2,training,CHM00056739
lat3_lon2,training,CHM00056964
lat3_lon2,training,CHM00056985
lat3_lon2,training,CHM00057083
lat3_lon2,training,CHM00057127
lat3_lon2,training,CHM00057461
lat3_lon2,training,CHM00057494
lat3_lon2,training,CHM00057516
lat3_lon2,training,CHM00057541
lat3_lon2,training,CHM00057972
lat3_lon2,training,CHM00058203
lat3_lon2,training,CHM00058238
lat3_lon2,training,CHM00058457
lat3_lon2,training,CHM00058606
lat3_lon2,training,CHM00058633
lat3_lon2,training,CHM00058725
lat3_lon2,training,CHM00059265
lat3_lon2,training,CHM00059280
lat3_lon2,training,CHM00059293
lat3_lon2,training,CIM00085442
lat3_lon2,training,CIM00085586
lat3_lon2,training,CIM00085799
lat3_lon2,training,CKM00096996
lat3_lon2,training,COM00080001
lat3_lon2,training,COM00080222
lat3_lon2,training,COM00080398
lat3_lon2,training,EIM00003953
lat3_lon2,training,ENM00026038
lat3_lon2,training,EZM00011520
lat3_lon2,training,EZM00011747
lat3_lon2,training,FGM00081405
lat3_lon2,training,FJM00091680
lat3_lon2,training,FKM00088889
lat3_lon2,training,FOM00006011
lat3_lon2,training,FPM00091938
lat3_lon2,training,FRM00007110
lat3_lon2,training,FRM00007145
lat3_lon2,training,FRM00007510
lat3_lon2,training,FRM00007645
lat3_lon2,training,FRM00007761
lat3_lon2,training,GLM00004270
lat3_lon2,training,GMM00010035
lat3_lon2,training,GMM00010113
lat3_lon2,training,GMM00010184
lat3_lon2,training,GMM00010238
lat3_lon2,training,GMM00010304
lat3_lon2,training,GMM00010393
lat3_lon2,training,GMM00010410
lat3_lon2,training,GMM00010548
lat3_lon2,training,GMM00010618
lat3_lon2,training,GMM00010739
lat3_lon2,training,GMM00010868
lat3_lon2,training,GMM00010954
lat3_lon2,training,GPM00078897
lat3_lon2,training,GRM00016622
lat3_lon2,training,GRM00016716
lat3_lon2,training,HKM00045004
lat3_lon2,training,HRM00014430
lat3_lon2,training,HUM00012843
lat3_lon2,training,HUM00012982
lat3_lon2,training,IDM00096237
lat3_lon2,training,IDM00096509
lat3_lon2,training,IDM00096581
lat3_lon2,training,IDM00096749
lat3_lon2,training,IDM00096935
lat3_lon2,training,IDM00097372
lat3_lon2,training,IDM00097980
lat3_lon2,training,INM00042111
lat3_lon2,training,INM00042220
lat3_lon2,training,INM00042348
lat3_lon2,training,INM00042410
lat3_lon2,training,INM00042623
lat3_lon2,training,INM00042647
lat3_lon2,training,INM00042675
lat3_lon2,training,INM00042809
lat3_lon2,training,INM00042886
lat3_lon2,training,INM00042971
lat3_lon2,training,INM00043003
lat3_lon2,training,INM00043049
lat3_lon2,training,INM00043063
lat3_lon2,training,INM00043128
lat3_lon2,training,INM00043150
lat3_lon2,training,INM00043346
lat3_lon2,training,INM00043353
lat3_lon2,training,INM00043371
lat3_lon2,training,IRM00040766
lat3_lon2,training,IRM00040809
lat3_lon2,training,IRM00040856
lat3_lon2,training,ITM00016045
lat3_lon2,training,ITM00016064
lat3_lon2,training,ITM00016113
lat3_lon2,training,ITM00016144
lat3_lon2,training,ITM00016245
lat3_lon2,training,IVM00065548
lat3_lon2,training,IZM00040650
lat3_lon2,training,JAM00047401
lat3_lon2,training,JAM00047582
lat3_lon2,training,JAM00047646
lat3_lon2,training,JAM00047678
lat3_lon2,training,JAM00047741
lat3_lon2,training,JAM00047807
lat3_lon2,training,JNM00001001
lat3_lon2,training,KSM00047138
lat3_lon2,training,KSM00047155
lat3_lon2,training,KSM00047169
lat3_lon2,training,KSM00047186
lat3_lon2,training,KZM00028951
lat3_lon2,training,KZM00035229
lat3_lon2,training,KZM00035671
lat3_lon2,training,KZM00035700
lat3_lon2,training,KZM00036003
lat3_lon2,training,KZM00036872
lat3_lon2,training,KZM00038064
lat3_lon2,training,KZM00038341
lat3_lon2,training,LHM00026629
lat3_lon2,training,MGM00044212
lat3_lon2,training,MGM00044231
lat3_lon2,training,MGM00044292
lat3_lon2,training,MGM00044373
lat3_lon2,training,MLM00061291
lat3_lon2,training,MOM00060155
lat3_lon2,training,MOM00060253
lat3_lon2,training,MXM00076458
lat3_lon2,training,MXM00076526
lat3_lon2,training,MXM00076595
lat3_lon2,training,MXM00076612
lat3_lon2,training,MXM00076679
lat3_lon2,training,MXM00076692
lat3_lon2,training,MYM00048601
lat3_lon2,training,MYM00048615
lat3_lon2,training,MYM00096441
lat3_lon2,training,MYM00096481
lat3_lon2,training,NCM00091592
lat3_lon2,training,NFM00094996
lat3_lon2,training,NGM00061024
lat3_lon2,training,NGM00061052
lat3_lon2,training,NLM00006260
lat3_lon2,training,NOM00001241
lat3_lon2,training,NOM00001400
lat3_lon2,training,NOM00001415
lat3_lon2,training,NZM00093112
lat3_lon2,training,PFM00059981
lat3_lon2,training,PLM00012575
lat3_lon2,training,PMM00078807
lat3_lon2,training,POM00008508
lat3_lon2,training,POM00008522
lat3_lon2,training,REM00061980
lat3_lon2,training,ROM00015420
lat3_lon2,training,RQM00078526
lat3_lon2,training,RSM00020046
lat3_lon2,training,RSM00020674
lat3_lon2,training,RSM00021824
lat3_lon2,training,RSM00022008
lat3_lon2,training,RSM00022217
lat3_lon2,training,RSM00022543
lat3_lon2,training,RSM00022845
lat3_lon2,training,RSM00023078
lat3_lon2,training,RSM00023205
lat3_lon2,training,RSM00023330
lat3_lon2,training,RSM00023415
lat3_lon2,training,RSM00023472
lat3_lon2,training,RSM00023802
lat3_lon2,training,RSM00023933
lat3_lon2,training,RSM00023955
lat3_lon2,training,RSM00024507
lat3_lon2,training,RSM00024641
lat3_lon2,training,RSM00024688
lat3_lon2,training,RSM00024726
lat3_lon2,training,RSM00024959
lat3_lon2,training,RSM00025403
lat3_lon2,training,RSM00025703
lat3_lon2,training,RSM00025913
lat3_lon2,training,RSM00026075
lat3_lon2,training,RSM00026298
lat3_lon2,training,RSM00026708
lat3_lon2,training,RSM00027038
lat3_lon2,training,RSM00027199
lat3_lon2,training,RSM00027707
lat3_lon2,training,RSM00027713
lat3_lon2,training,RSM00027730
lat3_lon2,training,RSM00028225
lat3_lon2,training,RSM00029263
lat3_lon2,training,RSM00029282
lat3_lon2,training,RSM00029572
lat3_lon2,training,RSM00029612
lat3_lon2,training,RSM00029839
lat3_lon2,training,RSM00029862
lat3_lon2,training,RSM00030054
lat3_lon2,training,RSM00030309
lat3_lon2,training,RSM00030557
lat3_lon2,training,RSM00030635
lat3_lon2,training,RSM00031088
lat3_lon2,training,RSM00031510
lat3_lon2,training,RSM00031538
lat3_lon2,training,RSM00031770
lat3_lon2,training,RSM00031873
lat3_lon2,training,RSM00032061
lat3_lon2,training,RSM00032098
lat3_lon2,training,RSM00032150
lat3_lon2,training,RSM00032389
lat3_lon2,training,RSM00032477
lat3_lon2,training,RSM00032540
lat3_lon2,training,RSM00032618
lat3_lon2,training,RSM00034172
lat3_lon2,training,RSM00034731
lat3_lon2,training,RSM00034858
lat3_lon2,training,RSM00034882
lat3_lon2,training,RSM00035121
lat3_lon2,training,RSM00037011
lat3_lon2,training,SAM00040373
lat3_lon2,training,SAM00040375
lat3_lon2,training,SAM00040394
lat3_lon2,training,SAM00040417
lat3_lon2,training,SAM00040430
lat3_lon2,training,SFM00068263
lat3_lon2,training,SFM00068512
lat3_lon2,training,SFM00068842
lat3_lon2,training,SHM00061901
lat3_lon2,training,SHM00068906
lat3_lon2,training,SNM00048698
lat3_lon2,training,SPM00008001
lat3_lon2,training,SPM00008023
lat3_lon2,training,SPM00008190
lat3_lon2,training,SPM00008221
lat3_lon2,training,SPM00008302
lat3_lon2,training,SPM00008383
lat3_lon2,training,SPM00008430
lat3_lon2,training,SWM00002591
lat3_lon2,training,SZM00006610
lat3_lon2,training,THM00048327
lat3_lon2,training,THM00048378
lat3_lon2,training,THM00048381
lat3_lon2,training,THM00048431
lat3_lon2,training,THM00048453
lat3_lon2,training,THM00048480
lat3_lon2,training,TUM00017064
lat3_lon2,training,TUM00017095
lat3_lon2,training,TUM00017220
lat3_lon2,training,TUM00017240
lat3_lon2,training,UKM00003005
lat3_lon2,training,UKM00003238
lat3_lon2,training,UKM00003918
lat3_lon2,training,USM00070026
lat3_lon2,training,USM00070200
lat3_lon2,training,USM00070219
lat3_lon2,training,USM00070261
lat3_lon2,training,USM00070273
lat3_lon2,training,USM00070308
lat3_lon2,training,USM00070350
lat3_lon2,training,USM00072201
lat3_lon2,training,USM00072202
lat3_lon2,training,USM00072206
lat3_lon2,training,USM00072208
lat3_lon2,training,USM00072210
lat3_lon2,training,USM00072215
lat3_lon2,training,USM00072235
lat3_lon2,training,USM00072240
lat3_lon2,training,USM00072248
lat3_lon2,training,USM00072249
lat3_lon2,training,USM00072251
lat3_lon2,training,USM00072261
lat3_lon2,training,USM00072265
lat3_lon2,training,USM00072293
lat3_lon2,training,USM00072317
lat3_lon2,training,USM00072327
lat3_lon2,training,USM00072357
lat3_lon2,training,USM00072364
lat3_lon2,training,USM00072376
lat3_lon2,training,USM00072393
lat3_lon2,training,USM00072402
lat3_lon2,training,USM00072403
lat3_lon2,training,USM00072426
lat3_lon2,training,USM00072440
lat3_lon2,training,USM00072451
lat3_lon2,training,USM00072456
lat3_lon2,training,USM00072476
lat3_lon2,training,USM00072493
lat3_lon2,training,USM00072518
lat3_lon2,training,USM00072520
lat3_lon2,training,USM00072582
lat3_lon2,training,USM00072597
lat3_lon2,training,USM00072632
lat3_lon2,training,USM00072634
lat3_lon2,training,USM00072645
lat3_lon2,training,USM00072659
lat3_lon2,training,USM00072662
lat3_lon2,training,USM00072672
lat3_lon2,training,USM00072681
lat3_lon2,training,USM00072694
lat3_lon2,training,USM00072712
lat3_lon2,training,USM00072764
lat3_lon2,training,USM00072768
lat3_lon2,training,USM00074560
lat3_lon2,training,USM00074646
lat3_lon2,training,USM00091165
lat3_lon2,training,USM00091285
lat3_lon2,training,VMM00048820
lat3_lon2,training,VMM00048855
lat3_lon2,early_validation,AEM00041217
lat3_lon2,early_validation,ASM00095527
lat3_lon2,early_validation,ATM00094001
lat3_lon2,early_validation,AYM00089592
lat3_lon2,early_validation,AYM00089642
lat3_lon2,early_validation,BBM00078954
lat3_lon2,early_validation,BRM00082107
lat3_lon2,early_validation,BRM00082824
lat3_lon2,early_validation,BRM00083779
lat3_lon2,early_validation,CAM00071081
lat3_lon2,early_validation,CAM00071823
lat3_lon2,early_validation,CHM00052203
lat3_lon2,early_validation,CHM00052267
lat3_lon2,early_validation,CHM00052418
lat3_lon2,early_validation,CHM00054857
lat3_lon2,early_validation,CHM00056187
lat3_lon2,early_validation,CHM00056778
lat3_lon2,early_validation,CHM00057245
lat3_lon2,early_validation,CHM00057687
lat3_lon2,early_validation,CHM00058362
lat3_lon2,early_validation,CHM00058424
lat3_lon2,early_validation,CHM00059134
lat3_lon2,early_validation,CIM00085934
lat3_lon2,early_validation,DRM00078486
lat3_lon2,early_validation,IDM00097502
lat3_lon2,early_validation,INM00042314
lat3_lon2,early_validation,IRM00040706
lat3_lon2,early_validation,ITM00016332
lat3_lon2,early_validation,JAM00047827
lat3_lon2,early_validation,KZM00035394
lat3_lon2,early_validation,MLM00048811
lat3_lon2,early_validation,MXM00076654
lat3_lon2,early_validation,MYM00048657
lat3_lon2,early_validation,MYM00096413
lat3_lon2,early_validation,MYM00096471
lat3_lon2,early_validation,PLM00012425
lat3_lon2,early_validation,POM00008536
lat3_lon2,early_validation,QAM00041169
lat3_lon2,early_validation,RSM00022522
lat3_lon2,early_validation,RSM00024343
lat3_lon2,early_validation,RSM00025123
lat3_lon2,early_validation,RSM00026477
lat3_lon2,early_validation,RSM00027962
lat3_lon2,early_validation,RSM00028275
lat3_lon2,early_validation,RSM00029231
lat3_lon2,early_validation,RSM00032215
lat3_lon2,early_validation,RSM00034009
lat3_lon2,early_validation,RSM00034247
lat3_lon2,early_validation,RSM00034467
lat3_lon2,early_validation,RSM00036096
lat3_lon2,early_validation,SFM00068816
lat3_lon2,early_validation,THM00048407
lat3_lon2,early_validation,TUM00017030
lat3_lon2,early_validation,TUM00017196
lat3_lon2,early_validation,UKM00003808
lat3_lon2,early_validation,USM00070361
lat3_lon2,early_validation,USM00070398
lat3_lon2,early_validation,USM00072489
lat3_lon2,early_validation,USM00072501
lat3_lon2,early_validation,USM00072558
lat3_lon2,early_validation,USM00072572
lat3_lon2,early_validation,USM00072747
lat3_lon2,early_validation,USM00074389
lat3_lon2,calibration,AGM00060390
lat3_lon2,calibration,ARM00087860
lat3_lon2,calibration,ASM00094637
lat3_lon2,calibration,AYM00089532
lat3_lon2,calibration,BRM00082022
lat3_lon2,calibration,BRM00083827
lat3_lon2,calibration,BRM00083899
lat3_lon2,calibration,CAM00071043
lat3_lon2,calibration,CAM00071119
lat3_lon2,calibration,CAM00071845
lat3_lon2,calibration,CAM00071924
lat3_lon2,calibration,CHM00053513
lat3_lon2,calibration,CHM00054161
lat3_lon2,calibration,CHM00054511
lat3_lon2,calibration,CHM00056492
lat3_lon2,calibration,CHM00056651
lat3_lon2,calibration,CHM00058027
lat3_lon2,calibration,CHM00058150
lat3_lon2,calibration,CHM00058847
lat3_lon2,calibration,CHM00059023
lat3_lon2,calibration,FPM00091925
lat3_lon2,calibration,GLM00004220
lat3_lon2,calibration,HRM00014240
lat3_lon2,calibration,IDM00097180
lat3_lon2,calibration,INM00042339
lat3_lon2,calibration,INM00043185
lat3_lon2,calibration,IRM00040841
lat3_lon2,calibration,ITM00016546
lat3_lon2,calibration,JAM00047412
lat3_lon2,calibration,KEM00063741
lat3_lon2,calibration,KSM00047230
lat3_lon2,calibration,MXM00076256
lat3_lon2,calibration,MXM00076644
lat3_lon2,calibration,NZM00093844
lat3_lon2,calibration,PLM00012374
lat3_lon2,calibration,RSM00022271
lat3_lon2,calibration,RSM00023884
lat3_lon2,calibration,RSM00023921
lat3_lon2,calibration,RSM00024122
lat3_lon2,calibration,RSM00024908
lat3_lon2,calibration,RSM00026781
lat3_lon2,calibration,RSM00027594
lat3_lon2,calibration,RSM00027995
lat3_lon2,calibration,RSM00028445
lat3_lon2,calibration,RSM00028695
lat3_lon2,calibration,RSM00028722
lat3_lon2,calibration,RSM00029634
lat3_lon2,calibration,RSM00031300
lat3_lon2,calibration,SAM00041112
lat3_lon2,calibration,SVM00001028
lat3_lon2,calibration,THM00048500
lat3_lon2,calibration,UKM00003354
lat3_lon2,calibration,USM00070316
lat3_lon2,calibration,USM00070326
lat3_lon2,calibration,USM00072230
lat3_lon2,calibration,USM00072274
lat3_lon2,calibration,USM00072363
lat3_lon2,calibration,USM00072528
lat3_lon2,calibration,USM00074455
lat3_lon2,calibration,VMM00048839
lat2_lon2,evaluation,ASM00094120
lat2_lon2,evaluation,ASM00094170
lat2_lon2,evaluation,ASM00094203
lat2_lon2,evaluation,ASM00094299
lat2_lon2,evaluation,ASM00094332
lat2_lon2,evaluation,ASM00094461
lat2_lon2,evaluation,ASM00094510
lat2_lon2,evaluation,ASM00094578
lat2_lon2,evaluation,ASM00095527
lat2_lon2,evaluation,ATM00094001
lat2_lon2,evaluation,ATM00095282
lat2_lon2,evaluation,FJM00091680
lat2_lon2,evaluation,IDM00097372
lat2_lon2,evaluation,IDM00097502
lat2_lon2,evaluation,IDM00097980
lat2_lon2,evaluation,NCM00091592
lat2_lon2,evaluation,NFM00094996
lat2_lon2,training,AGM00060680
lat2_lon2,training,AOM00066160
lat2_lon2,training,AQM00091765
lat2_lon2,training,ARM00087155
lat2_lon2,training,ARM00087344
lat2_lon2,training,ARM00087623
lat2_lon2,training,ARM00087715
lat2_lon2,training,ASM00094302
lat2_lon2,training,ASM00094312
lat2_lon2,training,ASM00094403
lat2_lon2,training,ASM00094430
lat2_lon2,training,ASM00094610
lat2_lon2,training,ASM00094659
lat2_lon2,training,ASM00094672
lat2_lon2,training,ASM00094711
lat2_lon2,training,ASM00094802
lat2_lon2,training,ASM00094866
lat2_lon2,training,ASM00094995
lat2_lon2,training,ASM00094998
lat2_lon2,training,ATM00094005
lat2_lon2,training,AYM00089062
lat2_lon2,training,AYM00089564
lat2_lon2,training,AYM00089571
lat2_lon2,training,AYM00089611
lat2_lon2,training,AYM00089664
lat2_lon2,training,BDM00078016
lat2_lon2,training,BEM00006458
lat2_lon2,training,BGM00041923
lat2_lon2,training,BHM00078583
lat2_lon2,training,BRM00082026
lat2_lon2,training,BRM00082099
lat2_lon2,training,BRM00082193
lat2_lon2,training,BRM00082244
lat2_lon2,training,BRM00082332
lat2_lon2,training,BRM00082532
lat2_lon2,training,BRM00082705
lat2_lon2,training,BRM00082965
lat2_lon2,training,BRM00083525
lat2_lon2,training,BRM00083566
lat2_lon2,training,BRM00083612
lat2_lon2,training,BRM00083649
lat2_lon2,training,BRM00083840
lat2_lon2,training,BRM00083937
lat2_lon2,training,CAM00071109
lat2_lon2,training,CAM00071603
lat2_lon2,training,CAM00071722
lat2_lon2,training,CAM00071802
lat2_lon2,training,CAM00071816
lat2_lon2,training,CAM00071867
lat2_lon2,training,CAM00071906
lat2_lon2,training,CAM00071907
lat2_lon2,training,CAM00071908
lat2_lon2,training,CAM00071909
lat2_lon2,training,CAM00071913
lat2_lon2,training,CAM00071917
lat2_lon2,training,CAM00071925
lat2_lon2,training,CAM00071934
lat2_lon2,training,CAM00071957
lat2_lon2,training,CAM00073033
lat2_lon2,training,CAM00073110
lat2_lon2,training,CFM00064400
lat2_lon2,training,CHM00050527
lat2_lon2,training,CHM00050557
lat2_lon2,training,CHM00050774
lat2_lon2,training,CHM00050953
lat2_lon2,training,CHM00051076
lat2_lon2,training,CHM00051243
lat2_lon2,training,CHM00051431
lat2_lon2,training,CHM00051463
lat2_lon2,training,CHM00051644
lat2_lon2,training,CHM00051656
lat2_lon2,training,CHM00051709
lat2_lon2,training,CHM00051777
lat2_lon2,training,CHM00051839
lat2_lon2,training,CHM00052533
lat2_lon2,training,CHM00052681
lat2_lon2,training,CHM00052866
lat2_lon2,training,CHM00052983
lat2_lon2,training,CHM00053463
lat2_lon2,training,CHM00053543
lat2_lon2,training,CHM00053614
lat2_lon2,training,CHM00053772
lat2_lon2,training,CHM00053845
lat2_lon2,training,CHM00053915
lat2_lon2,training,CHM00054102
lat2_lon2,training,CHM00054135
lat2_lon2,training,CHM00054218
lat2_lon2,training,CHM00054292
lat2_lon2,training,CHM00054340
lat2_lon2,training,CHM00054374
lat2_lon2,training,CHM00054662
lat2_lon2,training,CHM00054727
lat2_lon2,training,CHM00056080
lat2_lon2,training,CHM00056571
lat2_lon2,training,CHM00056739
lat2_lon2,training,CHM00056964
lat2_lon2,training,CHM00056985
lat2_lon2,training,CHM00057083
lat2_lon2,training,CHM00057127
lat2_lon2,training,CHM00057461
lat2_lon2,training,CHM00057494
lat2_lon2,training,CHM00057516
lat2_lon2,training,CHM00057541
lat2_lon2,training,CHM00057972
lat2_lon2,training,CHM00058203
lat2_lon2,training,CHM00058238
lat2_lon2,training,CHM00058457
lat2_lon2,training,CHM00058606
lat2_lon2,training,CHM00058633
lat2_lon2,training,CHM00058725
lat2_lon2,training,CHM00059265
lat2_lon2,training,CHM00059280
lat2_lon2,training,CHM00059293
lat2_lon2,training,CIM00085442
lat2_lon2,training,CIM00085586
lat2_lon2,training,CIM00085799
lat2_lon2,training,CKM00096996
lat2_lon2,training,COM00080001
lat2_lon2,training,COM00080222
lat2_lon2,training,COM00080398
lat2_lon2,training,EIM00003953
lat2_lon2,training,ENM00026038
lat2_lon2,training,EZM00011520
lat2_lon2,training,EZM00011747
lat2_lon2,training,FGM00081405
lat2_lon2,training,FKM00088889
lat2_lon2,training,FMM00091334
lat2_lon2,training,FMM00091348
lat2_lon2,training,FOM00006011
lat2_lon2,training,FPM00091938
lat2_lon2,training,FRM00007110
lat2_lon2,training,FRM00007145
lat2_lon2,training,FRM00007510
lat2_lon2,training,FRM00007645
lat2_lon2,training,FRM00007761
lat2_lon2,training,GLM00004270
lat2_lon2,training,GMM00010035
lat2_lon2,training,GMM00010113
lat2_lon2,training,GMM00010184
lat2_lon2,training,GMM00010238
lat2_lon2,training,GMM00010304
lat2_lon2,training,GMM00010393
lat2_lon2,training,GMM00010410
lat2_lon2,training,GMM00010548
lat2_lon2,training,GMM00010618
lat2_lon2,training,GMM00010739
lat2_lon2,training,GMM00010868
lat2_lon2,training,GMM00010954
lat2_lon2,training,GPM00078897
lat2_lon2,training,GQM00091212
lat2_lon2,training,GRM00016622
lat2_lon2,training,GRM00016716
lat2_lon2,training,HKM00045004
lat2_lon2,training,HRM00014430
lat2_lon2,training,HUM00012843
lat2_lon2,training,HUM00012982
lat2_lon2,training,IDM00096237
lat2_lon2,training,IDM00096509
lat2_lon2,training,IDM00096581
lat2_lon2,training,IDM00096749
lat2_lon2,training,IDM00096935
lat2_lon2,training,INM00042111
lat2_lon2,training,INM00042220
lat2_lon2,training,INM00042348
lat2_lon2,training,INM00042410
lat2_lon2,training,INM00042623
lat2_lon2,training,INM00042647
lat2_lon2,training,INM00042675
lat2_lon2,training,INM00042809
lat2_lon2,training,INM00042886
lat2_lon2,training,INM00042971
lat2_lon2,training,INM00043003
lat2_lon2,training,INM00043049
lat2_lon2,training,INM00043063
lat2_lon2,training,INM00043128
lat2_lon2,training,INM00043150
lat2_lon2,training,INM00043346
lat2_lon2,training,INM00043353
lat2_lon2,training,INM00043371
lat2_lon2,training,IRM00040766
lat2_lon2,training,IRM00040809
lat2_lon2,training,IRM00040856
lat2_lon2,training,ITM00016045
lat2_lon2,training,ITM00016064
lat2_lon2,training,ITM00016113
lat2_lon2,training,ITM00016144
lat2_lon2,training,ITM00016245
lat2_lon2,training,IVM00065548
lat2_lon2,training,IZM00040650
lat2_lon2,training,JAM00047401
lat2_lon2,training,JAM00047582
lat2_lon2,training,JAM00047646
lat2_lon2,training,JAM00047678
lat2_lon2,training,JAM00047741
lat2_lon2,training,JAM00047807
lat2_lon2,training,JAM00047918
lat2_lon2,training,JAM00047945
lat2_lon2,training,JAM00047971
lat2_lon2,training,JAM00047991
lat2_lon2,training,JNM00001001
lat2_lon2,training,KSM00047138
lat2_lon2,training,KSM00047155
lat2_lon2,training,KSM00047169
lat2_lon2,training,KSM00047186
lat2_lon2,training,KZM00028951
lat2_lon2,training,KZM00035229
lat2_lon2,training,KZM00035671
lat2_lon2,training,KZM00035700
lat2_lon2,training,KZM00036003
lat2_lon2,training,KZM00036872
lat2_lon2,training,KZM00038064
lat2_lon2,training,KZM00038341
lat2_lon2,training,LHM00026629
lat2_lon2,training,MGM00044212
lat2_lon2,training,MGM00044231
lat2_lon2,training,MGM00044292
lat2_lon2,training,MGM00044373
lat2_lon2,training,MLM00061291
lat2_lon2,training,MOM00060155
lat2_lon2,training,MOM00060253
lat2_lon2,training,MXM00076458
lat2_lon2,training,MXM00076526
lat2_lon2,training,MXM00076595
lat2_lon2,training,MXM00076612
lat2_lon2,training,MXM00076679
lat2_lon2,training,MXM00076692
lat2_lon2,training,MYM00048601
lat2_lon2,training,MYM00048615
lat2_lon2,training,MYM00096441
lat2_lon2,training,MYM00096481
lat2_lon2,training,NGM00061024
lat2_lon2,training,NGM00061052
lat2_lon2,training,NLM00006260
lat2_lon2,training,NOM00001241
lat2_lon2,training,NOM00001400
lat2_lon2,training,NOM00001415
lat2_lon2,training,NZM00093112
lat2_lon2,training,PFM00059981
lat2_lon2,training,PLM00012575
lat2_lon2,training,PMM00078807
lat2_lon2,training,POM00008508
lat2_lon2,training,POM00008522
lat2_lon2,training,REM00061980
lat2_lon2,training,ROM00015420
lat2_lon2,training,RPM00098223
lat2_lon2,training,RPM00098233
lat2_lon2,training,RPM00098433
lat2_lon2,training,RPM00098444
lat2_lon2,training,RQM00078526
lat2_lon2,training,RSM00020046
lat2_lon2,training,RSM00020674
lat2_lon2,training,RSM00021824
lat2_lon2,training,RSM00022008
lat2_lon2,training,RSM00022217
lat2_lon2,training,RSM00022543
lat2_lon2,training,RSM00022845
lat2_lon2,training,RSM00023078
lat2_lon2,training,RSM00023205
lat2_lon2,training,RSM00023330
lat2_lon2,training,RSM00023415
lat2_lon2,training,RSM00023472
lat2_lon2,training,RSM00023802
lat2_lon2,training,RSM00023933
lat2_lon2,training,RSM00023955
lat2_lon2,training,RSM00024507
lat2_lon2,training,RSM00024641
lat2_lon2,training,RSM00024688
lat2_lon2,training,RSM00024726
lat2_lon2,training,RSM00024959
lat2_lon2,training,RSM00025403
lat2_lon2,training,RSM00025703
lat2_lon2,training,RSM00025913
lat2_lon2,training,RSM00026075
lat2_lon2,training,RSM00026298
lat2_lon2,training,RSM00026708
lat2_lon2,training,RSM00027038
lat2_lon2,training,RSM00027199
lat2_lon2,training,RSM00027707
lat2_lon2,training,RSM00027713
lat2_lon2,training,RSM00027730
lat2_lon2,training,RSM00028225
lat2_lon2,training,RSM00029263
lat2_lon2,training,RSM00029282
lat2_lon2,training,RSM00029572
lat2_lon2,training,RSM00029612
lat2_lon2,training,RSM00029839
lat2_lon2,training,RSM00029862
lat2_lon2,training,RSM00030054
lat2_lon2,training,RSM00030309
lat2_lon2,training,RSM00030557
lat2_lon2,training,RSM00030635
lat2_lon2,training,RSM00031088
lat2_lon2,training,RSM00031510
lat2_lon2,training,RSM00031538
lat2_lon2,training,RSM00031770
lat2_lon2,training,RSM00031873
lat2_lon2,training,RSM00032061
lat2_lon2,training,RSM00032098
lat2_lon2,training,RSM00032150
lat2_lon2,training,RSM00032389
lat2_lon2,training,RSM00032477
lat2_lon2,training,RSM00032540
lat2_lon2,training,RSM00032618
lat2_lon2,training,RSM00034172
lat2_lon2,training,RSM00034731
lat2_lon2,training,RSM00034858
lat2_lon2,training,RSM00034882
lat2_lon2,training,RSM00035121
lat2_lon2,training,RSM00037011
lat2_lon2,training,SAM00040373
lat2_lon2,training,SAM00040375
lat2_lon2,training,SAM00040394
lat2_lon2,training,SAM00040417
lat2_lon2,training,SAM00040430
lat2_lon2,training,SFM00068263
lat2_lon2,training,SFM00068512
lat2_lon2,training,SFM00068842
lat2_lon2,training,SHM00061901
lat2_lon2,training,SHM00068906
lat2_lon2,training,SNM00048698
lat2_lon2,training,SPM00008001
lat2_lon2,training,SPM00008023
lat2_lon2,training,SPM00008190
lat2_lon2,training,SPM00008221
lat2_lon2,training,SPM00008302
lat2_lon2,training,SPM00008383
lat2_lon2,training,SPM00008430
lat2_lon2,training,SWM00002591
lat2_lon2,training,SZM00006610
lat2_lon2,training,THM00048327
lat2_lon2,training,THM00048378
lat2_lon2,training,THM00048381
lat2_lon2,training,THM00048431
lat2_lon2,training,THM00048453
lat2_lon2,training,THM00048480
lat2_lon2,training,TUM00017064
lat2_lon2,training,TUM00017095
lat2_lon2,training,TUM00017220
lat2_lon2,training,TUM00017240
lat2_lon2,training,UKM00003005
lat2_lon2,training,UKM00003238
lat2_lon2,training,UKM00003918
lat2_lon2,training,USM00070026
lat2_lon2,training,USM00070200
lat2_lon2,training,USM00070219
lat2_lon2,training,USM00070261
lat2_lon2,training,USM00070273
lat2_lon2,training,USM00070308
lat2_lon2,training,USM00070350
lat2_lon2,training,USM00072201
lat2_lon2,training,USM00072202
lat2_lon2,training,USM00072206
lat2_lon2,training,USM00072208
lat2_lon2,training,USM00072210
lat2_lon2,training,USM00072215
lat2_lon2,training,USM00072235
lat2_lon2,training,USM00072240
lat2_lon2,training,USM00072248
lat2_lon2,training,USM00072249
lat2_lon2,training,USM00072251
lat2_lon2,training,USM00072261
lat2_lon2,training,USM00072265
lat2_lon2,training,USM00072293
lat2_lon2,training,USM00072317
lat2_lon2,training,USM00072327
lat2_lon2,training,USM00072357
lat2_lon2,training,USM00072364
lat2_lon2,training,USM00072376
lat2_lon2,training,USM00072393
lat2_lon2,training,USM00072402
lat2_lon2,training,USM00072403
lat2_lon2,training,USM00072426
lat2_lon2,training,USM00072440
lat2_lon2,training,USM00072451
lat2_lon2,training,USM00072456
lat2_lon2,training,USM00072476
lat2_lon2,training,USM00072493
lat2_lon2,training,USM00072518
lat2_lon2,training,USM00072520
lat2_lon2,training,USM00072582
lat2_lon2,training,USM00072597
lat2_lon2,training,USM00072632
lat2_lon2,training,USM00072634
lat2_lon2,training,USM00072645
lat2_lon2,training,USM00072659
lat2_lon2,training,USM00072662
lat2_lon2,training,USM00072672
lat2_lon2,training,USM00072681
lat2_lon2,training,USM00072694
lat2_lon2,training,USM00072712
lat2_lon2,training,USM00072764
lat2_lon2,training,USM00072768
lat2_lon2,training,USM00074560
lat2_lon2,training,USM00074646
lat2_lon2,training,USM00091165
lat2_lon2,training,USM00091285
lat2_lon2,training,VMM00048820
lat2_lon2,training,VMM00048855
lat2_lon2,early_validation,AEM00041217
lat2_lon2,early_validation,AYM00089592
lat2_lon2,early_validation,AYM00089642
lat2_lon2,early_validation,BBM00078954
lat2_lon2,early_validation,BRM00082107
lat2_lon2,early_validation,BRM00082824
lat2_lon2,early_validation,BRM00083779
lat2_lon2,early_validation,CAM00071081
lat2_lon2,early_validation,CAM00071823
lat2_lon2,early_validation,CHM00052203
lat2_lon2,early_validation,CHM00052267
lat2_lon2,early_validation,CHM00052418
lat2_lon2,early_validation,CHM00054857
lat2_lon2,early_validation,CHM00056187
lat2_lon2,early_validation,CHM00056778
lat2_lon2,early_validation,CHM00057245
lat2_lon2,early_validation,CHM00057687
lat2_lon2,early_validation,CHM00058362
lat2_lon2,early_validation,CHM00058424
lat2_lon2,early_validation,CHM00059134
lat2_lon2,early_validation,CIM00085934
lat2_lon2,early_validation,DRM00078486
lat2_lon2,early_validation,INM00042314
lat2_lon2,early_validation,IRM00040706
lat2_lon2,early_validation,ITM00016332
lat2_lon2,early_validation,JAM00047827
lat2_lon2,early_validation,JAM00047909
lat2_lon2,early_validation,KZM00035394
lat2_lon2,early_validation,MLM00048811
lat2_lon2,early_validation,MXM00076654
lat2_lon2,early_validation,MYM00048657
lat2_lon2,early_validation,MYM00096413
lat2_lon2,early_validation,MYM00096471
lat2_lon2,early_validation,PLM00012425
lat2_lon2,early_validation,POM00008536
lat2_lon2,early_validation,QAM00041169
lat2_lon2,early_validation,RSM00022522
lat2_lon2,early_validation,RSM00024343
lat2_lon2,early_validation,RSM00025123
lat2_lon2,early_validation,RSM00026477
lat2_lon2,early_validation,RSM00027962
lat2_lon2,early_validation,RSM00028275
lat2_lon2,early_validation,RSM00029231
lat2_lon2,early_validation,RSM00032215
lat2_lon2,early_validation,RSM00034009
lat2_lon2,early_validation,RSM00034247
lat2_lon2,early_validation,RSM00034467
lat2_lon2,early_validation,RSM00036096
lat2_lon2,early_validation,SFM00068816
lat2_lon2,early_validation,THM00048407
lat2_lon2,early_validation,TUM00017030
lat2_lon2,early_validation,TUM00017196
lat2_lon2,early_validation,UKM00003808
lat2_lon2,early_validation,USM00070361
lat2_lon2,early_validation,USM00070398
lat2_lon2,early_validation,USM00072489
lat2_lon2,early_validation,USM00072501
lat2_lon2,early_validation,USM00072558
lat2_lon2,early_validation,USM00072572
lat2_lon2,early_validation,USM00072747
lat2_lon2,early_validation,USM00074389
lat2_lon2,calibration,AGM00060390
lat2_lon2,calibration,ARM00087860
lat2_lon2,calibration,ASM00094637
lat2_lon2,calibration,AYM00089532
lat2_lon2,calibration,BRM00082022
lat2_lon2,calibration,BRM00083827
lat2_lon2,calibration,BRM00083899
lat2_lon2,calibration,CAM00071043
lat2_lon2,calibration,CAM00071119
lat2_lon2,calibration,CAM00071845
lat2_lon2,calibration,CAM00071924
lat2_lon2,calibration,CHM00053513
lat2_lon2,calibration,CHM00054161
lat2_lon2,calibration,CHM00054511
lat2_lon2,calibration,CHM00056492
lat2_lon2,calibration,CHM00056651
lat2_lon2,calibration,CHM00058027
lat2_lon2,calibration,CHM00058150
lat2_lon2,calibration,CHM00058665
lat2_lon2,calibration,CHM00058847
lat2_lon2,calibration,CHM00059023
lat2_lon2,calibration,FMM00091413
lat2_lon2,calibration,FPM00091925
lat2_lon2,calibration,GLM00004220
lat2_lon2,calibration,HRM00014240
lat2_lon2,calibration,IDM00097180
lat2_lon2,calibration,INM00042339
lat2_lon2,calibration,INM00043185
lat2_lon2,calibration,IRM00040841
lat2_lon2,calibration,ITM00016546
lat2_lon2,calibration,JAM00047412
lat2_lon2,calibration,KEM00063741
lat2_lon2,calibration,KSM00047230
lat2_lon2,calibration,MXM00076256
lat2_lon2,calibration,MXM00076644
lat2_lon2,calibration,NZM00093844
lat2_lon2,calibration,PLM00012374
lat2_lon2,calibration,PSM00091408
lat2_lon2,calibration,RSM00022271
lat2_lon2,calibration,RSM00023884
lat2_lon2,calibration,RSM00023921
lat2_lon2,calibration,RSM00024122
lat2_lon2,calibration,RSM00024908
lat2_lon2,calibration,RSM00026781
lat2_lon2,calibration,RSM00027594
lat2_lon2,calibration,RSM00027995
lat2_lon2,calibration,RSM00028445
lat2_lon2,calibration,RSM00028695
lat2_lon2,calibration,RSM00028722
lat2_lon2,calibration,RSM00029634
lat2_lon2,calibration,RSM00031300
lat2_lon2,calibration,SAM00041112
lat2_lon2,calibration,SVM00001028
lat2_lon2,calibration,THM00048500
lat2_lon2,calibration,UKM00003354
lat2_lon2,calibration,USM00070316
lat2_lon2,calibration,USM00070326
lat2_lon2,calibration,USM00072230
lat2_lon2,calibration,USM00072274
lat2_lon2,calibration,USM00072363
lat2_lon2,calibration,USM00072528
lat2_lon2,calibration,USM00074455
lat2_lon2,calibration,VMM00048839
lat2_lon5,evaluation,ARM00087155
lat2_lon5,evaluation,BRM00082193
lat2_lon5,evaluation,BRM00082244
lat2_lon5,evaluation,BRM00082332
lat2_lon5,evaluation,BRM00082599
lat2_lon5,evaluation,BRM00082965
lat2_lon5,evaluation,BRM00083378
lat2_lon5,evaluation,BRM00083525
lat2_lon5,evaluation,BRM00083566
lat2_lon5,evaluation,BRM00083612
lat2_lon5,evaluation,BRM00083649
lat2_lon5,evaluation,BRM00083779
lat2_lon5,evaluation,BRM00083827
lat2_lon5,evaluation,BRM00083840
lat2_lon5,evaluation,BRM00083899
lat2_lon5,evaluation,BRM00083937
lat2_lon5,evaluation,SHM00061901
lat2_lon5,training,AGM00060680
lat2_lon5,training,AOM00066160
lat2_lon5,training,AQM00091765
lat2_lon5,training,ARM00087344
lat2_lon5,training,ARM00087623
lat2_lon5,training,ARM00087715
lat2_lon5,training,ASM00094170
lat2_lon5,training,ASM00094203
lat2_lon5,training,ASM00094302
lat2_lon5,training,ASM00094312
lat2_lon5,training,ASM00094403
lat2_lon5,training,ASM00094430
lat2_lon5,training,ASM00094461
lat2_lon5,training,ASM00094510
lat2_lon5,training,ASM00094578
lat2_lon5,training,ASM00094610
lat2_lon5,training,ASM00094659
lat2_lon5,training,ASM00094672
lat2_lon5,training,ASM00094711
lat2_lon5,training,ASM00094802
lat2_lon5,training,ASM00094866
lat2_lon5,training,ASM00094995
lat2_lon5,training,ASM00094998
lat2_lon5,training,ATM00094005
lat2_lon5,training,ATM00095282
lat2_lon5,training,AYM00089062
lat2_lon5,training,AYM00089564
lat2_lon5,training,AYM00089571
lat2_lon5,training,AYM00089611
lat2_lon5,training,AYM00089664
lat2_lon5,training,BDM00078016
lat2_lon5,training,BEM00006458
lat2_lon5,training,BGM00041923
lat2_lon5,training,BHM00078583
lat2_lon5,training,BRM00082026
lat2_lon5,training,BRM00082099
lat2_lon5,training,BRM00082532
lat2_lon5,training,BRM00082705
lat2_lon5,training,CAM00071109
lat2_lon5,training,CAM00071603
lat2_lon5,training,CAM00071722
lat2_lon5,training,CAM00071802
lat2_lon5,training,CAM00071816
lat2_lon5,training,CAM00071867
lat2_lon5,training,CAM00071906
lat2_lon5,training,CAM00071907
lat2_lon5,training,CAM00071908
lat2_lon5,training,CAM00071909
lat2_lon5,training,CAM00071913
lat2_lon5,training,CAM00071917
lat2_lon5,training,CAM00071925
lat2_lon5,training,CAM00071934
lat2_lon5,training,CAM00071957
lat2_lon5,training,CAM00073033
lat2_lon5,training,CAM00073110
lat2_lon5,training,CFM00064400
lat2_lon5,training,CHM00050527
lat2_lon5,training,CHM00050557
lat2_lon5,training,CHM00050774
lat2_lon5,training,CHM00050953
lat2_lon5,training,CHM00051076
lat2_lon5,training,CHM00051243
lat2_lon5,training,CHM00051431
lat2_lon5,training,CHM00051463
lat2_lon5,training,CHM00051644
lat2_lon5,training,CHM00051656
lat2_lon5,training,CHM00051709
lat2_lon5,training,CHM00051777
lat2_lon5,training,CHM00051839
lat2_lon5,training,CHM00052533
lat2_lon5,training,CHM00052681
lat2_lon5,training,CHM00052866
lat2_lon5,training,CHM00052983
lat2_lon5,training,CHM00053463
lat2_lon5,training,CHM00053543
lat2_lon5,training,CHM00053614
lat2_lon5,training,CHM00053772
lat2_lon5,training,CHM00053845
lat2_lon5,training,CHM00053915
lat2_lon5,training,CHM00054102
lat2_lon5,training,CHM00054135
lat2_lon5,training,CHM00054218
lat2_lon5,training,CHM00054292
lat2_lon5,training,CHM00054340
lat2_lon5,training,CHM00054374
lat2_lon5,training,CHM00054662
lat2_lon5,training,CHM00054727
lat2_lon5,training,CHM00056080
lat2_lon5,training,CHM00056571
lat2_lon5,training,CHM00056739
lat2_lon5,training,CHM00056964
lat2_lon5,training,CHM00056985
lat2_lon5,training,CHM00057083
lat2_lon5,training,CHM00057127
lat2_lon5,training,CHM00057461
lat2_lon5,training,CHM00057494
lat2_lon5,training,CHM00057516
lat2_lon5,training,CHM00057541
lat2_lon5,training,CHM00057972
lat2_lon5,training,CHM00058203
lat2_lon5,training,CHM00058238
lat2_lon5,training,CHM00058457
lat2_lon5,training,CHM00058606
lat2_lon5,training,CHM00058633
lat2_lon5,training,CHM00058725
lat2_lon5,training,CHM00059265
lat2_lon5,training,CHM00059280
lat2_lon5,training,CHM00059293
lat2_lon5,training,CIM00085442
lat2_lon5,training,CIM00085586
lat2_lon5,training,CIM00085799
lat2_lon5,training,CKM00096996
lat2_lon5,training,COM00080001
lat2_lon5,training,COM00080222
lat2_lon5,training,COM00080398
lat2_lon5,training,EIM00003953
lat2_lon5,training,ENM00026038
lat2_lon5,training,EZM00011520
lat2_lon5,training,EZM00011747
lat2_lon5,training,FGM00081405
lat2_lon5,training,FJM00091680
lat2_lon5,training,FKM00088889
lat2_lon5,training,FMM00091334
lat2_lon5,training,FMM00091348
lat2_lon5,training,FOM00006011
lat2_lon5,training,FPM00091938
lat2_lon5,training,FRM00007110
lat2_lon5,training,FRM00007145
lat2_lon5,training,FRM00007510
lat2_lon5,training,FRM00007645
lat2_lon5,training,FRM00007761
lat2_lon5,training,GLM00004270
lat2_lon5,training,GMM00010035
lat2_lon5,training,GMM00010113
lat2_lon5,training,GMM00010184
lat2_lon5,training,GMM00010238
lat2_lon5,training,GMM00010304
lat2_lon5,training,GMM00010393
lat2_lon5,training,GMM00010410
lat2_lon5,training,GMM00010548
lat2_lon5,training,GMM00010618
lat2_lon5,training,GMM00010739
lat2_lon5,training,GMM00010868
lat2_lon5,training,GMM00010954
lat2_lon5,training,GPM00078897
lat2_lon5,training,GQM00091212
lat2_lon5,training,GRM00016622
lat2_lon5,training,GRM00016716
lat2_lon5,training,HKM00045004
lat2_lon5,training,HRM00014430
lat2_lon5,training,HUM00012843
lat2_lon5,training,HUM00012982
lat2_lon5,training,IDM00096237
lat2_lon5,training,IDM00096509
lat2_lon5,training,IDM00096581
lat2_lon5,training,IDM00096749
lat2_lon5,training,IDM00096935
lat2_lon5,training,IDM00097372
lat2_lon5,training,IDM00097980
lat2_lon5,training,INM00042111
lat2_lon5,training,INM00042220
lat2_lon5,training,INM00042348
lat2_lon5,training,INM00042410
lat2_lon5,training,INM00042623
lat2_lon5,training,INM00042647
lat2_lon5,training,INM00042675
lat2_lon5,training,INM00042809
lat2_lon5,training,INM00042886
lat2_lon5,training,INM00042971
lat2_lon5,training,INM00043003
lat2_lon5,training,INM00043049
lat2_lon5,training,INM00043063
lat2_lon5,training,INM00043128
lat2_lon5,training,INM00043150
lat2_lon5,training,INM00043346
lat2_lon5,training,INM00043353
lat2_lon5,training,INM00043371
lat2_lon5,training,IRM00040766
lat2_lon5,training,IRM00040809
lat2_lon5,training,IRM00040856
lat2_lon5,training,ITM00016045
lat2_lon5,training,ITM00016064
lat2_lon5,training,ITM00016113
lat2_lon5,training,ITM00016144
lat2_lon5,training,ITM00016245
lat2_lon5,training,IVM00065548
lat2_lon5,training,IZM00040650
lat2_lon5,training,JAM00047401
lat2_lon5,training,JAM00047582
lat2_lon5,training,JAM00047646
lat2_lon5,training,JAM00047678
lat2_lon5,training,JAM00047741
lat2_lon5,training,JAM00047807
lat2_lon5,training,JAM00047918
lat2_lon5,training,JAM00047945
lat2_lon5,training,JAM00047971
lat2_lon5,training,JAM00047991
lat2_lon5,training,JNM00001001
lat2_lon5,training,KSM00047138
lat2_lon5,training,KSM00047155
lat2_lon5,training,KSM00047169
lat2_lon5,training,KSM00047186
lat2_lon5,training,KZM00028951
lat2_lon5,training,KZM00035229
lat2_lon5,training,KZM00035671
lat2_lon5,training,KZM00035700
lat2_lon5,training,KZM00036003
lat2_lon5,training,KZM00036872
lat2_lon5,training,KZM00038064
lat2_lon5,training,KZM00038341
lat2_lon5,training,LHM00026629
lat2_lon5,training,MGM00044212
lat2_lon5,training,MGM00044231
lat2_lon5,training,MGM00044292
lat2_lon5,training,MGM00044373
lat2_lon5,training,MLM00061291
lat2_lon5,training,MOM00060155
lat2_lon5,training,MOM00060253
lat2_lon5,training,MXM00076458
lat2_lon5,training,MXM00076526
lat2_lon5,training,MXM00076595
lat2_lon5,training,MXM00076612
lat2_lon5,training,MXM00076679
lat2_lon5,training,MXM00076692
lat2_lon5,training,MYM00048601
lat2_lon5,training,MYM00048615
lat2_lon5,training,MYM00096441
lat2_lon5,training,MYM00096481
lat2_lon5,training,NCM00091592
lat2_lon5,training,NFM00094996
lat2_lon5,training,NGM00061024
lat2_lon5,training,NGM00061052
lat2_lon5,training,NLM00006260
lat2_lon5,training,NOM00001241
lat2_lon5,training,NOM00001400
lat2_lon5,training,NOM00001415
lat2_lon5,training,NZM00093112
lat2_lon5,training,PFM00059981
lat2_lon5,training,PLM00012575
lat2_lon5,training,PMM00078807
lat2_lon5,training,POM00008508
lat2_lon5,training,POM00008522
lat2_lon5,training,REM00061980
lat2_lon5,training,ROM00015420
lat2_lon5,training,RPM00098223
lat2_lon5,training,RPM00098233
lat2_lon5,training,RPM00098433
lat2_lon5,training,RPM00098444
lat2_lon5,training,RQM00078526
lat2_lon5,training,RSM00020046
lat2_lon5,training,RSM00020674
lat2_lon5,training,RSM00021824
lat2_lon5,training,RSM00022008
lat2_lon5,training,RSM00022217
lat2_lon5,training,RSM00022543
lat2_lon5,training,RSM00022845
lat2_lon5,training,RSM00023078
lat2_lon5,training,RSM00023205
lat2_lon5,training,RSM00023330
lat2_lon5,training,RSM00023415
lat2_lon5,training,RSM00023472
lat2_lon5,training,RSM00023802
lat2_lon5,training,RSM00023933
lat2_lon5,training,RSM00023955
lat2_lon5,training,RSM00024507
lat2_lon5,training,RSM00024641
lat2_lon5,training,RSM00024688
lat2_lon5,training,RSM00024726
lat2_lon5,training,RSM00024959
lat2_lon5,training,RSM00025403
lat2_lon5,training,RSM00025703
lat2_lon5,training,RSM00025913
lat2_lon5,training,RSM00026075
lat2_lon5,training,RSM00026298
lat2_lon5,training,RSM00026708
lat2_lon5,training,RSM00027038
lat2_lon5,training,RSM00027199
lat2_lon5,training,RSM00027707
lat2_lon5,training,RSM00027713
lat2_lon5,training,RSM00027730
lat2_lon5,training,RSM00028225
lat2_lon5,training,RSM00029263
lat2_lon5,training,RSM00029282
lat2_lon5,training,RSM00029572
lat2_lon5,training,RSM00029612
lat2_lon5,training,RSM00029839
lat2_lon5,training,RSM00029862
lat2_lon5,training,RSM00030054
lat2_lon5,training,RSM00030309
lat2_lon5,training,RSM00030557
lat2_lon5,training,RSM00030635
lat2_lon5,training,RSM00031088
lat2_lon5,training,RSM00031510
lat2_lon5,training,RSM00031538
lat2_lon5,training,RSM00031770
lat2_lon5,training,RSM00031873
lat2_lon5,training,RSM00032061
lat2_lon5,training,RSM00032098
lat2_lon5,training,RSM00032150
lat2_lon5,training,RSM00032389
lat2_lon5,training,RSM00032477
lat2_lon5,training,RSM00032540
lat2_lon5,training,RSM00032618
lat2_lon5,training,RSM00034172
lat2_lon5,training,RSM00034731
lat2_lon5,training,RSM00034858
lat2_lon5,training,RSM00034882
lat2_lon5,training,RSM00035121
lat2_lon5,training,RSM00037011
lat2_lon5,training,SAM00040373
lat2_lon5,training,SAM00040375
lat2_lon5,training,SAM00040394
lat2_lon5,training,SAM00040417
lat2_lon5,training,SAM00040430
lat2_lon5,training,SFM00068263
lat2_lon5,training,SFM00068512
lat2_lon5,training,SFM00068842
lat2_lon5,training,SHM00068906
lat2_lon5,training,SNM00048698
lat2_lon5,training,SPM00008001
lat2_lon5,training,SPM00008023
lat2_lon5,training,SPM00008190
lat2_lon5,training,SPM00008221
lat2_lon5,training,SPM00008302
lat2_lon5,training,SPM00008383
lat2_lon5,training,SPM00008430
lat2_lon5,training,SWM00002591
lat2_lon5,training,SZM00006610
lat2_lon5,training,THM00048327
lat2_lon5,training,THM00048378
lat2_lon5,training,THM00048381
lat2_lon5,training,THM00048431
lat2_lon5,training,THM00048453
lat2_lon5,training,THM00048480
lat2_lon5,training,TUM00017064
lat2_lon5,training,TUM00017095
lat2_lon5,training,TUM00017220
lat2_lon5,training,TUM00017240
lat2_lon5,training,UKM00003005
lat2_lon5,training,UKM00003238
lat2_lon5,training,UKM00003918
lat2_lon5,training,USM00070026
lat2_lon5,training,USM00070200
lat2_lon5,training,USM00070219
lat2_lon5,training,USM00070261
lat2_lon5,training,USM00070273
lat2_lon5,training,USM00070308
lat2_lon5,training,USM00070350
lat2_lon5,training,USM00072201
lat2_lon5,training,USM00072202
lat2_lon5,training,USM00072206
lat2_lon5,training,USM00072208
lat2_lon5,training,USM00072210
lat2_lon5,training,USM00072215
lat2_lon5,training,USM00072235
lat2_lon5,training,USM00072240
lat2_lon5,training,USM00072248
lat2_lon5,training,USM00072249
lat2_lon5,training,USM00072251
lat2_lon5,training,USM00072261
lat2_lon5,training,USM00072265
lat2_lon5,training,USM00072293
lat2_lon5,training,USM00072317
lat2_lon5,training,USM00072327
lat2_lon5,training,USM00072357
lat2_lon5,training,USM00072364
lat2_lon5,training,USM00072376
lat2_lon5,training,USM00072393
lat2_lon5,training,USM00072402
lat2_lon5,training,USM00072403
lat2_lon5,training,USM00072426
lat2_lon5,training,USM00072440
lat2_lon5,training,USM00072451
lat2_lon5,training,USM00072456
lat2_lon5,training,USM00072476
lat2_lon5,training,USM00072493
lat2_lon5,training,USM00072518
lat2_lon5,training,USM00072520
lat2_lon5,training,USM00072582
lat2_lon5,training,USM00072597
lat2_lon5,training,USM00072632
lat2_lon5,training,USM00072634
lat2_lon5,training,USM00072645
lat2_lon5,training,USM00072659
lat2_lon5,training,USM00072662
lat2_lon5,training,USM00072672
lat2_lon5,training,USM00072681
lat2_lon5,training,USM00072694
lat2_lon5,training,USM00072712
lat2_lon5,training,USM00072764
lat2_lon5,training,USM00072768
lat2_lon5,training,USM00074560
lat2_lon5,training,USM00074646
lat2_lon5,training,USM00091165
lat2_lon5,training,USM00091285
lat2_lon5,training,VMM00048820
lat2_lon5,training,VMM00048855
lat2_lon5,early_validation,AEM00041217
lat2_lon5,early_validation,ASM00095527
lat2_lon5,early_validation,ATM00094001
lat2_lon5,early_validation,AYM00089592
lat2_lon5,early_validation,AYM00089642
lat2_lon5,early_validation,BBM00078954
lat2_lon5,early_validation,BRM00082107
lat2_lon5,early_validation,BRM00082824
lat2_lon5,early_validation,CAM00071081
lat2_lon5,early_validation,CAM00071823
lat2_lon5,early_validation,CHM00052203
lat2_lon5,early_validation,CHM00052267
lat2_lon5,early_validation,CHM00052418
lat2_lon5,early_validation,CHM00054857
lat2_lon5,early_validation,CHM00056187
lat2_lon5,early_validation,CHM00056778
lat2_lon5,early_validation,CHM00057245
lat2_lon5,early_validation,CHM00057687
lat2_lon5,early_validation,CHM00058362
lat2_lon5,early_validation,CHM00058424
lat2_lon5,early_validation,CHM00059134
lat2_lon5,early_validation,CIM00085934
lat2_lon5,early_validation,DRM00078486
lat2_lon5,early_validation,IDM00097502
lat2_lon5,early_validation,INM00042314
lat2_lon5,early_validation,IRM00040706
lat2_lon5,early_validation,ITM00016332
lat2_lon5,early_validation,JAM00047827
lat2_lon5,early_validation,JAM00047909
lat2_lon5,early_validation,KZM00035394
lat2_lon5,early_validation,MLM00048811
lat2_lon5,early_validation,MXM00076654
lat2_lon5,early_validation,MYM00048657
lat2_lon5,early_validation,MYM00096413
lat2_lon5,early_validation,MYM00096471
lat2_lon5,early_validation,PLM00012425
lat2_lon5,early_validation,POM00008536
lat2_lon5,early_validation,QAM00041169
lat2_lon5,early_validation,RSM00022522
lat2_lon5,early_validation,RSM00024343
lat2_lon5,early_validation,RSM00025123
lat2_lon5,early_validation,RSM00026477
lat2_lon5,early_validation,RSM00027962
lat2_lon5,early_validation,RSM00028275
lat2_lon5,early_validation,RSM00029231
lat2_lon5,early_validation,RSM00032215
lat2_lon5,early_validation,RSM00034009
lat2_lon5,early_validation,RSM00034247
lat2_lon5,early_validation,RSM00034467
lat2_lon5,early_validation,RSM00036096
lat2_lon5,early_validation,SFM00068816
lat2_lon5,early_validation,THM00048407
lat2_lon5,early_validation,TUM00017030
lat2_lon5,early_validation,TUM00017196
lat2_lon5,early_validation,UKM00003808
lat2_lon5,early_validation,USM00070361
lat2_lon5,early_validation,USM00070398
lat2_lon5,early_validation,USM00072489
lat2_lon5,early_validation,USM00072501
lat2_lon5,early_validation,USM00072558
lat2_lon5,early_validation,USM00072572
lat2_lon5,early_validation,USM00072747
lat2_lon5,early_validation,USM00074389
lat2_lon5,calibration,AGM00060390
lat2_lon5,calibration,ARM00087860
lat2_lon5,calibration,ASM00094637
lat2_lon5,calibration,AYM00089532
lat2_lon5,calibration,BRM00082022
lat2_lon5,calibration,CAM00071043
lat2_lon5,calibration,CAM00071119
lat2_lon5,calibration,CAM00071845
lat2_lon5,calibration,CAM00071924
lat2_lon5,calibration,CHM00053513
lat2_lon5,calibration,CHM00054161
lat2_lon5,calibration,CHM00054511
lat2_lon5,calibration,CHM00056492
lat2_lon5,calibration,CHM00056651
lat2_lon5,calibration,CHM00058027
lat2_lon5,calibration,CHM00058150
lat2_lon5,calibration,CHM00058665
lat2_lon5,calibration,CHM00058847
lat2_lon5,calibration,CHM00059023
lat2_lon5,calibration,FMM00091413
lat2_lon5,calibration,FPM00091925
lat2_lon5,calibration,GLM00004220
lat2_lon5,calibration,HRM00014240
lat2_lon5,calibration,IDM00097180
lat2_lon5,calibration,INM00042339
lat2_lon5,calibration,INM00043185
lat2_lon5,calibration,IRM00040841
lat2_lon5,calibration,ITM00016546
lat2_lon5,calibration,JAM00047412
lat2_lon5,calibration,KEM00063741
lat2_lon5,calibration,KSM00047230
lat2_lon5,calibration,MXM00076256
lat2_lon5,calibration,MXM00076644
lat2_lon5,calibration,NZM00093844
lat2_lon5,calibration,PLM00012374
lat2_lon5,calibration,PSM00091408
lat2_lon5,calibration,RSM00022271
lat2_lon5,calibration,RSM00023884
lat2_lon5,calibration,RSM00023921
lat2_lon5,calibration,RSM00024122
lat2_lon5,calibration,RSM00024908
lat2_lon5,calibration,RSM00026781
lat2_lon5,calibration,RSM00027594
lat2_lon5,calibration,RSM00027995
lat2_lon5,calibration,RSM00028445
lat2_lon5,calibration,RSM00028695
lat2_lon5,calibration,RSM00028722
lat2_lon5,calibration,RSM00029634
lat2_lon5,calibration,RSM00031300
lat2_lon5,calibration,SAM00041112
lat2_lon5,calibration,SVM00001028
lat2_lon5,calibration,THM00048500
lat2_lon5,calibration,UKM00003354
lat2_lon5,calibration,USM00070316
lat2_lon5,calibration,USM00070326
lat2_lon5,calibration,USM00072230
lat2_lon5,calibration,USM00072274
lat2_lon5,calibration,USM00072363
lat2_lon5,calibration,USM00072528
lat2_lon5,calibration,USM00074455
lat2_lon5,calibration,VMM00048839
lat3_lon0,evaluation,AEM00041217
lat3_lon0,evaluation,AGM00060680
lat3_lon0,evaluation,MLM00048811
lat3_lon0,evaluation,MUM00041256
lat3_lon0,evaluation,NGM00061024
lat3_lon0,evaluation,NGM00061052
lat3_lon0,evaluation,QAM00041169
lat3_lon0,evaluation,SAM00040373
lat3_lon0,evaluation,SAM00040375
lat3_lon0,evaluation,SAM00040394
lat3_lon0,evaluation,SAM00040417
lat3_lon0,evaluation,SAM00040430
lat3_lon0,evaluation,SAM00041024
lat3_lon0,evaluation,SAM00041112
lat3_lon0,training,AOM00066160
lat3_lon0,training,AQM00091765
lat3_lon0,training,ARM00087155
lat3_lon0,training,ARM00087344
lat3_lon0,training,ARM00087623
lat3_lon0,training,ARM00087715
lat3_lon0,training,ASM00094170
lat3_lon0,training,ASM00094203
lat3_lon0,training,ASM00094302
lat3_lon0,training,ASM00094312
lat3_lon0,training,ASM00094403
lat3_lon0,training,ASM00094430
lat3_lon0,training,ASM00094461
lat3_lon0,training,ASM00094510
lat3_lon0,training,ASM00094578
lat3_lon0,training,ASM00094610
lat3_lon0,training,ASM00094659
lat3_lon0,training,ASM00094672
lat3_lon0,training,ASM00094711
lat3_lon0,training,ASM00094802
lat3_lon0,training,ASM00094866
lat3_lon0,training,ASM00094995
lat3_lon0,training,ASM00094998
lat3_lon0,training,ATM00094005
lat3_lon0,training,ATM00095282
lat3_lon0,training,AYM00089062
lat3_lon0,training,AYM00089564
lat3_lon0,training,AYM00089571
lat3_lon0,training,AYM00089611
lat3_lon0,training,AYM00089664
lat3_lon0,training,BDM00078016
lat3_lon0,training,BEM00006458
lat3_lon0,training,BGM00041923
lat3_lon0,training,BHM00078583
lat3_lon0,training,BRM00082026
lat3_lon0,training,BRM00082099
lat3_lon0,training,BRM00082193
lat3_lon0,training,BRM00082244
lat3_lon0,training,BRM00082332
lat3_lon0,training,BRM00082532
lat3_lon0,training,BRM00082705
lat3_lon0,training,BRM00082965
lat3_lon0,training,BRM00083525
lat3_lon0,training,BRM00083566
lat3_lon0,training,BRM00083612
lat3_lon0,training,BRM00083649
lat3_lon0,training,BRM00083840
lat3_lon0,training,BRM00083937
lat3_lon0,training,CAM00071109
lat3_lon0,training,CAM00071603
lat3_lon0,training,CAM00071722
lat3_lon0,training,CAM00071802
lat3_lon0,training,CAM00071816
lat3_lon0,training,CAM00071867
lat3_lon0,training,CAM00071906
lat3_lon0,training,CAM00071907
lat3_lon0,training,CAM00071908
lat3_lon0,training,CAM00071909
lat3_lon0,training,CAM00071913
lat3_lon0,training,CAM00071917
lat3_lon0,training,CAM00071925
lat3_lon0,training,CAM00071934
lat3_lon0,training,CAM00071957
lat3_lon0,training,CAM00073033
lat3_lon0,training,CAM00073110
lat3_lon0,training,CFM00064400
lat3_lon0,training,CHM00050527
lat3_lon0,training,CHM00050557
lat3_lon0,training,CHM00050774
lat3_lon0,training,CHM00050953
lat3_lon0,training,CHM00051076
lat3_lon0,training,CHM00051243
lat3_lon0,training,CHM00051431
lat3_lon0,training,CHM00051463
lat3_lon0,training,CHM00051644
lat3_lon0,training,CHM00051656
lat3_lon0,training,CHM00051709
lat3_lon0,training,CHM00051777
lat3_lon0,training,CHM00051839
lat3_lon0,training,CHM00052533
lat3_lon0,training,CHM00052681
lat3_lon0,training,CHM00052866
lat3_lon0,training,CHM00052983
lat3_lon0,training,CHM00053463
lat3_lon0,training,CHM00053543
lat3_lon0,training,CHM00053614
lat3_lon0,training,CHM00053772
lat3_lon0,training,CHM00053845
lat3_lon0,training,CHM00053915
lat3_lon0,training,CHM00054102
lat3_lon0,training,CHM00054135
lat3_lon0,training,CHM00054218
lat3_lon0,training,CHM00054292
lat3_lon0,training,CHM00054340
lat3_lon0,training,CHM00054374
lat3_lon0,training,CHM00054662
lat3_lon0,training,CHM00054727
lat3_lon0,training,CHM00056080
lat3_lon0,training,CHM00056571
lat3_lon0,training,CHM00056739
lat3_lon0,training,CHM00056964
lat3_lon0,training,CHM00056985
lat3_lon0,training,CHM00057083
lat3_lon0,training,CHM00057127
lat3_lon0,training,CHM00057461
lat3_lon0,training,CHM00057494
lat3_lon0,training,CHM00057516
lat3_lon0,training,CHM00057541
lat3_lon0,training,CHM00057972
lat3_lon0,training,CHM00058203
lat3_lon0,training,CHM00058238
lat3_lon0,training,CHM00058457
lat3_lon0,training,CHM00058606
lat3_lon0,training,CHM00058633
lat3_lon0,training,CHM00058725
lat3_lon0,training,CHM00059265
lat3_lon0,training,CHM00059280
lat3_lon0,training,CHM00059293
lat3_lon0,training,CIM00085442
lat3_lon0,training,CIM00085586
lat3_lon0,training,CIM00085799
lat3_lon0,training,CKM00096996
lat3_lon0,training,COM00080001
lat3_lon0,training,COM00080222
lat3_lon0,training,COM00080398
lat3_lon0,training,EIM00003953
lat3_lon0,training,ENM00026038
lat3_lon0,training,EZM00011520
lat3_lon0,training,EZM00011747
lat3_lon0,training,FGM00081405
lat3_lon0,training,FJM00091680
lat3_lon0,training,FKM00088889
lat3_lon0,training,FMM00091334
lat3_lon0,training,FMM00091348
lat3_lon0,training,FOM00006011
lat3_lon0,training,FPM00091938
lat3_lon0,training,FRM00007110
lat3_lon0,training,FRM00007145
lat3_lon0,training,FRM00007510
lat3_lon0,training,FRM00007645
lat3_lon0,training,FRM00007761
lat3_lon0,training,GLM00004270
lat3_lon0,training,GMM00010035
lat3_lon0,training,GMM00010113
lat3_lon0,training,GMM00010184
lat3_lon0,training,GMM00010238
lat3_lon0,training,GMM00010304
lat3_lon0,training,GMM00010393
lat3_lon0,training,GMM00010410
lat3_lon0,training,GMM00010548
lat3_lon0,training,GMM00010618
lat3_lon0,training,GMM00010739
lat3_lon0,training,GMM00010868
lat3_lon0,training,GMM00010954
lat3_lon0,training,GPM00078897
lat3_lon0,training,GQM00091212
lat3_lon0,training,GRM00016622
lat3_lon0,training,GRM00016716
lat3_lon0,training,HKM00045004
lat3_lon0,training,HRM00014430
lat3_lon0,training,HUM00012843
lat3_lon0,training,HUM00012982
lat3_lon0,training,IDM00096237
lat3_lon0,training,IDM00096509
lat3_lon0,training,IDM00096581
lat3_lon0,training,IDM00096749
lat3_lon0,training,IDM00096935
lat3_lon0,training,IDM00097372
lat3_lon0,training,IDM00097980
lat3_lon0,training,INM00042111
lat3_lon0,training,INM00042220
lat3_lon0,training,INM00042348
lat3_lon0,training,INM00042410
lat3_lon0,training,INM00042623
lat3_lon0,training,INM00042647
lat3_lon0,training,INM00042675
lat3_lon0,training,INM00042809
lat3_lon0,training,INM00042886
lat3_lon0,training,INM00042971
lat3_lon0,training,INM00043003
lat3_lon0,training,INM00043049
lat3_lon0,training,INM00043063
lat3_lon0,training,INM00043128
lat3_lon0,training,INM00043150
lat3_lon0,training,INM00043346
lat3_lon0,training,INM00043353
lat3_lon0,training,INM00043371
lat3_lon0,training,IRM00040766
lat3_lon0,training,IRM00040809
lat3_lon0,training,IRM00040856
lat3_lon0,training,ITM00016045
lat3_lon0,training,ITM00016064
lat3_lon0,training,ITM00016113
lat3_lon0,training,ITM00016144
lat3_lon0,training,ITM00016245
lat3_lon0,training,IVM00065548
lat3_lon0,training,IZM00040650
lat3_lon0,training,JAM00047401
lat3_lon0,training,JAM00047582
lat3_lon0,training,JAM00047646
lat3_lon0,training,JAM00047678
lat3_lon0,training,JAM00047741
lat3_lon0,training,JAM00047807
lat3_lon0,training,JAM00047918
lat3_lon0,training,JAM00047945
lat3_lon0,training,JAM00047971
lat3_lon0,training,JAM00047991
lat3_lon0,training,JNM00001001
lat3_lon0,training,KSM00047138
lat3_lon0,training,KSM00047155
lat3_lon0,training,KSM00047169
lat3_lon0,training,KSM00047186
lat3_lon0,training,KZM00028951
lat3_lon0,training,KZM00035229
lat3_lon0,training,KZM00035671
lat3_lon0,training,KZM00035700
lat3_lon0,training,KZM00036003
lat3_lon0,training,KZM00036872
lat3_lon0,training,KZM00038064
lat3_lon0,training,KZM00038341
lat3_lon0,training,LHM00026629
lat3_lon0,training,MGM00044212
lat3_lon0,training,MGM00044231
lat3_lon0,training,MGM00044292
lat3_lon0,training,MGM00044373
lat3_lon0,training,MLM00061291
lat3_lon0,training,MOM00060155
lat3_lon0,training,MOM00060253
lat3_lon0,training,MXM00076458
lat3_lon0,training,MXM00076526
lat3_lon0,training,MXM00076595
lat3_lon0,training,MXM00076612
lat3_lon0,training,MXM00076679
lat3_lon0,training,MXM00076692
lat3_lon0,training,MYM00048601
lat3_lon0,training,MYM00048615
lat3_lon0,training,MYM00096441
lat3_lon0,training,MYM00096481
lat3_lon0,training,NCM00091592
lat3_lon0,training,NFM00094996
lat3_lon0,training,NLM00006260
lat3_lon0,training,NOM00001241
lat3_lon0,training,NOM00001400
lat3_lon0,training,NOM00001415
lat3_lon0,training,NZM00093112
lat3_lon0,training,PFM00059981
lat3_lon0,training,PLM00012575
lat3_lon0,training,PMM00078807
lat3_lon0,training,POM00008508
lat3_lon0,training,POM00008522
lat3_lon0,training,REM00061980
lat3_lon0,training,ROM00015420
lat3_lon0,training,RPM00098223
lat3_lon0,training,RPM00098233
lat3_lon0,training,RPM00098433
lat3_lon0,training,RPM00098444
lat3_lon0,training,RQM00078526
lat3_lon0,training,RSM00020046
lat3_lon0,training,RSM00020674
lat3_lon0,training,RSM00021824
lat3_lon0,training,RSM00022008
lat3_lon0,training,RSM00022217
lat3_lon0,training,RSM00022543
lat3_lon0,training,RSM00022845
lat3_lon0,training,RSM00023078
lat3_lon0,training,RSM00023205
lat3_lon0,training,RSM00023330
lat3_lon0,training,RSM00023415
lat3_lon0,training,RSM00023472
lat3_lon0,training,RSM00023802
lat3_lon0,training,RSM00023933
lat3_lon0,training,RSM00023955
lat3_lon0,training,RSM00024507
lat3_lon0,training,RSM00024641
lat3_lon0,training,RSM00024688
lat3_lon0,training,RSM00024726
lat3_lon0,training,RSM00024959
lat3_lon0,training,RSM00025403
lat3_lon0,training,RSM00025703
lat3_lon0,training,RSM00025913
lat3_lon0,training,RSM00026075
lat3_lon0,training,RSM00026298
lat3_lon0,training,RSM00026708
lat3_lon0,training,RSM00027038
lat3_lon0,training,RSM00027199
lat3_lon0,training,RSM00027707
lat3_lon0,training,RSM00027713
lat3_lon0,training,RSM00027730
lat3_lon0,training,RSM00028225
lat3_lon0,training,RSM00029263
lat3_lon0,training,RSM00029282
lat3_lon0,training,RSM00029572
lat3_lon0,training,RSM00029612
lat3_lon0,training,RSM00029839
lat3_lon0,training,RSM00029862
lat3_lon0,training,RSM00030054
lat3_lon0,training,RSM00030309
lat3_lon0,training,RSM00030557
lat3_lon0,training,RSM00030635
lat3_lon0,training,RSM00031088
lat3_lon0,training,RSM00031510
lat3_lon0,training,RSM00031538
lat3_lon0,training,RSM00031770
lat3_lon0,training,RSM00031873
lat3_lon0,training,RSM00032061
lat3_lon0,training,RSM00032098
lat3_lon0,training,RSM00032150
lat3_lon0,training,RSM00032389
lat3_lon0,training,RSM00032477
lat3_lon0,training,RSM00032540
lat3_lon0,training,RSM00032618
lat3_lon0,training,RSM00034172
lat3_lon0,training,RSM00034731
lat3_lon0,training,RSM00034858
lat3_lon0,training,RSM00034882
lat3_lon0,training,RSM00035121
lat3_lon0,training,RSM00037011
lat3_lon0,training,SFM00068263
lat3_lon0,training,SFM00068512
lat3_lon0,training,SFM00068842
lat3_lon0,training,SHM00061901
lat3_lon0,training,SHM00068906
lat3_lon0,training,SNM00048698
lat3_lon0,training,SPM00008001
lat3_lon0,training,SPM00008023
lat3_lon0,training,SPM00008190
lat3_lon0,training,SPM00008221
lat3_lon0,training,SPM00008302
lat3_lon0,training,SPM00008383
lat3_lon0,training,SPM00008430
lat3_lon0,training,SWM00002591
lat3_lon0,training,SZM00006610
lat3_lon0,training,THM00048327
lat3_lon0,training,THM00048378
lat3_lon0,training,THM00048381
lat3_lon0,training,THM00048431
lat3_lon0,training,THM00048453
lat3_lon0,training,THM00048480
lat3_lon0,training,TUM00017064
lat3_lon0,training,TUM00017095
lat3_lon0,training,TUM00017220
lat3_lon0,training,TUM00017240
lat3_lon0,training,UKM00003005
lat3_lon0,training,UKM00003238
lat3_lon0,training,UKM00003918
lat3_lon0,training,USM00070026
lat3_lon0,training,USM00070200
lat3_lon0,training,USM00070219
lat3_lon0,training,USM00070261
lat3_lon0,training,USM00070273
lat3_lon0,training,USM00070308
lat3_lon0,training,USM00070350
lat3_lon0,training,USM00072201
lat3_lon0,training,USM00072202
lat3_lon0,training,USM00072206
lat3_lon0,training,USM00072208
lat3_lon0,training,USM00072210
lat3_lon0,training,USM00072215
lat3_lon0,training,USM00072235
lat3_lon0,training,USM00072240
lat3_lon0,training,USM00072248
lat3_lon0,training,USM00072249
lat3_lon0,training,USM00072251
lat3_lon0,training,USM00072261
lat3_lon0,training,USM00072265
lat3_lon0,training,USM00072293
lat3_lon0,training,USM00072317
lat3_lon0,training,USM00072327
lat3_lon0,training,USM00072357
lat3_lon0,training,USM00072364
lat3_lon0,training,USM00072376
lat3_lon0,training,USM00072393
lat3_lon0,training,USM00072402
lat3_lon0,training,USM00072403
lat3_lon0,training,USM00072426
lat3_lon0,training,USM00072440
lat3_lon0,training,USM00072451
lat3_lon0,training,USM00072456
lat3_lon0,training,USM00072476
lat3_lon0,training,USM00072493
lat3_lon0,training,USM00072518
lat3_lon0,training,USM00072520
lat3_lon0,training,USM00072582
lat3_lon0,training,USM00072597
lat3_lon0,training,USM00072632
lat3_lon0,training,USM00072634
lat3_lon0,training,USM00072645
lat3_lon0,training,USM00072659
lat3_lon0,training,USM00072662
lat3_lon0,training,USM00072672
lat3_lon0,training,USM00072681
lat3_lon0,training,USM00072694
lat3_lon0,training,USM00072712
lat3_lon0,training,USM00072764
lat3_lon0,training,USM00072768
lat3_lon0,training,USM00074560
lat3_lon0,training,USM00074646
lat3_lon0,training,USM00091165
lat3_lon0,training,USM00091285
lat3_lon0,training,VMM00048820
lat3_lon0,training,VMM00048855
lat3_lon0,early_validation,ASM00095527
lat3_lon0,early_validation,ATM00094001
lat3_lon0,early_validation,AYM00089592
lat3_lon0,early_validation,AYM00089642
lat3_lon0,early_validation,BBM00078954
lat3_lon0,early_validation,BRM00082107
lat3_lon0,early_validation,BRM00082824
lat3_lon0,early_validation,BRM00083779
lat3_lon0,early_validation,CAM00071081
lat3_lon0,early_validation,CAM00071823
lat3_lon0,early_validation,CHM00052203
lat3_lon0,early_validation,CHM00052267
lat3_lon0,early_validation,CHM00052418
lat3_lon0,early_validation,CHM00054857
lat3_lon0,early_validation,CHM00056187
lat3_lon0,early_validation,CHM00056778
lat3_lon0,early_validation,CHM00057245
lat3_lon0,early_validation,CHM00057687
lat3_lon0,early_validation,CHM00058362
lat3_lon0,early_validation,CHM00058424
lat3_lon0,early_validation,CHM00059134
lat3_lon0,early_validation,CIM00085934
lat3_lon0,early_validation,DRM00078486
lat3_lon0,early_validation,IDM00097502
lat3_lon0,early_validation,INM00042314
lat3_lon0,early_validation,IRM00040706
lat3_lon0,early_validation,ITM00016332
lat3_lon0,early_validation,JAM00047827
lat3_lon0,early_validation,JAM00047909
lat3_lon0,early_validation,KZM00035394
lat3_lon0,early_validation,MXM00076654
lat3_lon0,early_validation,MYM00048657
lat3_lon0,early_validation,MYM00096413
lat3_lon0,early_validation,MYM00096471
lat3_lon0,early_validation,PLM00012425
lat3_lon0,early_validation,POM00008536
lat3_lon0,early_validation,RSM00022522
lat3_lon0,early_validation,RSM00024343
lat3_lon0,early_validation,RSM00025123
lat3_lon0,early_validation,RSM00026477
lat3_lon0,early_validation,RSM00027962
lat3_lon0,early_validation,RSM00028275
lat3_lon0,early_validation,RSM00029231
lat3_lon0,early_validation,RSM00032215
lat3_lon0,early_validation,RSM00034009
lat3_lon0,early_validation,RSM00034247
lat3_lon0,early_validation,RSM00034467
lat3_lon0,early_validation,RSM00036096
lat3_lon0,early_validation,SFM00068816
lat3_lon0,early_validation,THM00048407
lat3_lon0,early_validation,TUM00017030
lat3_lon0,early_validation,TUM00017196
lat3_lon0,early_validation,UKM00003808
lat3_lon0,early_validation,USM00070361
lat3_lon0,early_validation,USM00070398
lat3_lon0,early_validation,USM00072489
lat3_lon0,early_validation,USM00072501
lat3_lon0,early_validation,USM00072558
lat3_lon0,early_validation,USM00072572
lat3_lon0,early_validation,USM00072747
lat3_lon0,early_validation,USM00074389
lat3_lon0,calibration,AGM00060390
lat3_lon0,calibration,ARM00087860
lat3_lon0,calibration,ASM00094637
lat3_lon0,calibration,AYM00089532
lat3_lon0,calibration,BRM00082022
lat3_lon0,calibration,BRM00083827
lat3_lon0,calibration,BRM00083899
lat3_lon0,calibration,CAM00071043
lat3_lon0,calibration,CAM00071119
lat3_lon0,calibration,CAM00071845
lat3_lon0,calibration,CAM00071924
lat3_lon0,calibration,CHM00053513
lat3_lon0,calibration,CHM00054161
lat3_lon0,calibration,CHM00054511
lat3_lon0,calibration,CHM00056492
lat3_lon0,calibration,CHM00056651
lat3_lon0,calibration,CHM00058027
lat3_lon0,calibration,CHM00058150
lat3_lon0,calibration,CHM00058665
lat3_lon0,calibration,CHM00058847
lat3_lon0,calibration,CHM00059023
lat3_lon0,calibration,FMM00091413
lat3_lon0,calibration,FPM00091925
lat3_lon0,calibration,GLM00004220
lat3_lon0,calibration,HRM00014240
lat3_lon0,calibration,IDM00097180
lat3_lon0,calibration,INM00042339
lat3_lon0,calibration,INM00043185
lat3_lon0,calibration,IRM00040841
lat3_lon0,calibration,ITM00016546
lat3_lon0,calibration,JAM00047412
lat3_lon0,calibration,KEM00063741
lat3_lon0,calibration,KSM00047230
lat3_lon0,calibration,MXM00076256
lat3_lon0,calibration,MXM00076644
lat3_lon0,calibration,NZM00093844
lat3_lon0,calibration,PLM00012374
lat3_lon0,calibration,PSM00091408
lat3_lon0,calibration,RSM00022271
lat3_lon0,calibration,RSM00023884
lat3_lon0,calibration,RSM00023921
lat3_lon0,calibration,RSM00024122
lat3_lon0,calibration,RSM00024908
lat3_lon0,calibration,RSM00026781
lat3_lon0,calibration,RSM00027594
lat3_lon0,calibration,RSM00027995
lat3_lon0,calibration,RSM00028445
lat3_lon0,calibration,RSM00028695
lat3_lon0,calibration,RSM00028722
lat3_lon0,calibration,RSM00029634
lat3_lon0,calibration,RSM00031300
lat3_lon0,calibration,SVM00001028
lat3_lon0,calibration,THM00048500
lat3_lon0,calibration,UKM00003354
lat3_lon0,calibration,USM00070316
lat3_lon0,calibration,USM00070326
lat3_lon0,calibration,USM00072230
lat3_lon0,calibration,USM00072274
lat3_lon0,calibration,USM00072363
lat3_lon0,calibration,USM00072528
lat3_lon0,calibration,USM00074455
lat3_lon0,calibration,VMM00048839
lat4_lon3,evaluation,CAM00071109
lat4_lon3,evaluation,CAM00071908
lat4_lon3,evaluation,CAM00071945
lat4_lon3,evaluation,USM00070308
lat4_lon3,evaluation,USM00070316
lat4_lon3,evaluation,USM00070326
lat4_lon3,evaluation,USM00070350
lat4_lon3,evaluation,USM00070361
lat4_lon3,evaluation,USM00070398
lat4_lon3,evaluation,USM00072393
lat4_lon3,evaluation,USM00072493
lat4_lon3,evaluation,USM00072597
lat4_lon3,evaluation,USM00072694
lat4_lon3,evaluation,USM00072797
lat4_lon3,training,AGM00060680
lat4_lon3,training,AOM00066160
lat4_lon3,training,AQM00091765
lat4_lon3,training,ARM00087155
lat4_lon3,training,ARM00087344
lat4_lon3,training,ARM00087623
lat4_lon3,training,ARM00087715
lat4_lon3,training,ASM00094170
lat4_lon3,training,ASM00094203
lat4_lon3,training,ASM00094302
lat4_lon3,training,ASM00094312
lat4_lon3,training,ASM00094403
lat4_lon3,training,ASM00094430
lat4_lon3,training,ASM00094461
lat4_lon3,training,ASM00094510
lat4_lon3,training,ASM00094578
lat4_lon3,training,ASM00094610
lat4_lon3,training,ASM00094659
lat4_lon3,training,ASM00094672
lat4_lon3,training,ASM00094711
lat4_lon3,training,ASM00094802
lat4_lon3,training,ASM00094866
lat4_lon3,training,ASM00094995
lat4_lon3,training,ASM00094998
lat4_lon3,training,ATM00094005
lat4_lon3,training,ATM00095282
lat4_lon3,training,AYM00089062
lat4_lon3,training,AYM00089564
lat4_lon3,training,AYM00089571
lat4_lon3,training,AYM00089611
lat4_lon3,training,AYM00089664
lat4_lon3,training,BDM00078016
lat4_lon3,training,BEM00006458
lat4_lon3,training,BGM00041923
lat4_lon3,training,BHM00078583
lat4_lon3,training,BRM00082026
lat4_lon3,training,BRM00082099
lat4_lon3,training,BRM00082193
lat4_lon3,training,BRM00082244
lat4_lon3,training,BRM00082332
lat4_lon3,training,BRM00082532
lat4_lon3,training,BRM00082705
lat4_lon3,training,BRM00082965
lat4_lon3,training,BRM00083525
lat4_lon3,training,BRM00083566
lat4_lon3,training,BRM00083612
lat4_lon3,training,BRM00083649
lat4_lon3,training,BRM00083840
lat4_lon3,training,BRM00083937
lat4_lon3,training,CAM00071603
lat4_lon3,training,CAM00071722
lat4_lon3,training,CAM00071802
lat4_lon3,training,CAM00071816
lat4_lon3,training,CAM00071867
lat4_lon3,training,CAM00071906
lat4_lon3,training,CAM00071907
lat4_lon3,training,CAM00071909
lat4_lon3,training,CAM00071913
lat4_lon3,training,CAM00071917
lat4_lon3,training,CAM00071925
lat4_lon3,training,CAM00071934
lat4_lon3,training,CAM00071957
lat4_lon3,training,CAM00073033
lat4_lon3,training,CAM00073110
lat4_lon3,training,CFM00064400
lat4_lon3,training,CHM00050527
lat4_lon3,training,CHM00050557
lat4_lon3,training,CHM00050774
lat4_lon3,training,CHM00050953
lat4_lon3,training,CHM00051076
lat4_lon3,training,CHM00051243
lat4_lon3,training,CHM00051431
lat4_lon3,training,CHM00051463
lat4_lon3,training,CHM00051644
lat4_lon3,training,CHM00051656
lat4_lon3,training,CHM00051709
lat4_lon3,training,CHM00051777
lat4_lon3,training,CHM00051839
lat4_lon3,training,CHM00052533
lat4_lon3,training,CHM00052681
lat4_lon3,training,CHM00052866
lat4_lon3,training,CHM00052983
lat4_lon3,training,CHM00053463
lat4_lon3,training,CHM00053543
lat4_lon3,training,CHM00053614
lat4_lon3,training,CHM00053772
lat4_lon3,training,CHM00053845
lat4_lon3,training,CHM00053915
lat4_lon3,training,CHM00054102
lat4_lon3,training,CHM00054135
lat4_lon3,training,CHM00054218
lat4_lon3,training,CHM00054292
lat4_lon3,training,CHM00054340
lat4_lon3,training,CHM00054374
lat4_lon3,training,CHM00054662
lat4_lon3,training,CHM00054727
lat4_lon3,training,CHM00056080
lat4_lon3,training,CHM00056571
lat4_lon3,training,CHM00056739
lat4_lon3,training,CHM00056964
lat4_lon3,training,CHM00056985
lat4_lon3,training,CHM00057083
lat4_lon3,training,CHM00057127
lat4_lon3,training,CHM00057461
lat4_lon3,training,CHM00057494
lat4_lon3,training,CHM00057516
lat4_lon3,training,CHM00057541
lat4_lon3,training,CHM00057972
lat4_lon3,training,CHM00058203
lat4_lon3,training,CHM00058238
lat4_lon3,training,CHM00058457
lat4_lon3,training,CHM00058606
lat4_lon3,training,CHM00058633
lat4_lon3,training,CHM00058725
lat4_lon3,training,CHM00059265
lat4_lon3,training,CHM00059280
lat4_lon3,training,CHM00059293
lat4_lon3,training,CIM00085442
lat4_lon3,training,CIM00085586
lat4_lon3,training,CIM00085799
lat4_lon3,training,CKM00096996
lat4_lon3,training,COM00080001
lat4_lon3,training,COM00080222
lat4_lon3,training,COM00080398
lat4_lon3,training,EIM00003953
lat4_lon3,training,ENM00026038
lat4_lon3,training,EZM00011520
lat4_lon3,training,EZM00011747
lat4_lon3,training,FGM00081405
lat4_lon3,training,FJM00091680
lat4_lon3,training,FKM00088889
lat4_lon3,training,FMM00091334
lat4_lon3,training,FMM00091348
lat4_lon3,training,FOM00006011
lat4_lon3,training,FPM00091938
lat4_lon3,training,FRM00007110
lat4_lon3,training,FRM00007145
lat4_lon3,training,FRM00007510
lat4_lon3,training,FRM00007645
lat4_lon3,training,FRM00007761
lat4_lon3,training,GLM00004270
lat4_lon3,training,GMM00010035
lat4_lon3,training,GMM00010113
lat4_lon3,training,GMM00010184
lat4_lon3,training,GMM00010238
lat4_lon3,training,GMM00010304
lat4_lon3,training,GMM00010393
lat4_lon3,training,GMM00010410
lat4_lon3,training,GMM00010548
lat4_lon3,training,GMM00010618
lat4_lon3,training,GMM00010739
lat4_lon3,training,GMM00010868
lat4_lon3,training,GMM00010954
lat4_lon3,training,GPM00078897
lat4_lon3,training,GQM00091212
lat4_lon3,training,GRM00016622
lat4_lon3,training,GRM00016716
lat4_lon3,training,HKM00045004
lat4_lon3,training,HRM00014430
lat4_lon3,training,HUM00012843
lat4_lon3,training,HUM00012982
lat4_lon3,training,IDM00096237
lat4_lon3,training,IDM00096509
lat4_lon3,training,IDM00096581
lat4_lon3,training,IDM00096749
lat4_lon3,training,IDM00096935
lat4_lon3,training,IDM00097372
lat4_lon3,training,IDM00097980
lat4_lon3,training,INM00042111
lat4_lon3,training,INM00042220
lat4_lon3,training,INM00042348
lat4_lon3,training,INM00042410
lat4_lon3,training,INM00042623
lat4_lon3,training,INM00042647
lat4_lon3,training,INM00042675
lat4_lon3,training,INM00042809
lat4_lon3,training,INM00042886
lat4_lon3,training,INM00042971
lat4_lon3,training,INM00043003
lat4_lon3,training,INM00043049
lat4_lon3,training,INM00043063
lat4_lon3,training,INM00043128
lat4_lon3,training,INM00043150
lat4_lon3,training,INM00043346
lat4_lon3,training,INM00043353
lat4_lon3,training,INM00043371
lat4_lon3,training,IRM00040766
lat4_lon3,training,IRM00040809
lat4_lon3,training,IRM00040856
lat4_lon3,training,ITM00016045
lat4_lon3,training,ITM00016064
lat4_lon3,training,ITM00016113
lat4_lon3,training,ITM00016144
lat4_lon3,training,ITM00016245
lat4_lon3,training,IVM00065548
lat4_lon3,training,IZM00040650
lat4_lon3,training,JAM00047401
lat4_lon3,training,JAM00047582
lat4_lon3,training,JAM00047646
lat4_lon3,training,JAM00047678
lat4_lon3,training,JAM00047741
lat4_lon3,training,JAM00047807
lat4_lon3,training,JAM00047918
lat4_lon3,training,JAM00047945
lat4_lon3,training,JAM00047971
lat4_lon3,training,JAM00047991
lat4_lon3,training,JNM00001001
lat4_lon3,training,KSM00047138
lat4_lon3,training,KSM00047155
lat4_lon3,training,KSM00047169
lat4_lon3,training,KSM00047186
lat4_lon3,training,KZM00028951
lat4_lon3,training,KZM00035229
lat4_lon3,training,KZM00035671
lat4_lon3,training,KZM00035700
lat4_lon3,training,KZM00036003
lat4_lon3,training,KZM00036872
lat4_lon3,training,KZM00038064
lat4_lon3,training,KZM00038341
lat4_lon3,training,LHM00026629
lat4_lon3,training,MGM00044212
lat4_lon3,training,MGM00044231
lat4_lon3,training,MGM00044292
lat4_lon3,training,MGM00044373
lat4_lon3,training,MLM00061291
lat4_lon3,training,MOM00060155
lat4_lon3,training,MOM00060253
lat4_lon3,training,MXM00076458
lat4_lon3,training,MXM00076526
lat4_lon3,training,MXM00076595
lat4_lon3,training,MXM00076612
lat4_lon3,training,MXM00076679
lat4_lon3,training,MXM00076692
lat4_lon3,training,MYM00048601
lat4_lon3,training,MYM00048615
lat4_lon3,training,MYM00096441
lat4_lon3,training,MYM00096481
lat4_lon3,training,NCM00091592
lat4_lon3,training,NFM00094996
lat4_lon3,training,NGM00061024
lat4_lon3,training,NGM00061052
lat4_lon3,training,NLM00006260
lat4_lon3,training,NOM00001241
lat4_lon3,training,NOM00001400
lat4_lon3,training,NOM00001415
lat4_lon3,training,NZM00093112
lat4_lon3,training,PFM00059981
lat4_lon3,training,PLM00012575
lat4_lon3,training,PMM00078807
lat4_lon3,training,POM00008508
lat4_lon3,training,POM00008522
lat4_lon3,training,REM00061980
lat4_lon3,training,ROM00015420
lat4_lon3,training,RPM00098223
lat4_lon3,training,RPM00098233
lat4_lon3,training,RPM00098433
lat4_lon3,training,RPM00098444
lat4_lon3,training,RQM00078526
lat4_lon3,training,RSM00020046
lat4_lon3,training,RSM00020674
lat4_lon3,training,RSM00021824
lat4_lon3,training,RSM00022008
lat4_lon3,training,RSM00022217
lat4_lon3,training,RSM00022543
lat4_lon3,training,RSM00022845
lat4_lon3,training,RSM00023078
lat4_lon3,training,RSM00023205
lat4_lon3,training,RSM00023330
lat4_lon3,training,RSM00023415
lat4_lon3,training,RSM00023472
lat4_lon3,training,RSM00023802
lat4_lon3,training,RSM00023933
lat4_lon3,training,RSM00023955
lat4_lon3,training,RSM00024507
lat4_lon3,training,RSM00024641
lat4_lon3,training,RSM00024688
lat4_lon3,training,RSM00024726
lat4_lon3,training,RSM00024959
lat4_lon3,training,RSM00025403
lat4_lon3,training,RSM00025703
lat4_lon3,training,RSM00025913
lat4_lon3,training,RSM00026075
lat4_lon3,training,RSM00026298
lat4_lon3,training,RSM00026708
lat4_lon3,training,RSM00027038
lat4_lon3,training,RSM00027199
lat4_lon3,training,RSM00027707
lat4_lon3,training,RSM00027713
lat4_lon3,training,RSM00027730
lat4_lon3,training,RSM00028225
lat4_lon3,training,RSM00029263
lat4_lon3,training,RSM00029282
lat4_lon3,training,RSM00029572
lat4_lon3,training,RSM00029612
lat4_lon3,training,RSM00029839
lat4_lon3,training,RSM00029862
lat4_lon3,training,RSM00030054
lat4_lon3,training,RSM00030309
lat4_lon3,training,RSM00030557
lat4_lon3,training,RSM00030635
lat4_lon3,training,RSM00031088
lat4_lon3,training,RSM00031510
lat4_lon3,training,RSM00031538
lat4_lon3,training,RSM00031770
lat4_lon3,training,RSM00031873
lat4_lon3,training,RSM00032061
lat4_lon3,training,RSM00032098
lat4_lon3,training,RSM00032150
lat4_lon3,training,RSM00032389
lat4_lon3,training,RSM00032477
lat4_lon3,training,RSM00032540
lat4_lon3,training,RSM00032618
lat4_lon3,training,RSM00034172
lat4_lon3,training,RSM00034731
lat4_lon3,training,RSM00034858
lat4_lon3,training,RSM00034882
lat4_lon3,training,RSM00035121
lat4_lon3,training,RSM00037011
lat4_lon3,training,SAM00040373
lat4_lon3,training,SAM00040375
lat4_lon3,training,SAM00040394
lat4_lon3,training,SAM00040417
lat4_lon3,training,SAM00040430
lat4_lon3,training,SFM00068263
lat4_lon3,training,SFM00068512
lat4_lon3,training,SFM00068842
lat4_lon3,training,SHM00061901
lat4_lon3,training,SHM00068906
lat4_lon3,training,SNM00048698
lat4_lon3,training,SPM00008001
lat4_lon3,training,SPM00008023
lat4_lon3,training,SPM00008190
lat4_lon3,training,SPM00008221
lat4_lon3,training,SPM00008302
lat4_lon3,training,SPM00008383
lat4_lon3,training,SPM00008430
lat4_lon3,training,SWM00002591
lat4_lon3,training,SZM00006610
lat4_lon3,training,THM00048327
lat4_lon3,training,THM00048378
lat4_lon3,training,THM00048381
lat4_lon3,training,THM00048431
lat4_lon3,training,THM00048453
lat4_lon3,training,THM00048480
lat4_lon3,training,TUM00017064
lat4_lon3,training,TUM00017095
lat4_lon3,training,TUM00017220
lat4_lon3,training,TUM00017240
lat4_lon3,training,UKM00003005
lat4_lon3,training,UKM00003238
lat4_lon3,training,UKM00003918
lat4_lon3,training,USM00070026
lat4_lon3,training,USM00070200
lat4_lon3,training,USM00070219
lat4_lon3,training,USM00070261
lat4_lon3,training,USM00070273
lat4_lon3,training,USM00072201
lat4_lon3,training,USM00072202
lat4_lon3,training,USM00072206
lat4_lon3,training,USM00072208
lat4_lon3,training,USM00072210
lat4_lon3,training,USM00072215
lat4_lon3,training,USM00072235
lat4_lon3,training,USM00072240
lat4_lon3,training,USM00072248
lat4_lon3,training,USM00072249
lat4_lon3,training,USM00072251
lat4_lon3,training,USM00072261
lat4_lon3,training,USM00072265
lat4_lon3,training,USM00072293
lat4_lon3,training,USM00072317
lat4_lon3,training,USM00072327
lat4_lon3,training,USM00072357
lat4_lon3,training,USM00072364
lat4_lon3,training,USM00072376
lat4_lon3,training,USM00072402
lat4_lon3,training,USM00072403
lat4_lon3,training,USM00072426
lat4_lon3,training,USM00072440
lat4_lon3,training,USM00072451
lat4_lon3,training,USM00072456
lat4_lon3,training,USM00072476
lat4_lon3,training,USM00072518
lat4_lon3,training,USM00072520
lat4_lon3,training,USM00072582
lat4_lon3,training,USM00072632
lat4_lon3,training,USM00072634
lat4_lon3,training,USM00072645
lat4_lon3,training,USM00072659
lat4_lon3,training,USM00072662
lat4_lon3,training,USM00072672
lat4_lon3,training,USM00072681
lat4_lon3,training,USM00072712
lat4_lon3,training,USM00072764
lat4_lon3,training,USM00072768
lat4_lon3,training,USM00074560
lat4_lon3,training,USM00074646
lat4_lon3,training,USM00091165
lat4_lon3,training,USM00091285
lat4_lon3,training,VMM00048820
lat4_lon3,training,VMM00048855
lat4_lon3,early_validation,AEM00041217
lat4_lon3,early_validation,ASM00095527
lat4_lon3,early_validation,ATM00094001
lat4_lon3,early_validation,AYM00089592
lat4_lon3,early_validation,AYM00089642
lat4_lon3,early_validation,BBM00078954
lat4_lon3,early_validation,BRM00082107
lat4_lon3,early_validation,BRM00082824
lat4_lon3,early_validation,BRM00083779
lat4_lon3,early_validation,CAM00071081
lat4_lon3,early_validation,CAM00071823
lat4_lon3,early_validation,CHM00052203
lat4_lon3,early_validation,CHM00052267
lat4_lon3,early_validation,CHM00052418
lat4_lon3,early_validation,CHM00054857
lat4_lon3,early_validation,CHM00056187
lat4_lon3,early_validation,CHM00056778
lat4_lon3,early_validation,CHM00057245
lat4_lon3,early_validation,CHM00057687
lat4_lon3,early_validation,CHM00058362
lat4_lon3,early_validation,CHM00058424
lat4_lon3,early_validation,CHM00059134
lat4_lon3,early_validation,CIM00085934
lat4_lon3,early_validation,DRM00078486
lat4_lon3,early_validation,IDM00097502
lat4_lon3,early_validation,INM00042314
lat4_lon3,early_validation,IRM00040706
lat4_lon3,early_validation,ITM00016332
lat4_lon3,early_validation,JAM00047827
lat4_lon3,early_validation,JAM00047909
lat4_lon3,early_validation,KZM00035394
lat4_lon3,early_validation,MLM00048811
lat4_lon3,early_validation,MXM00076654
lat4_lon3,early_validation,MYM00048657
lat4_lon3,early_validation,MYM00096413
lat4_lon3,early_validation,MYM00096471
lat4_lon3,early_validation,PLM00012425
lat4_lon3,early_validation,POM00008536
lat4_lon3,early_validation,QAM00041169
lat4_lon3,early_validation,RSM00022522
lat4_lon3,early_validation,RSM00024343
lat4_lon3,early_validation,RSM00025123
lat4_lon3,early_validation,RSM00026477
lat4_lon3,early_validation,RSM00027962
lat4_lon3,early_validation,RSM00028275
lat4_lon3,early_validation,RSM00029231
lat4_lon3,early_validation,RSM00032215
lat4_lon3,early_validation,RSM00034009
lat4_lon3,early_validation,RSM00034247
lat4_lon3,early_validation,RSM00034467
lat4_lon3,early_validation,RSM00036096
lat4_lon3,early_validation,SFM00068816
lat4_lon3,early_validation,THM00048407
lat4_lon3,early_validation,TUM00017030
lat4_lon3,early_validation,TUM00017196
lat4_lon3,early_validation,UKM00003808
lat4_lon3,early_validation,USM00072489
lat4_lon3,early_validation,USM00072501
lat4_lon3,early_validation,USM00072558
lat4_lon3,early_validation,USM00072572
lat4_lon3,early_validation,USM00072747
lat4_lon3,early_validation,USM00074389
lat4_lon3,calibration,AGM00060390
lat4_lon3,calibration,ARM00087860
lat4_lon3,calibration,ASM00094637
lat4_lon3,calibration,AYM00089532
lat4_lon3,calibration,BRM00082022
lat4_lon3,calibration,BRM00083827
lat4_lon3,calibration,BRM00083899
lat4_lon3,calibration,CAM00071043
lat4_lon3,calibration,CAM00071119
lat4_lon3,calibration,CAM00071845
lat4_lon3,calibration,CAM00071924
lat4_lon3,calibration,CHM00053513
lat4_lon3,calibration,CHM00054161
lat4_lon3,calibration,CHM00054511
lat4_lon3,calibration,CHM00056492
lat4_lon3,calibration,CHM00056651
lat4_lon3,calibration,CHM00058027
lat4_lon3,calibration,CHM00058150
lat4_lon3,calibration,CHM00058665
lat4_lon3,calibration,CHM00058847
lat4_lon3,calibration,CHM00059023
lat4_lon3,calibration,FMM00091413
lat4_lon3,calibration,FPM00091925
lat4_lon3,calibration,GLM00004220
lat4_lon3,calibration,HRM00014240
lat4_lon3,calibration,IDM00097180
lat4_lon3,calibration,INM00042339
lat4_lon3,calibration,INM00043185
lat4_lon3,calibration,IRM00040841
lat4_lon3,calibration,ITM00016546
lat4_lon3,calibration,JAM00047412
lat4_lon3,calibration,KEM00063741
lat4_lon3,calibration,KSM00047230
lat4_lon3,calibration,MXM00076256
lat4_lon3,calibration,MXM00076644
lat4_lon3,calibration,NZM00093844
lat4_lon3,calibration,PLM00012374
lat4_lon3,calibration,PSM00091408
lat4_lon3,calibration,RSM00022271
lat4_lon3,calibration,RSM00023884
lat4_lon3,calibration,RSM00023921
lat4_lon3,calibration,RSM00024122
lat4_lon3,calibration,RSM00024908
lat4_lon3,calibration,RSM00026781
lat4_lon3,calibration,RSM00027594
lat4_lon3,calibration,RSM00027995
lat4_lon3,calibration,RSM00028445
lat4_lon3,calibration,RSM00028695
lat4_lon3,calibration,RSM00028722
lat4_lon3,calibration,RSM00029634
lat4_lon3,calibration,RSM00031300
lat4_lon3,calibration,SAM00041112
lat4_lon3,calibration,SVM00001028
lat4_lon3,calibration,THM00048500
lat4_lon3,calibration,UKM00003354
lat4_lon3,calibration,USM00072230
lat4_lon3,calibration,USM00072274
lat4_lon3,calibration,USM00072363
lat4_lon3,calibration,USM00072528
lat4_lon3,calibration,USM00074455
lat4_lon3,calibration,VMM00048839
lat5_lon1,evaluation,RSM00020292
lat5_lon1,evaluation,RSM00020674
lat5_lon1,evaluation,RSM00023078
lat5_lon1,evaluation,RSM00023330
lat5_lon1,evaluation,RSM00023472
lat5_lon1,evaluation,RSM00023884
lat5_lon1,evaluation,RSM00023921
lat5_lon1,evaluation,RSM00023933
lat5_lon1,evaluation,RSM00023955
lat5_lon1,evaluation,RSM00024122
lat5_lon1,evaluation,RSM00024507
lat5_lon1,evaluation,RSM00024726
lat5_lon1,evaluation,RSM00024908
lat5_lon1,training,AGM00060680
lat5_lon1,training,AOM00066160
lat5_lon1,training,AQM00091765
lat5_lon1,training,ARM00087155
lat5_lon1,training,ARM00087344
lat5_lon1,training,ARM00087623
lat5_lon1,training,ARM00087715
lat5_lon1,training,ASM00094170
lat5_lon1,training,ASM00094203
lat5_lon1,training,ASM00094302
lat5_lon1,training,ASM00094312
lat5_lon1,training,ASM00094403
lat5_lon1,training,ASM00094430
lat5_lon1,training,ASM00094461
lat5_lon1,training,ASM00094510
lat5_lon1,training,ASM00094578
lat5_lon1,training,ASM00094610
lat5_lon1,training,ASM00094659
lat5_lon1,training,ASM00094672
lat5_lon1,training,ASM00094711
lat5_lon1,training,ASM00094802
lat5_lon1,training,ASM00094866
lat5_lon1,training,ASM00094995
lat5_lon1,training,ASM00094998
lat5_lon1,training,ATM00094005
lat5_lon1,training,ATM00095282
lat5_lon1,training,AYM00089062
lat5_lon1,training,AYM00089564
lat5_lon1,training,AYM00089571
lat5_lon1,training,AYM00089611
lat5_lon1,training,AYM00089664
lat5_lon1,training,BDM00078016
lat5_lon1,training,BEM00006458
lat5_lon1,training,BGM00041923
lat5_lon1,training,BHM00078583
lat5_lon1,training,BRM00082026
lat5_lon1,training,BRM00082099
lat5_lon1,training,BRM00082193
lat5_lon1,training,BRM00082244
lat5_lon1,training,BRM00082332
lat5_lon1,training,BRM00082532
lat5_lon1,training,BRM00082705
lat5_lon1,training,BRM00082965
lat5_lon1,training,BRM00083525
lat5_lon1,training,BRM00083566
lat5_lon1,training,BRM00083612
lat5_lon1,training,BRM00083649
lat5_lon1,training,BRM00083840
lat5_lon1,training,BRM00083937
lat5_lon1,training,CAM00071109
lat5_lon1,training,CAM00071603
lat5_lon1,training,CAM00071722
lat5_lon1,training,CAM00071802
lat5_lon1,training,CAM00071816
lat5_lon1,training,CAM00071867
lat5_lon1,training,CAM00071906
lat5_lon1,training,CAM00071907
lat5_lon1,training,CAM00071908
lat5_lon1,training,CAM00071909
lat5_lon1,training,CAM00071913
lat5_lon1,training,CAM00071917
lat5_lon1,training,CAM00071925
lat5_lon1,training,CAM00071934
lat5_lon1,training,CAM00071957
lat5_lon1,training,CAM00073033
lat5_lon1,training,CAM00073110
lat5_lon1,training,CFM00064400
lat5_lon1,training,CHM00050527
lat5_lon1,training,CHM00050557
lat5_lon1,training,CHM00050774
lat5_lon1,training,CHM00050953
lat5_lon1,training,CHM00051076
lat5_lon1,training,CHM00051243
lat5_lon1,training,CHM00051431
lat5_lon1,training,CHM00051463
lat5_lon1,training,CHM00051644
lat5_lon1,training,CHM00051656
lat5_lon1,training,CHM00051709
lat5_lon1,training,CHM00051777
lat5_lon1,training,CHM00051839
lat5_lon1,training,CHM00052533
lat5_lon1,training,CHM00052681
lat5_lon1,training,CHM00052866
lat5_lon1,training,CHM00052983
lat5_lon1,training,CHM00053463
lat5_lon1,training,CHM00053543
lat5_lon1,training,CHM00053614
lat5_lon1,training,CHM00053772
lat5_lon1,training,CHM00053845
lat5_lon1,training,CHM00053915
lat5_lon1,training,CHM00054102
lat5_lon1,training,CHM00054135
lat5_lon1,training,CHM00054218
lat5_lon1,training,CHM00054292
lat5_lon1,training,CHM00054340
lat5_lon1,training,CHM00054374
lat5_lon1,training,CHM00054662
lat5_lon1,training,CHM00054727
lat5_lon1,training,CHM00056080
lat5_lon1,training,CHM00056571
lat5_lon1,training,CHM00056739
lat5_lon1,training,CHM00056964
lat5_lon1,training,CHM00056985
lat5_lon1,training,CHM00057083
lat5_lon1,training,CHM00057127
lat5_lon1,training,CHM00057461
lat5_lon1,training,CHM00057494
lat5_lon1,training,CHM00057516
lat5_lon1,training,CHM00057541
lat5_lon1,training,CHM00057972
lat5_lon1,training,CHM00058203
lat5_lon1,training,CHM00058238
lat5_lon1,training,CHM00058457
lat5_lon1,training,CHM00058606
lat5_lon1,training,CHM00058633
lat5_lon1,training,CHM00058725
lat5_lon1,training,CHM00059265
lat5_lon1,training,CHM00059280
lat5_lon1,training,CHM00059293
lat5_lon1,training,CIM00085442
lat5_lon1,training,CIM00085586
lat5_lon1,training,CIM00085799
lat5_lon1,training,CKM00096996
lat5_lon1,training,COM00080001
lat5_lon1,training,COM00080222
lat5_lon1,training,COM00080398
lat5_lon1,training,EIM00003953
lat5_lon1,training,ENM00026038
lat5_lon1,training,EZM00011520
lat5_lon1,training,EZM00011747
lat5_lon1,training,FGM00081405
lat5_lon1,training,FJM00091680
lat5_lon1,training,FKM00088889
lat5_lon1,training,FMM00091334
lat5_lon1,training,FMM00091348
lat5_lon1,training,FOM00006011
lat5_lon1,training,FPM00091938
lat5_lon1,training,FRM00007110
lat5_lon1,training,FRM00007145
lat5_lon1,training,FRM00007510
lat5_lon1,training,FRM00007645
lat5_lon1,training,FRM00007761
lat5_lon1,training,GLM00004270
lat5_lon1,training,GMM00010035
lat5_lon1,training,GMM00010113
lat5_lon1,training,GMM00010184
lat5_lon1,training,GMM00010238
lat5_lon1,training,GMM00010304
lat5_lon1,training,GMM00010393
lat5_lon1,training,GMM00010410
lat5_lon1,training,GMM00010548
lat5_lon1,training,GMM00010618
lat5_lon1,training,GMM00010739
lat5_lon1,training,GMM00010868
lat5_lon1,training,GMM00010954
lat5_lon1,training,GPM00078897
lat5_lon1,training,GQM00091212
lat5_lon1,training,GRM00016622
lat5_lon1,training,GRM00016716
lat5_lon1,training,HKM00045004
lat5_lon1,training,HRM00014430
lat5_lon1,training,HUM00012843
lat5_lon1,training,HUM00012982
lat5_lon1,training,IDM00096237
lat5_lon1,training,IDM00096509
lat5_lon1,training,IDM00096581
lat5_lon1,training,IDM00096749
lat5_lon1,training,IDM00096935
lat5_lon1,training,IDM00097372
lat5_lon1,training,IDM00097980
lat5_lon1,training,INM00042111
lat5_lon1,training,INM00042220
lat5_lon1,training,INM00042348
lat5_lon1,training,INM00042410
lat5_lon1,training,INM00042623
lat5_lon1,training,INM00042647
lat5_lon1,training,INM00042675
lat5_lon1,training,INM00042809
lat5_lon1,training,INM00042886
lat5_lon1,training,INM00042971
lat5_lon1,training,INM00043003
lat5_lon1,training,INM00043049
lat5_lon1,training,INM00043063
lat5_lon1,training,INM00043128
lat5_lon1,training,INM00043150
lat5_lon1,training,INM00043346
lat5_lon1,training,INM00043353
lat5_lon1,training,INM00043371
lat5_lon1,training,IRM00040766
lat5_lon1,training,IRM00040809
lat5_lon1,training,IRM00040856
lat5_lon1,training,ITM00016045
lat5_lon1,training,ITM00016064
lat5_lon1,training,ITM00016113
lat5_lon1,training,ITM00016144
lat5_lon1,training,ITM00016245
lat5_lon1,training,IVM00065548
lat5_lon1,training,IZM00040650
lat5_lon1,training,JAM00047401
lat5_lon1,training,JAM00047582
lat5_lon1,training,JAM00047646
lat5_lon1,training,JAM00047678
lat5_lon1,training,JAM00047741
lat5_lon1,training,JAM00047807
lat5_lon1,training,JAM00047918
lat5_lon1,training,JAM00047945
lat5_lon1,training,JAM00047971
lat5_lon1,training,JAM00047991
lat5_lon1,training,JNM00001001
lat5_lon1,training,KSM00047138
lat5_lon1,training,KSM00047155
lat5_lon1,training,KSM00047169
lat5_lon1,training,KSM00047186
lat5_lon1,training,KZM00028951
lat5_lon1,training,KZM00035229
lat5_lon1,training,KZM00035671
lat5_lon1,training,KZM00035700
lat5_lon1,training,KZM00036003
lat5_lon1,training,KZM00036872
lat5_lon1,training,KZM00038064
lat5_lon1,training,KZM00038341
lat5_lon1,training,LHM00026629
lat5_lon1,training,MGM00044212
lat5_lon1,training,MGM00044231
lat5_lon1,training,MGM00044292
lat5_lon1,training,MGM00044373
lat5_lon1,training,MLM00061291
lat5_lon1,training,MOM00060155
lat5_lon1,training,MOM00060253
lat5_lon1,training,MXM00076458
lat5_lon1,training,MXM00076526
lat5_lon1,training,MXM00076595
lat5_lon1,training,MXM00076612
lat5_lon1,training,MXM00076679
lat5_lon1,training,MXM00076692
lat5_lon1,training,MYM00048601
lat5_lon1,training,MYM00048615
lat5_lon1,training,MYM00096441
lat5_lon1,training,MYM00096481
lat5_lon1,training,NCM00091592
lat5_lon1,training,NFM00094996
lat5_lon1,training,NGM00061024
lat5_lon1,training,NGM00061052
lat5_lon1,training,NLM00006260
lat5_lon1,training,NOM00001241
lat5_lon1,training,NOM00001400
lat5_lon1,training,NOM00001415
lat5_lon1,training,NZM00093112
lat5_lon1,training,PFM00059981
lat5_lon1,training,PLM00012575
lat5_lon1,training,PMM00078807
lat5_lon1,training,POM00008508
lat5_lon1,training,POM00008522
lat5_lon1,training,REM00061980
lat5_lon1,training,ROM00015420
lat5_lon1,training,RPM00098223
lat5_lon1,training,RPM00098233
lat5_lon1,training,RPM00098433
lat5_lon1,training,RPM00098444
lat5_lon1,training,RQM00078526
lat5_lon1,training,RSM00020046
lat5_lon1,training,RSM00021824
lat5_lon1,training,RSM00022008
lat5_lon1,training,RSM00022217
lat5_lon1,training,RSM00022543
lat5_lon1,training,RSM00022845
lat5_lon1,training,RSM00023205
lat5_lon1,training,RSM00023415
lat5_lon1,training,RSM00023802
lat5_lon1,training,RSM00024641
lat5_lon1,training,RSM00024688
lat5_lon1,training,RSM00024959
lat5_lon1,training,RSM00025403
lat5_lon1,training,RSM00025703
lat5_lon1,training,RSM00025913
lat5_lon1,training,RSM00026075
lat5_lon1,training,RSM00026298
lat5_lon1,training,RSM00026708
lat5_lon1,training,RSM00027038
lat5_lon1,training,RSM00027199
lat5_lon1,training,RSM00027707
lat5_lon1,training,RSM00027713
lat5_lon1,training,RSM00027730
lat5_lon1,training,RSM00028225
lat5_lon1,training,RSM00029263
lat5_lon1,training,RSM00029282
lat5_lon1,training,RSM00029572
lat5_lon1,training,RSM00029612
lat5_lon1,training,RSM00029839
lat5_lon1,training,RSM00029862
lat5_lon1,training,RSM00030054
lat5_lon1,training,RSM00030309
lat5_lon1,training,RSM00030557
lat5_lon1,training,RSM00030635
lat5_lon1,training,RSM00031088
lat5_lon1,training,RSM00031510
lat5_lon1,training,RSM00031538
lat5_lon1,training,RSM00031770
lat5_lon1,training,RSM00031873
lat5_lon1,training,RSM00032061
lat5_lon1,training,RSM00032098
lat5_lon1,training,RSM00032150
lat5_lon1,training,RSM00032389
lat5_lon1,training,RSM00032477
lat5_lon1,training,RSM00032540
lat5_lon1,training,RSM00032618
lat5_lon1,training,RSM00034172
lat5_lon1,training,RSM00034731
lat5_lon1,training,RSM00034858
lat5_lon1,training,RSM00034882
lat5_lon1,training,RSM00035121
lat5_lon1,training,RSM00037011
lat5_lon1,training,SAM00040373
lat5_lon1,training,SAM00040375
lat5_lon1,training,SAM00040394
lat5_lon1,training,SAM00040417
lat5_lon1,training,SAM00040430
lat5_lon1,training,SFM00068263
lat5_lon1,training,SFM00068512
lat5_lon1,training,SFM00068842
lat5_lon1,training,SHM00061901
lat5_lon1,training,SHM00068906
lat5_lon1,training,SNM00048698
lat5_lon1,training,SPM00008001
lat5_lon1,training,SPM00008023
lat5_lon1,training,SPM00008190
lat5_lon1,training,SPM00008221
lat5_lon1,training,SPM00008302
lat5_lon1,training,SPM00008383
lat5_lon1,training,SPM00008430
lat5_lon1,training,SWM00002591
lat5_lon1,training,SZM00006610
lat5_lon1,training,THM00048327
lat5_lon1,training,THM00048378
lat5_lon1,training,THM00048381
lat5_lon1,training,THM00048431
lat5_lon1,training,THM00048453
lat5_lon1,training,THM00048480
lat5_lon1,training,TUM00017064
lat5_lon1,training,TUM00017095
lat5_lon1,training,TUM00017220
lat5_lon1,training,TUM00017240
lat5_lon1,training,UKM00003005
lat5_lon1,training,UKM00003238
lat5_lon1,training,UKM00003918
lat5_lon1,training,USM00070026
lat5_lon1,training,USM00070200
lat5_lon1,training,USM00070219
lat5_lon1,training,USM00070261
lat5_lon1,training,USM00070273
lat5_lon1,training,USM00070308
lat5_lon1,training,USM00070350
lat5_lon1,training,USM00072201
lat5_lon1,training,USM00072202
lat5_lon1,training,USM00072206
lat5_lon1,training,USM00072208
lat5_lon1,training,USM00072210
lat5_lon1,training,USM00072215
lat5_lon1,training,USM00072235
lat5_lon1,training,USM00072240
lat5_lon1,training,USM00072248
lat5_lon1,training,USM00072249
lat5_lon1,training,USM00072251
lat5_lon1,training,USM00072261
lat5_lon1,training,USM00072265
lat5_lon1,training,USM00072293
lat5_lon1,training,USM00072317
lat5_lon1,training,USM00072327
lat5_lon1,training,USM00072357
lat5_lon1,training,USM00072364
lat5_lon1,training,USM00072376
lat5_lon1,training,USM00072393
lat5_lon1,training,USM00072402
lat5_lon1,training,USM00072403
lat5_lon1,training,USM00072426
lat5_lon1,training,USM00072440
lat5_lon1,training,USM00072451
lat5_lon1,training,USM00072456
lat5_lon1,training,USM00072476
lat5_lon1,training,USM00072493
lat5_lon1,training,USM00072518
lat5_lon1,training,USM00072520
lat5_lon1,training,USM00072582
lat5_lon1,training,USM00072597
lat5_lon1,training,USM00072632
lat5_lon1,training,USM00072634
lat5_lon1,training,USM00072645
lat5_lon1,training,USM00072659
lat5_lon1,training,USM00072662
lat5_lon1,training,USM00072672
lat5_lon1,training,USM00072681
lat5_lon1,training,USM00072694
lat5_lon1,training,USM00072712
lat5_lon1,training,USM00072764
lat5_lon1,training,USM00072768
lat5_lon1,training,USM00074560
lat5_lon1,training,USM00074646
lat5_lon1,training,USM00091165
lat5_lon1,training,USM00091285
lat5_lon1,training,VMM00048820
lat5_lon1,training,VMM00048855
lat5_lon1,early_validation,AEM00041217
lat5_lon1,early_validation,ASM00095527
lat5_lon1,early_validation,ATM00094001
lat5_lon1,early_validation,AYM00089592
lat5_lon1,early_validation,AYM00089642
lat5_lon1,early_validation,BBM00078954
lat5_lon1,early_validation,BRM00082107
lat5_lon1,early_validation,BRM00082824
lat5_lon1,early_validation,BRM00083779
lat5_lon1,early_validation,CAM00071081
lat5_lon1,early_validation,CAM00071823
lat5_lon1,early_validation,CHM00052203
lat5_lon1,early_validation,CHM00052267
lat5_lon1,early_validation,CHM00052418
lat5_lon1,early_validation,CHM00054857
lat5_lon1,early_validation,CHM00056187
lat5_lon1,early_validation,CHM00056778
lat5_lon1,early_validation,CHM00057245
lat5_lon1,early_validation,CHM00057687
lat5_lon1,early_validation,CHM00058362
lat5_lon1,early_validation,CHM00058424
lat5_lon1,early_validation,CHM00059134
lat5_lon1,early_validation,CIM00085934
lat5_lon1,early_validation,DRM00078486
lat5_lon1,early_validation,IDM00097502
lat5_lon1,early_validation,INM00042314
lat5_lon1,early_validation,IRM00040706
lat5_lon1,early_validation,ITM00016332
lat5_lon1,early_validation,JAM00047827
lat5_lon1,early_validation,JAM00047909
lat5_lon1,early_validation,KZM00035394
lat5_lon1,early_validation,MLM00048811
lat5_lon1,early_validation,MXM00076654
lat5_lon1,early_validation,MYM00048657
lat5_lon1,early_validation,MYM00096413
lat5_lon1,early_validation,MYM00096471
lat5_lon1,early_validation,PLM00012425
lat5_lon1,early_validation,POM00008536
lat5_lon1,early_validation,QAM00041169
lat5_lon1,early_validation,RSM00022522
lat5_lon1,early_validation,RSM00024343
lat5_lon1,early_validation,RSM00025123
lat5_lon1,early_validation,RSM00026477
lat5_lon1,early_validation,RSM00027962
lat5_lon1,early_validation,RSM00028275
lat5_lon1,early_validation,RSM00029231
lat5_lon1,early_validation,RSM00032215
lat5_lon1,early_validation,RSM00034009
lat5_lon1,early_validation,RSM00034247
lat5_lon1,early_validation,RSM00034467
lat5_lon1,early_validation,RSM00036096
lat5_lon1,early_validation,SFM00068816
lat5_lon1,early_validation,THM00048407
lat5_lon1,early_validation,TUM00017030
lat5_lon1,early_validation,TUM00017196
lat5_lon1,early_validation,UKM00003808
lat5_lon1,early_validation,USM00070361
lat5_lon1,early_validation,USM00070398
lat5_lon1,early_validation,USM00072489
lat5_lon1,early_validation,USM00072501
lat5_lon1,early_validation,USM00072558
lat5_lon1,early_validation,USM00072572
lat5_lon1,early_validation,USM00072747
lat5_lon1,early_validation,USM00074389
lat5_lon1,calibration,AGM00060390
lat5_lon1,calibration,ARM00087860
lat5_lon1,calibration,ASM00094637
lat5_lon1,calibration,AYM00089532
lat5_lon1,calibration,BRM00082022
lat5_lon1,calibration,BRM00083827
lat5_lon1,calibration,BRM00083899
lat5_lon1,calibration,CAM00071043
lat5_lon1,calibration,CAM00071119
lat5_lon1,calibration,CAM00071845
lat5_lon1,calibration,CAM00071924
lat5_lon1,calibration,CHM00053513
lat5_lon1,calibration,CHM00054161
lat5_lon1,calibration,CHM00054511
lat5_lon1,calibration,CHM00056492
lat5_lon1,calibration,CHM00056651
lat5_lon1,calibration,CHM00058027
lat5_lon1,calibration,CHM00058150
lat5_lon1,calibration,CHM00058665
lat5_lon1,calibration,CHM00058847
lat5_lon1,calibration,CHM00059023
lat5_lon1,calibration,FMM00091413
lat5_lon1,calibration,FPM00091925
lat5_lon1,calibration,GLM00004220
lat5_lon1,calibration,HRM00014240
lat5_lon1,calibration,IDM00097180
lat5_lon1,calibration,INM00042339
lat5_lon1,calibration,INM00043185
lat5_lon1,calibration,IRM00040841
lat5_lon1,calibration,ITM00016546
lat5_lon1,calibration,JAM00047412
lat5_lon1,calibration,KEM00063741
lat5_lon1,calibration,KSM00047230
lat5_lon1,calibration,MXM00076256
lat5_lon1,calibration,MXM00076644
lat5_lon1,calibration,NZM00093844
lat5_lon1,calibration,PLM00012374
lat5_lon1,calibration,PSM00091408
lat5_lon1,calibration,RSM00022271
lat5_lon1,calibration,RSM00026781
lat5_lon1,calibration,RSM00027594
lat5_lon1,calibration,RSM00027995
lat5_lon1,calibration,RSM00028445
lat5_lon1,calibration,RSM00028695
lat5_lon1,calibration,RSM00028722
lat5_lon1,calibration,RSM00029634
lat5_lon1,calibration,RSM00031300
lat5_lon1,calibration,SAM00041112
lat5_lon1,calibration,SVM00001028
lat5_lon1,calibration,THM00048500
lat5_lon1,calibration,UKM00003354
lat5_lon1,calibration,USM00070316
lat5_lon1,calibration,USM00070326
lat5_lon1,calibration,USM00072230
lat5_lon1,calibration,USM00072274
lat5_lon1,calibration,USM00072363
lat5_lon1,calibration,USM00072528
lat5_lon1,calibration,USM00074455
lat5_lon1,calibration,VMM00048839
lat5_lon2,evaluation,RSM00021824
lat5_lon2,evaluation,RSM00021946
lat5_lon2,evaluation,RSM00024266
lat5_lon2,evaluation,RSM00024343
lat5_lon2,evaluation,RSM00024641
lat5_lon2,evaluation,RSM00024688
lat5_lon2,evaluation,RSM00024947
lat5_lon2,evaluation,RSM00024959
lat5_lon2,evaluation,RSM00025123
lat5_lon2,evaluation,RSM00025403
lat5_lon2,evaluation,RSM00025703
lat5_lon2,training,AGM00060680
lat5_lon2,training,AOM00066160
lat5_lon2,training,AQM00091765
lat5_lon2,training,ARM00087155
lat5_lon2,training,ARM00087344
lat5_lon2,training,ARM00087623
lat5_lon2,training,ARM00087715
lat5_lon2,training,ASM00094170
lat5_lon2,training,ASM00094203
lat5_lon2,training,ASM00094302
lat5_lon2,training,ASM00094312
lat5_lon2,training,ASM00094403
lat5_lon2,training,ASM00094430
lat5_lon2,training,ASM00094461
lat5_lon2,training,ASM00094510
lat5_lon2,training,ASM00094578
lat5_lon2,training,ASM00094610
lat5_lon2,training,ASM00094659
lat5_lon2,training,ASM00094672
lat5_lon2,training,ASM00094711
lat5_lon2,training,ASM00094802
lat5_lon2,training,ASM00094866
lat5_lon2,training,ASM00094995
lat5_lon2,training,ASM00094998
lat5_lon2,training,ATM00094005
lat5_lon2,training,ATM00095282
lat5_lon2,training,AYM00089062
lat5_lon2,training,AYM00089564
lat5_lon2,training,AYM00089571
lat5_lon2,training,AYM00089611
lat5_lon2,training,AYM00089664
lat5_lon2,training,BDM00078016
lat5_lon2,training,BEM00006458
lat5_lon2,training,BGM00041923
lat5_lon2,training,BHM00078583
lat5_lon2,training,BRM00082026
lat5_lon2,training,BRM00082099
lat5_lon2,training,BRM00082193
lat5_lon2,training,BRM00082244
lat5_lon2,training,BRM00082332
lat5_lon2,training,BRM00082532
lat5_lon2,training,BRM00082705
lat5_lon2,training,BRM00082965
lat5_lon2,training,BRM00083525
lat5_lon2,training,BRM00083566
lat5_lon2,training,BRM00083612
lat5_lon2,training,BRM00083649
lat5_lon2,training,BRM00083840
lat5_lon2,training,BRM00083937
lat5_lon2,training,CAM00071109
lat5_lon2,training,CAM00071603
lat5_lon2,training,CAM00071722
lat5_lon2,training,CAM00071802
lat5_lon2,training,CAM00071816
lat5_lon2,training,CAM00071867
lat5_lon2,training,CAM00071906
lat5_lon2,training,CAM00071907
lat5_lon2,training,CAM00071908
lat5_lon2,training,CAM00071909
lat5_lon2,training,CAM00071913
lat5_lon2,training,CAM00071917
lat5_lon2,training,CAM00071925
lat5_lon2,training,CAM00071934
lat5_lon2,training,CAM00071957
lat5_lon2,training,CAM00073033
lat5_lon2,training,CAM00073110
lat5_lon2,training,CFM00064400
lat5_lon2,training,CHM00050527
lat5_lon2,training,CHM00050557
lat5_lon2,training,CHM00050774
lat5_lon2,training,CHM00050953
lat5_lon2,training,CHM00051076
lat5_lon2,training,CHM00051243
lat5_lon2,training,CHM00051431
lat5_lon2,training,CHM00051463
lat5_lon2,training,CHM00051644
lat5_lon2,training,CHM00051656
lat5_lon2,training,CHM00051709
lat5_lon2,training,CHM00051777
lat5_lon2,training,CHM00051839
lat5_lon2,training,CHM00052533
lat5_lon2,training,CHM00052681
lat5_lon2,training,CHM00052866
lat5_lon2,training,CHM00052983
lat5_lon2,training,CHM00053463
lat5_lon2,training,CHM00053543
lat5_lon2,training,CHM00053614
lat5_lon2,training,CHM00053772
lat5_lon2,training,CHM00053845
lat5_lon2,training,CHM00053915
lat5_lon2,training,CHM00054102
lat5_lon2,training,CHM00054135
lat5_lon2,training,CHM00054218
lat5_lon2,training,CHM00054292
lat5_lon2,training,CHM00054340
lat5_lon2,training,CHM00054374
lat5_lon2,training,CHM00054662
lat5_lon2,training,CHM00054727
lat5_lon2,training,CHM00056080
lat5_lon2,training,CHM00056571
lat5_lon2,training,CHM00056739
lat5_lon2,training,CHM00056964
lat5_lon2,training,CHM00056985
lat5_lon2,training,CHM00057083
lat5_lon2,training,CHM00057127
lat5_lon2,training,CHM00057461
lat5_lon2,training,CHM00057494
lat5_lon2,training,CHM00057516
lat5_lon2,training,CHM00057541
lat5_lon2,training,CHM00057972
lat5_lon2,training,CHM00058203
lat5_lon2,training,CHM00058238
lat5_lon2,training,CHM00058457
lat5_lon2,training,CHM00058606
lat5_lon2,training,CHM00058633
lat5_lon2,training,CHM00058725
lat5_lon2,training,CHM00059265
lat5_lon2,training,CHM00059280
lat5_lon2,training,CHM00059293
lat5_lon2,training,CIM00085442
lat5_lon2,training,CIM00085586
lat5_lon2,training,CIM00085799
lat5_lon2,training,CKM00096996
lat5_lon2,training,COM00080001
lat5_lon2,training,COM00080222
lat5_lon2,training,COM00080398
lat5_lon2,training,EIM00003953
lat5_lon2,training,ENM00026038
lat5_lon2,training,EZM00011520
lat5_lon2,training,EZM00011747
lat5_lon2,training,FGM00081405
lat5_lon2,training,FJM00091680
lat5_lon2,training,FKM00088889
lat5_lon2,training,FMM00091334
lat5_lon2,training,FMM00091348
lat5_lon2,training,FOM00006011
lat5_lon2,training,FPM00091938
lat5_lon2,training,FRM00007110
lat5_lon2,training,FRM00007145
lat5_lon2,training,FRM00007510
lat5_lon2,training,FRM00007645
lat5_lon2,training,FRM00007761
lat5_lon2,training,GLM00004270
lat5_lon2,training,GMM00010035
lat5_lon2,training,GMM00010113
lat5_lon2,training,GMM00010184
lat5_lon2,training,GMM00010238
lat5_lon2,training,GMM00010304
lat5_lon2,training,GMM00010393
lat5_lon2,training,GMM00010410
lat5_lon2,training,GMM00010548
lat5_lon2,training,GMM00010618
lat5_lon2,training,GMM00010739
lat5_lon2,training,GMM00010868
lat5_lon2,training,GMM00010954
lat5_lon2,training,GPM00078897
lat5_lon2,training,GQM00091212
lat5_lon2,training,GRM00016622
lat5_lon2,training,GRM00016716
lat5_lon2,training,HKM00045004
lat5_lon2,training,HRM00014430
lat5_lon2,training,HUM00012843
lat5_lon2,training,HUM00012982
lat5_lon2,training,IDM00096237
lat5_lon2,training,IDM00096509
lat5_lon2,training,IDM00096581
lat5_lon2,training,IDM00096749
lat5_lon2,training,IDM00096935
lat5_lon2,training,IDM00097372
lat5_lon2,training,IDM00097980
lat5_lon2,training,INM00042111
lat5_lon2,training,INM00042220
lat5_lon2,training,INM00042348
lat5_lon2,training,INM00042410
lat5_lon2,training,INM00042623
lat5_lon2,training,INM00042647
lat5_lon2,training,INM00042675
lat5_lon2,training,INM00042809
lat5_lon2,training,INM00042886
lat5_lon2,training,INM00042971
lat5_lon2,training,INM00043003
lat5_lon2,training,INM00043049
lat5_lon2,training,INM00043063
lat5_lon2,training,INM00043128
lat5_lon2,training,INM00043150
lat5_lon2,training,INM00043346
lat5_lon2,training,INM00043353
lat5_lon2,training,INM00043371
lat5_lon2,training,IRM00040766
lat5_lon2,training,IRM00040809
lat5_lon2,training,IRM00040856
lat5_lon2,training,ITM00016045
lat5_lon2,training,ITM00016064
lat5_lon2,training,ITM00016113
lat5_lon2,training,ITM00016144
lat5_lon2,training,ITM00016245
lat5_lon2,training,IVM00065548
lat5_lon2,training,IZM00040650
lat5_lon2,training,JAM00047401
lat5_lon2,training,JAM00047582
lat5_lon2,training,JAM00047646
lat5_lon2,training,JAM00047678
lat5_lon2,training,JAM00047741
lat5_lon2,training,JAM00047807
lat5_lon2,training,JAM00047918
lat5_lon2,training,JAM00047945
lat5_lon2,training,JAM00047971
lat5_lon2,training,JAM00047991
lat5_lon2,training,JNM00001001
lat5_lon2,training,KSM00047138
lat5_lon2,training,KSM00047155
lat5_lon2,training,KSM00047169
lat5_lon2,training,KSM00047186
lat5_lon2,training,KZM00028951
lat5_lon2,training,KZM00035229
lat5_lon2,training,KZM00035671
lat5_lon2,training,KZM00035700
lat5_lon2,training,KZM00036003
lat5_lon2,training,KZM00036872
lat5_lon2,training,KZM00038064
lat5_lon2,training,KZM00038341
lat5_lon2,training,LHM00026629
lat5_lon2,training,MGM00044212
lat5_lon2,training,MGM00044231
lat5_lon2,training,MGM00044292
lat5_lon2,training,MGM00044373
lat5_lon2,training,MLM00061291
lat5_lon2,training,MOM00060155
lat5_lon2,training,MOM00060253
lat5_lon2,training,MXM00076458
lat5_lon2,training,MXM00076526
lat5_lon2,training,MXM00076595
lat5_lon2,training,MXM00076612
lat5_lon2,training,MXM00076679
lat5_lon2,training,MXM00076692
lat5_lon2,training,MYM00048601
lat5_lon2,training,MYM00048615
lat5_lon2,training,MYM00096441
lat5_lon2,training,MYM00096481
lat5_lon2,training,NCM00091592
lat5_lon2,training,NFM00094996
lat5_lon2,training,NGM00061024
lat5_lon2,training,NGM00061052
lat5_lon2,training,NLM00006260
lat5_lon2,training,NOM00001241
lat5_lon2,training,NOM00001400
lat5_lon2,training,NOM00001415
lat5_lon2,training,NZM00093112
lat5_lon2,training,PFM00059981
lat5_lon2,training,PLM00012575
lat5_lon2,training,PMM00078807
lat5_lon2,training,POM00008508
lat5_lon2,training,POM00008522
lat5_lon2,training,REM00061980
lat5_lon2,training,ROM00015420
lat5_lon2,training,RPM00098223
lat5_lon2,training,RPM00098233
lat5_lon2,training,RPM00098433
lat5_lon2,training,RPM00098444
lat5_lon2,training,RQM00078526
lat5_lon2,training,RSM00020046
lat5_lon2,training,RSM00020674
lat5_lon2,training,RSM00022008
lat5_lon2,training,RSM00022217
lat5_lon2,training,RSM00022543
lat5_lon2,training,RSM00022845
lat5_lon2,training,RSM00023078
lat5_lon2,training,RSM00023205
lat5_lon2,training,RSM00023330
lat5_lon2,training,RSM00023415
lat5_lon2,training,RSM00023472
lat5_lon2,training,RSM00023802
lat5_lon2,training,RSM00023933
lat5_lon2,training,RSM00023955
lat5_lon2,training,RSM00024507
lat5_lon2,training,RSM00024726
lat5_lon2,training,RSM00025913
lat5_lon2,training,RSM00026075
lat5_lon2,training,RSM00026298
lat5_lon2,training,RSM00026708
lat5_lon2,training,RSM00027038
lat5_lon2,training,RSM00027199
lat5_lon2,training,RSM00027707
lat5_lon2,training,RSM00027713
lat5_lon2,training,RSM00027730
lat5_lon2,training,RSM00028225
lat5_lon2,training,RSM00029263
lat5_lon2,training,RSM00029282
lat5_lon2,training,RSM00029572
lat5_lon2,training,RSM00029612
lat5_lon2,training,RSM00029839
lat5_lon2,training,RSM00029862
lat5_lon2,training,RSM00030054
lat5_lon2,training,RSM00030309
lat5_lon2,training,RSM00030557
lat5_lon2,training,RSM00030635
lat5_lon2,training,RSM00031088
lat5_lon2,training,RSM00031510
lat5_lon2,training,RSM00031538
lat5_lon2,training,RSM00031770
lat5_lon2,training,RSM00031873
lat5_lon2,training,RSM00032061
lat5_lon2,training,RSM00032098
lat5_lon2,training,RSM00032150
lat5_lon2,training,RSM00032389
lat5_lon2,training,RSM00032477
lat5_lon2,training,RSM00032540
lat5_lon2,training,RSM00032618
lat5_lon2,training,RSM00034172
lat5_lon2,training,RSM00034731
lat5_lon2,training,RSM00034858
lat5_lon2,training,RSM00034882
lat5_lon2,training,RSM00035121
lat5_lon2,training,RSM00037011
lat5_lon2,training,SAM00040373
lat5_lon2,training,SAM00040375
lat5_lon2,training,SAM00040394
lat5_lon2,training,SAM00040417
lat5_lon2,training,SAM00040430
lat5_lon2,training,SFM00068263
lat5_lon2,training,SFM00068512
lat5_lon2,training,SFM00068842
lat5_lon2,training,SHM00061901
lat5_lon2,training,SHM00068906
lat5_lon2,training,SNM00048698
lat5_lon2,training,SPM00008001
lat5_lon2,training,SPM00008023
lat5_lon2,training,SPM00008190
lat5_lon2,training,SPM00008221
lat5_lon2,training,SPM00008302
lat5_lon2,training,SPM00008383
lat5_lon2,training,SPM00008430
lat5_lon2,training,SWM00002591
lat5_lon2,training,SZM00006610
lat5_lon2,training,THM00048327
lat5_lon2,training,THM00048378
lat5_lon2,training,THM00048381
lat5_lon2,training,THM00048431
lat5_lon2,training,THM00048453
lat5_lon2,training,THM00048480
lat5_lon2,training,TUM00017064
lat5_lon2,training,TUM00017095
lat5_lon2,training,TUM00017220
lat5_lon2,training,TUM00017240
lat5_lon2,training,UKM00003005
lat5_lon2,training,UKM00003238
lat5_lon2,training,UKM00003918
lat5_lon2,training,USM00070026
lat5_lon2,training,USM00070200
lat5_lon2,training,USM00070219
lat5_lon2,training,USM00070261
lat5_lon2,training,USM00070273
lat5_lon2,training,USM00070308
lat5_lon2,training,USM00070350
lat5_lon2,training,USM00072201
lat5_lon2,training,USM00072202
lat5_lon2,training,USM00072206
lat5_lon2,training,USM00072208
lat5_lon2,training,USM00072210
lat5_lon2,training,USM00072215
lat5_lon2,training,USM00072235
lat5_lon2,training,USM00072240
lat5_lon2,training,USM00072248
lat5_lon2,training,USM00072249
lat5_lon2,training,USM00072251
lat5_lon2,training,USM00072261
lat5_lon2,training,USM00072265
lat5_lon2,training,USM00072293
lat5_lon2,training,USM00072317
lat5_lon2,training,USM00072327
lat5_lon2,training,USM00072357
lat5_lon2,training,USM00072364
lat5_lon2,training,USM00072376
lat5_lon2,training,USM00072393
lat5_lon2,training,USM00072402
lat5_lon2,training,USM00072403
lat5_lon2,training,USM00072426
lat5_lon2,training,USM00072440
lat5_lon2,training,USM00072451
lat5_lon2,training,USM00072456
lat5_lon2,training,USM00072476
lat5_lon2,training,USM00072493
lat5_lon2,training,USM00072518
lat5_lon2,training,USM00072520
lat5_lon2,training,USM00072582
lat5_lon2,training,USM00072597
lat5_lon2,training,USM00072632
lat5_lon2,training,USM00072634
lat5_lon2,training,USM00072645
lat5_lon2,training,USM00072659
lat5_lon2,training,USM00072662
lat5_lon2,training,USM00072672
lat5_lon2,training,USM00072681
lat5_lon2,training,USM00072694
lat5_lon2,training,USM00072712
lat5_lon2,training,USM00072764
lat5_lon2,training,USM00072768
lat5_lon2,training,USM00074560
lat5_lon2,training,USM00074646
lat5_lon2,training,USM00091165
lat5_lon2,training,USM00091285
lat5_lon2,training,VMM00048820
lat5_lon2,training,VMM00048855
lat5_lon2,early_validation,AEM00041217
lat5_lon2,early_validation,ASM00095527
lat5_lon2,early_validation,ATM00094001
lat5_lon2,early_validation,AYM00089592
lat5_lon2,early_validation,AYM00089642
lat5_lon2,early_validation,BBM00078954
lat5_lon2,early_validation,BRM00082107
lat5_lon2,early_validation,BRM00082824
lat5_lon2,early_validation,BRM00083779
lat5_lon2,early_validation,CAM00071081
lat5_lon2,early_validation,CAM00071823
lat5_lon2,early_validation,CHM00052203
lat5_lon2,early_validation,CHM00052267
lat5_lon2,early_validation,CHM00052418
lat5_lon2,early_validation,CHM00054857
lat5_lon2,early_validation,CHM00056187
lat5_lon2,early_validation,CHM00056778
lat5_lon2,early_validation,CHM00057245
lat5_lon2,early_validation,CHM00057687
lat5_lon2,early_validation,CHM00058362
lat5_lon2,early_validation,CHM00058424
lat5_lon2,early_validation,CHM00059134
lat5_lon2,early_validation,CIM00085934
lat5_lon2,early_validation,DRM00078486
lat5_lon2,early_validation,IDM00097502
lat5_lon2,early_validation,INM00042314
lat5_lon2,early_validation,IRM00040706
lat5_lon2,early_validation,ITM00016332
lat5_lon2,early_validation,JAM00047827
lat5_lon2,early_validation,JAM00047909
lat5_lon2,early_validation,KZM00035394
lat5_lon2,early_validation,MLM00048811
lat5_lon2,early_validation,MXM00076654
lat5_lon2,early_validation,MYM00048657
lat5_lon2,early_validation,MYM00096413
lat5_lon2,early_validation,MYM00096471
lat5_lon2,early_validation,PLM00012425
lat5_lon2,early_validation,POM00008536
lat5_lon2,early_validation,QAM00041169
lat5_lon2,early_validation,RSM00022522
lat5_lon2,early_validation,RSM00026477
lat5_lon2,early_validation,RSM00027962
lat5_lon2,early_validation,RSM00028275
lat5_lon2,early_validation,RSM00029231
lat5_lon2,early_validation,RSM00032215
lat5_lon2,early_validation,RSM00034009
lat5_lon2,early_validation,RSM00034247
lat5_lon2,early_validation,RSM00034467
lat5_lon2,early_validation,RSM00036096
lat5_lon2,early_validation,SFM00068816
lat5_lon2,early_validation,THM00048407
lat5_lon2,early_validation,TUM00017030
lat5_lon2,early_validation,TUM00017196
lat5_lon2,early_validation,UKM00003808
lat5_lon2,early_validation,USM00070361
lat5_lon2,early_validation,USM00070398
lat5_lon2,early_validation,USM00072489
lat5_lon2,early_validation,USM00072501
lat5_lon2,early_validation,USM00072558
lat5_lon2,early_validation,USM00072572
lat5_lon2,early_validation,USM00072747
lat5_lon2,early_validation,USM00074389
lat5_lon2,calibration,AGM00060390
lat5_lon2,calibration,ARM00087860
lat5_lon2,calibration,ASM00094637
lat5_lon2,calibration,AYM00089532
lat5_lon2,calibration,BRM00082022
lat5_lon2,calibration,BRM00083827
lat5_lon2,calibration,BRM00083899
lat5_lon2,calibration,CAM00071043
lat5_lon2,calibration,CAM00071119
lat5_lon2,calibration,CAM00071845
lat5_lon2,calibration,CAM00071924
lat5_lon2,calibration,CHM00053513
lat5_lon2,calibration,CHM00054161
lat5_lon2,calibration,CHM00054511
lat5_lon2,calibration,CHM00056492
lat5_lon2,calibration,CHM00056651
lat5_lon2,calibration,CHM00058027
lat5_lon2,calibration,CHM00058150
lat5_lon2,calibration,CHM00058665
lat5_lon2,calibration,CHM00058847
lat5_lon2,calibration,CHM00059023
lat5_lon2,calibration,FMM00091413
lat5_lon2,calibration,FPM00091925
lat5_lon2,calibration,GLM00004220
lat5_lon2,calibration,HRM00014240
lat5_lon2,calibration,IDM00097180
lat5_lon2,calibration,INM00042339
lat5_lon2,calibration,INM00043185
lat5_lon2,calibration,IRM00040841
lat5_lon2,calibration,ITM00016546
lat5_lon2,calibration,JAM00047412
lat5_lon2,calibration,KEM00063741
lat5_lon2,calibration,KSM00047230
lat5_lon2,calibration,MXM00076256
lat5_lon2,calibration,MXM00076644
lat5_lon2,calibration,NZM00093844
lat5_lon2,calibration,PLM00012374
lat5_lon2,calibration,PSM00091408
lat5_lon2,calibration,RSM00022271
lat5_lon2,calibration,RSM00023884
lat5_lon2,calibration,RSM00023921
lat5_lon2,calibration,RSM00024122
lat5_lon2,calibration,RSM00024908
lat5_lon2,calibration,RSM00026781
lat5_lon2,calibration,RSM00027594
lat5_lon2,calibration,RSM00027995
lat5_lon2,calibration,RSM00028445
lat5_lon2,calibration,RSM00028695
lat5_lon2,calibration,RSM00028722
lat5_lon2,calibration,RSM00029634
lat5_lon2,calibration,RSM00031300
lat5_lon2,calibration,SAM00041112
lat5_lon2,calibration,SVM00001028
lat5_lon2,calibration,THM00048500
lat5_lon2,calibration,UKM00003354
lat5_lon2,calibration,USM00070316
lat5_lon2,calibration,USM00070326
lat5_lon2,calibration,USM00072230
lat5_lon2,calibration,USM00072274
lat5_lon2,calibration,USM00072363
lat5_lon2,calibration,USM00072528
lat5_lon2,calibration,USM00074455
lat5_lon2,calibration,VMM00048839
lat2_lon1,evaluation,ASM00094302
lat2_lon1,evaluation,ASM00094312
lat2_lon1,evaluation,ASM00094403
lat2_lon1,evaluation,ASM00094430
lat2_lon1,evaluation,CKM00096996
lat2_lon1,evaluation,IDM00096237
lat2_lon1,evaluation,IDM00096581
lat2_lon1,evaluation,IDM00096749
lat2_lon1,evaluation,IDM00096935
lat2_lon1,evaluation,IDM00097180
lat2_lon1,training,AGM00060680
lat2_lon1,training,AOM00066160
lat2_lon1,training,AQM00091765
lat2_lon1,training,ARM00087155
lat2_lon1,training,ARM00087344
lat2_lon1,training,ARM00087623
lat2_lon1,training,ARM00087715
lat2_lon1,training,ASM00094170
lat2_lon1,training,ASM00094203
lat2_lon1,training,ASM00094461
lat2_lon1,training,ASM00094510
lat2_lon1,training,ASM00094578
lat2_lon1,training,ASM00094610
lat2_lon1,training,ASM00094659
lat2_lon1,training,ASM00094672
lat2_lon1,training,ASM00094711
lat2_lon1,training,ASM00094802
lat2_lon1,training,ASM00094866
lat2_lon1,training,ASM00094995
lat2_lon1,training,ASM00094998
lat2_lon1,training,ATM00094005
lat2_lon1,training,ATM00095282
lat2_lon1,training,AYM00089062
lat2_lon1,training,AYM00089564
lat2_lon1,training,AYM00089571
lat2_lon1,training,AYM00089611
lat2_lon1,training,AYM00089664
lat2_lon1,training,BDM00078016
lat2_lon1,training,BEM00006458
lat2_lon1,training,BGM00041923
lat2_lon1,training,BHM00078583
lat2_lon1,training,BRM00082026
lat2_lon1,training,BRM00082099
lat2_lon1,training,BRM00082193
lat2_lon1,training,BRM00082244
lat2_lon1,training,BRM00082332
lat2_lon1,training,BRM00082532
lat2_lon1,training,BRM00082705
lat2_lon1,training,BRM00082965
lat2_lon1,training,BRM00083525
lat2_lon1,training,BRM00083566
lat2_lon1,training,BRM00083612
lat2_lon1,training,BRM00083649
lat2_lon1,training,BRM00083840
lat2_lon1,training,BRM00083937
lat2_lon1,training,CAM00071109
lat2_lon1,training,CAM00071603
lat2_lon1,training,CAM00071722
lat2_lon1,training,CAM00071802
lat2_lon1,training,CAM00071816
lat2_lon1,training,CAM00071867
lat2_lon1,training,CAM00071906
lat2_lon1,training,CAM00071907
lat2_lon1,training,CAM00071908
lat2_lon1,training,CAM00071909
lat2_lon1,training,CAM00071913
lat2_lon1,training,CAM00071917
lat2_lon1,training,CAM00071925
lat2_lon1,training,CAM00071934
lat2_lon1,training,CAM00071957
lat2_lon1,training,CAM00073033
lat2_lon1,training,CAM00073110
lat2_lon1,training,CFM00064400
lat2_lon1,training,CHM00050527
lat2_lon1,training,CHM00050557
lat2_lon1,training,CHM00050774
lat2_lon1,training,CHM00050953
lat2_lon1,training,CHM00051076
lat2_lon1,training,CHM00051243
lat2_lon1,training,CHM00051431
lat2_lon1,training,CHM00051463
lat2_lon1,training,CHM00051644
lat2_lon1,training,CHM00051656
lat2_lon1,training,CHM00051709
lat2_lon1,training,CHM00051777
lat2_lon1,training,CHM00051839
lat2_lon1,training,CHM00052533
lat2_lon1,training,CHM00052681
lat2_lon1,training,CHM00052866
lat2_lon1,training,CHM00052983
lat2_lon1,training,CHM00053463
lat2_lon1,training,CHM00053543
lat2_lon1,training,CHM00053614
lat2_lon1,training,CHM00053772
lat2_lon1,training,CHM00053845
lat2_lon1,training,CHM00053915
lat2_lon1,training,CHM00054102
lat2_lon1,training,CHM00054135
lat2_lon1,training,CHM00054218
lat2_lon1,training,CHM00054292
lat2_lon1,training,CHM00054340
lat2_lon1,training,CHM00054374
lat2_lon1,training,CHM00054662
lat2_lon1,training,CHM00054727
lat2_lon1,training,CHM00056080
lat2_lon1,training,CHM00056571
lat2_lon1,training,CHM00056739
lat2_lon1,training,CHM00056964
lat2_lon1,training,CHM00056985
lat2_lon1,training,CHM00057083
lat2_lon1,training,CHM00057127
lat2_lon1,training,CHM00057461
lat2_lon1,training,CHM00057494
lat2_lon1,training,CHM00057516
lat2_lon1,training,CHM00057541
lat2_lon1,training,CHM00057972
lat2_lon1,training,CHM00058203
lat2_lon1,training,CHM00058238
lat2_lon1,training,CHM00058457
lat2_lon1,training,CHM00058606
lat2_lon1,training,CHM00058633
lat2_lon1,training,CHM00058725
lat2_lon1,training,CHM00059265
lat2_lon1,training,CHM00059280
lat2_lon1,training,CHM00059293
lat2_lon1,training,CIM00085442
lat2_lon1,training,CIM00085586
lat2_lon1,training,CIM00085799
lat2_lon1,training,COM00080001
lat2_lon1,training,COM00080222
lat2_lon1,training,COM00080398
lat2_lon1,training,EIM00003953
lat2_lon1,training,ENM00026038
lat2_lon1,training,EZM00011520
lat2_lon1,training,EZM00011747
lat2_lon1,training,FGM00081405
lat2_lon1,training,FJM00091680
lat2_lon1,training,FKM00088889
lat2_lon1,training,FMM00091334
lat2_lon1,training,FMM00091348
lat2_lon1,training,FOM00006011
lat2_lon1,training,FPM00091938
lat2_lon1,training,FRM00007110
lat2_lon1,training,FRM00007145
lat2_lon1,training,FRM00007510
lat2_lon1,training,FRM00007645
lat2_lon1,training,FRM00007761
lat2_lon1,training,GLM00004270
lat2_lon1,training,GMM00010035
lat2_lon1,training,GMM00010113
lat2_lon1,training,GMM00010184
lat2_lon1,training,GMM00010238
lat2_lon1,training,GMM00010304
lat2_lon1,training,GMM00010393
lat2_lon1,training,GMM00010410
lat2_lon1,training,GMM00010548
lat2_lon1,training,GMM00010618
lat2_lon1,training,GMM00010739
lat2_lon1,training,GMM00010868
lat2_lon1,training,GMM00010954
lat2_lon1,training,GPM00078897
lat2_lon1,training,GQM00091212
lat2_lon1,training,GRM00016622
lat2_lon1,training,GRM00016716
lat2_lon1,training,HKM00045004
lat2_lon1,training,HRM00014430
lat2_lon1,training,HUM00012843
lat2_lon1,training,HUM00012982
lat2_lon1,training,IDM00096509
lat2_lon1,training,IDM00097372
lat2_lon1,training,IDM00097980
lat2_lon1,training,INM00042111
lat2_lon1,training,INM00042220
lat2_lon1,training,INM00042348
lat2_lon1,training,INM00042410
lat2_lon1,training,INM00042623
lat2_lon1,training,INM00042647
lat2_lon1,training,INM00042675
lat2_lon1,training,INM00042809
lat2_lon1,training,INM00042886
lat2_lon1,training,INM00042971
lat2_lon1,training,INM00043003
lat2_lon1,training,INM00043049
lat2_lon1,training,INM00043063
lat2_lon1,training,INM00043128
lat2_lon1,training,INM00043150
lat2_lon1,training,INM00043346
lat2_lon1,training,INM00043353
lat2_lon1,training,INM00043371
lat2_lon1,training,IRM00040766
lat2_lon1,training,IRM00040809
lat2_lon1,training,IRM00040856
lat2_lon1,training,ITM00016045
lat2_lon1,training,ITM00016064
lat2_lon1,training,ITM00016113
lat2_lon1,training,ITM00016144
lat2_lon1,training,ITM00016245
lat2_lon1,training,IVM00065548
lat2_lon1,training,IZM00040650
lat2_lon1,training,JAM00047401
lat2_lon1,training,JAM00047582
lat2_lon1,training,JAM00047646
lat2_lon1,training,JAM00047678
lat2_lon1,training,JAM00047741
lat2_lon1,training,JAM00047807
lat2_lon1,training,JAM00047918
lat2_lon1,training,JAM00047945
lat2_lon1,training,JAM00047971
lat2_lon1,training,JAM00047991
lat2_lon1,training,JNM00001001
lat2_lon1,training,KSM00047138
lat2_lon1,training,KSM00047155
lat2_lon1,training,KSM00047169
lat2_lon1,training,KSM00047186
lat2_lon1,training,KZM00028951
lat2_lon1,training,KZM00035229
lat2_lon1,training,KZM00035671
lat2_lon1,training,KZM00035700
lat2_lon1,training,KZM00036003
lat2_lon1,training,KZM00036872
lat2_lon1,training,KZM00038064
lat2_lon1,training,KZM00038341
lat2_lon1,training,LHM00026629
lat2_lon1,training,MGM00044212
lat2_lon1,training,MGM00044231
lat2_lon1,training,MGM00044292
lat2_lon1,training,MGM00044373
lat2_lon1,training,MLM00061291
lat2_lon1,training,MOM00060155
lat2_lon1,training,MOM00060253
lat2_lon1,training,MXM00076458
lat2_lon1,training,MXM00076526
lat2_lon1,training,MXM00076595
lat2_lon1,training,MXM00076612
lat2_lon1,training,MXM00076679
lat2_lon1,training,MXM00076692
lat2_lon1,training,MYM00048601
lat2_lon1,training,MYM00048615
lat2_lon1,training,MYM00096441
lat2_lon1,training,MYM00096481
lat2_lon1,training,NCM00091592
lat2_lon1,training,NFM00094996
lat2_lon1,training,NGM00061024
lat2_lon1,training,NGM00061052
lat2_lon1,training,NLM00006260
lat2_lon1,training,NOM00001241
lat2_lon1,training,NOM00001400
lat2_lon1,training,NOM00001415
lat2_lon1,training,NZM00093112
lat2_lon1,training,PFM00059981
lat2_lon1,training,PLM00012575
lat2_lon1,training,PMM00078807
lat2_lon1,training,POM00008508
lat2_lon1,training,POM00008522
lat2_lon1,training,REM00061980
lat2_lon1,training,ROM00015420
lat2_lon1,training,RPM00098223
lat2_lon1,training,RPM00098233
lat2_lon1,training,RPM00098433
lat2_lon1,training,RPM00098444
lat2_lon1,training,RQM00078526
lat2_lon1,training,RSM00020046
lat2_lon1,training,RSM00020674
lat2_lon1,training,RSM00021824
lat2_lon1,training,RSM00022008
lat2_lon1,training,RSM00022217
lat2_lon1,training,RSM00022543
lat2_lon1,training,RSM00022845
lat2_lon1,training,RSM00023078
lat2_lon1,training,RSM00023205
lat2_lon1,training,RSM00023330
lat2_lon1,training,RSM00023415
lat2_lon1,training,RSM00023472
lat2_lon1,training,RSM00023802
lat2_lon1,training,RSM00023933
lat2_lon1,training,RSM00023955
lat2_lon1,training,RSM00024507
lat2_lon1,training,RSM00024641
lat2_lon1,training,RSM00024688
lat2_lon1,training,RSM00024726
lat2_lon1,training,RSM00024959
lat2_lon1,training,RSM00025403
lat2_lon1,training,RSM00025703
lat2_lon1,training,RSM00025913
lat2_lon1,training,RSM00026075
lat2_lon1,training,RSM00026298
lat2_lon1,training,RSM00026708
lat2_lon1,training,RSM00027038
lat2_lon1,training,RSM00027199
lat2_lon1,training,RSM00027707
lat2_lon1,training,RSM00027713
lat2_lon1,training,RSM00027730
lat2_lon1,training,RSM00028225
lat2_lon1,training,RSM00029263
lat2_lon1,training,RSM00029282
lat2_lon1,training,RSM00029572
lat2_lon1,training,RSM00029612
lat2_lon1,training,RSM00029839
lat2_lon1,training,RSM00029862
lat2_lon1,training,RSM00030054
lat2_lon1,training,RSM00030309
lat2_lon1,training,RSM00030557
lat2_lon1,training,RSM00030635
lat2_lon1,training,RSM00031088
lat2_lon1,training,RSM00031510
lat2_lon1,training,RSM00031538
lat2_lon1,training,RSM00031770
lat2_lon1,training,RSM00031873
lat2_lon1,training,RSM00032061
lat2_lon1,training,RSM00032098
lat2_lon1,training,RSM00032150
lat2_lon1,training,RSM00032389
lat2_lon1,training,RSM00032477
lat2_lon1,training,RSM00032540
lat2_lon1,training,RSM00032618
lat2_lon1,training,RSM00034172
lat2_lon1,training,RSM00034731
lat2_lon1,training,RSM00034858
lat2_lon1,training,RSM00034882
lat2_lon1,training,RSM00035121
lat2_lon1,training,RSM00037011
lat2_lon1,training,SAM00040373
lat2_lon1,training,SAM00040375
lat2_lon1,training,SAM00040394
lat2_lon1,training,SAM00040417
lat2_lon1,training,SAM00040430
lat2_lon1,training,SFM00068263
lat2_lon1,training,SFM00068512
lat2_lon1,training,SFM00068842
lat2_lon1,training,SHM00061901
lat2_lon1,training,SHM00068906
lat2_lon1,training,SNM00048698
lat2_lon1,training,SPM00008001
lat2_lon1,training,SPM00008023
lat2_lon1,training,SPM00008190
lat2_lon1,training,SPM00008221
lat2_lon1,training,SPM00008302
lat2_lon1,training,SPM00008383
lat2_lon1,training,SPM00008430
lat2_lon1,training,SWM00002591
lat2_lon1,training,SZM00006610
lat2_lon1,training,THM00048327
lat2_lon1,training,THM00048378
lat2_lon1,training,THM00048381
lat2_lon1,training,THM00048431
lat2_lon1,training,THM00048453
lat2_lon1,training,THM00048480
lat2_lon1,training,TUM00017064
lat2_lon1,training,TUM00017095
lat2_lon1,training,TUM00017220
lat2_lon1,training,TUM00017240
lat2_lon1,training,UKM00003005
lat2_lon1,training,UKM00003238
lat2_lon1,training,UKM00003918
lat2_lon1,training,USM00070026
lat2_lon1,training,USM00070200
lat2_lon1,training,USM00070219
lat2_lon1,training,USM00070261
lat2_lon1,training,USM00070273
lat2_lon1,training,USM00070308
lat2_lon1,training,USM00070350
lat2_lon1,training,USM00072201
lat2_lon1,training,USM00072202
lat2_lon1,training,USM00072206
lat2_lon1,training,USM00072208
lat2_lon1,training,USM00072210
lat2_lon1,training,USM00072215
lat2_lon1,training,USM00072235
lat2_lon1,training,USM00072240
lat2_lon1,training,USM00072248
lat2_lon1,training,USM00072249
lat2_lon1,training,USM00072251
lat2_lon1,training,USM00072261
lat2_lon1,training,USM00072265
lat2_lon1,training,USM00072293
lat2_lon1,training,USM00072317
lat2_lon1,training,USM00072327
lat2_lon1,training,USM00072357
lat2_lon1,training,USM00072364
lat2_lon1,training,USM00072376
lat2_lon1,training,USM00072393
lat2_lon1,training,USM00072402
lat2_lon1,training,USM00072403
lat2_lon1,training,USM00072426
lat2_lon1,training,USM00072440
lat2_lon1,training,USM00072451
lat2_lon1,training,USM00072456
lat2_lon1,training,USM00072476
lat2_lon1,training,USM00072493
lat2_lon1,training,USM00072518
lat2_lon1,training,USM00072520
lat2_lon1,training,USM00072582
lat2_lon1,training,USM00072597
lat2_lon1,training,USM00072632
lat2_lon1,training,USM00072634
lat2_lon1,training,USM00072645
lat2_lon1,training,USM00072659
lat2_lon1,training,USM00072662
lat2_lon1,training,USM00072672
lat2_lon1,training,USM00072681
lat2_lon1,training,USM00072694
lat2_lon1,training,USM00072712
lat2_lon1,training,USM00072764
lat2_lon1,training,USM00072768
lat2_lon1,training,USM00074560
lat2_lon1,training,USM00074646
lat2_lon1,training,USM00091165
lat2_lon1,training,USM00091285
lat2_lon1,training,VMM00048820
lat2_lon1,training,VMM00048855
lat2_lon1,early_validation,AEM00041217
lat2_lon1,early_validation,ASM00095527
lat2_lon1,early_validation,ATM00094001
lat2_lon1,early_validation,AYM00089592
lat2_lon1,early_validation,AYM00089642
lat2_lon1,early_validation,BBM00078954
lat2_lon1,early_validation,BRM00082107
lat2_lon1,early_validation,BRM00082824
lat2_lon1,early_validation,BRM00083779
lat2_lon1,early_validation,CAM00071081
lat2_lon1,early_validation,CAM00071823
lat2_lon1,early_validation,CHM00052203
lat2_lon1,early_validation,CHM00052267
lat2_lon1,early_validation,CHM00052418
lat2_lon1,early_validation,CHM00054857
lat2_lon1,early_validation,CHM00056187
lat2_lon1,early_validation,CHM00056778
lat2_lon1,early_validation,CHM00057245
lat2_lon1,early_validation,CHM00057687
lat2_lon1,early_validation,CHM00058362
lat2_lon1,early_validation,CHM00058424
lat2_lon1,early_validation,CHM00059134
lat2_lon1,early_validation,CIM00085934
lat2_lon1,early_validation,DRM00078486
lat2_lon1,early_validation,IDM00097502
lat2_lon1,early_validation,INM00042314
lat2_lon1,early_validation,IRM00040706
lat2_lon1,early_validation,ITM00016332
lat2_lon1,early_validation,JAM00047827
lat2_lon1,early_validation,JAM00047909
lat2_lon1,early_validation,KZM00035394
lat2_lon1,early_validation,MLM00048811
lat2_lon1,early_validation,MXM00076654
lat2_lon1,early_validation,MYM00048657
lat2_lon1,early_validation,MYM00096413
lat2_lon1,early_validation,MYM00096471
lat2_lon1,early_validation,PLM00012425
lat2_lon1,early_validation,POM00008536
lat2_lon1,early_validation,QAM00041169
lat2_lon1,early_validation,RSM00022522
lat2_lon1,early_validation,RSM00024343
lat2_lon1,early_validation,RSM00025123
lat2_lon1,early_validation,RSM00026477
lat2_lon1,early_validation,RSM00027962
lat2_lon1,early_validation,RSM00028275
lat2_lon1,early_validation,RSM00029231
lat2_lon1,early_validation,RSM00032215
lat2_lon1,early_validation,RSM00034009
lat2_lon1,early_validation,RSM00034247
lat2_lon1,early_validation,RSM00034467
lat2_lon1,early_validation,RSM00036096
lat2_lon1,early_validation,SFM00068816
lat2_lon1,early_validation,THM00048407
lat2_lon1,early_validation,TUM00017030
lat2_lon1,early_validation,TUM00017196
lat2_lon1,early_validation,UKM00003808
lat2_lon1,early_validation,USM00070361
lat2_lon1,early_validation,USM00070398
lat2_lon1,early_validation,USM00072489
lat2_lon1,early_validation,USM00072501
lat2_lon1,early_validation,USM00072558
lat2_lon1,early_validation,USM00072572
lat2_lon1,early_validation,USM00072747
lat2_lon1,early_validation,USM00074389
lat2_lon1,calibration,AGM00060390
lat2_lon1,calibration,ARM00087860
lat2_lon1,calibration,ASM00094637
lat2_lon1,calibration,AYM00089532
lat2_lon1,calibration,BRM00082022
lat2_lon1,calibration,BRM00083827
lat2_lon1,calibration,BRM00083899
lat2_lon1,calibration,CAM00071043
lat2_lon1,calibration,CAM00071119
lat2_lon1,calibration,CAM00071845
lat2_lon1,calibration,CAM00071924
lat2_lon1,calibration,CHM00053513
lat2_lon1,calibration,CHM00054161
lat2_lon1,calibration,CHM00054511
lat2_lon1,calibration,CHM00056492
lat2_lon1,calibration,CHM00056651
lat2_lon1,calibration,CHM00058027
lat2_lon1,calibration,CHM00058150
lat2_lon1,calibration,CHM00058665
lat2_lon1,calibration,CHM00058847
lat2_lon1,calibration,CHM00059023
lat2_lon1,calibration,FMM00091413
lat2_lon1,calibration,FPM00091925
lat2_lon1,calibration,GLM00004220
lat2_lon1,calibration,HRM00014240
lat2_lon1,calibration,INM00042339
lat2_lon1,calibration,INM00043185
lat2_lon1,calibration,IRM00040841
lat2_lon1,calibration,ITM00016546
lat2_lon1,calibration,JAM00047412
lat2_lon1,calibration,KEM00063741
lat2_lon1,calibration,KSM00047230
lat2_lon1,calibration,MXM00076256
lat2_lon1,calibration,MXM00076644
lat2_lon1,calibration,NZM00093844
lat2_lon1,calibration,PLM00012374
lat2_lon1,calibration,PSM00091408
lat2_lon1,calibration,RSM00022271
lat2_lon1,calibration,RSM00023884
lat2_lon1,calibration,RSM00023921
lat2_lon1,calibration,RSM00024122
lat2_lon1,calibration,RSM00024908
lat2_lon1,calibration,RSM00026781
lat2_lon1,calibration,RSM00027594
lat2_lon1,calibration,RSM00027995
lat2_lon1,calibration,RSM00028445
lat2_lon1,calibration,RSM00028695
lat2_lon1,calibration,RSM00028722
lat2_lon1,calibration,RSM00029634
lat2_lon1,calibration,RSM00031300
lat2_lon1,calibration,SAM00041112
lat2_lon1,calibration,SVM00001028
lat2_lon1,calibration,THM00048500
lat2_lon1,calibration,UKM00003354
lat2_lon1,calibration,USM00070316
lat2_lon1,calibration,USM00070326
lat2_lon1,calibration,USM00072230
lat2_lon1,calibration,USM00072274
lat2_lon1,calibration,USM00072363
lat2_lon1,calibration,USM00072528
lat2_lon1,calibration,USM00074455
lat2_lon1,calibration,VMM00048839
lat5_lon3,evaluation,CAM00071043
lat5_lon3,evaluation,CAM00071957
lat5_lon3,evaluation,CAM00071964
lat5_lon3,evaluation,USM00070026
lat5_lon3,evaluation,USM00070200
lat5_lon3,evaluation,USM00070219
lat5_lon3,evaluation,USM00070231
lat5_lon3,evaluation,USM00070261
lat5_lon3,evaluation,USM00070273
lat5_lon3,training,AGM00060680
lat5_lon3,training,AOM00066160
lat5_lon3,training,AQM00091765
lat5_lon3,training,ARM00087155
lat5_lon3,training,ARM00087344
lat5_lon3,training,ARM00087623
lat5_lon3,training,ARM00087715
lat5_lon3,training,ASM00094170
lat5_lon3,training,ASM00094203
lat5_lon3,training,ASM00094302
lat5_lon3,training,ASM00094312
lat5_lon3,training,ASM00094403
lat5_lon3,training,ASM00094430
lat5_lon3,training,ASM00094461
lat5_lon3,training,ASM00094510
lat5_lon3,training,ASM00094578
lat5_lon3,training,ASM00094610
lat5_lon3,training,ASM00094659
lat5_lon3,training,ASM00094672
lat5_lon3,training,ASM00094711
lat5_lon3,training,ASM00094802
lat5_lon3,training,ASM00094866
lat5_lon3,training,ASM00094995
lat5_lon3,training,ASM00094998
lat5_lon3,training,ATM00094005
lat5_lon3,training,ATM00095282
lat5_lon3,training,AYM00089062
lat5_lon3,training,AYM00089564
lat5_lon3,training,AYM00089571
lat5_lon3,training,AYM00089611
lat5_lon3,training,AYM00089664
lat5_lon3,training,BDM00078016
lat5_lon3,training,BEM00006458
lat5_lon3,training,BGM00041923
lat5_lon3,training,BHM00078583
lat5_lon3,training,BRM00082026
lat5_lon3,training,BRM00082099
lat5_lon3,training,BRM00082193
lat5_lon3,training,BRM00082244
lat5_lon3,training,BRM00082332
lat5_lon3,training,BRM00082532
lat5_lon3,training,BRM00082705
lat5_lon3,training,BRM00082965
lat5_lon3,training,BRM00083525
lat5_lon3,training,BRM00083566
lat5_lon3,training,BRM00083612
lat5_lon3,training,BRM00083649
lat5_lon3,training,BRM00083840
lat5_lon3,training,BRM00083937
lat5_lon3,training,CAM00071109
lat5_lon3,training,CAM00071603
lat5_lon3,training,CAM00071722
lat5_lon3,training,CAM00071802
lat5_lon3,training,CAM00071816
lat5_lon3,training,CAM00071867
lat5_lon3,training,CAM00071906
lat5_lon3,training,CAM00071907
lat5_lon3,training,CAM00071908
lat5_lon3,training,CAM00071909
lat5_lon3,training,CAM00071913
lat5_lon3,training,CAM00071917
lat5_lon3,training,CAM00071925
lat5_lon3,training,CAM00071934
lat5_lon3,training,CAM00073033
lat5_lon3,training,CAM00073110
lat5_lon3,training,CFM00064400
lat5_lon3,training,CHM00050527
lat5_lon3,training,CHM00050557
lat5_lon3,training,CHM00050774
lat5_lon3,training,CHM00050953
lat5_lon3,training,CHM00051076
lat5_lon3,training,CHM00051243
lat5_lon3,training,CHM00051431
lat5_lon3,training,CHM00051463
lat5_lon3,training,CHM00051644
lat5_lon3,training,CHM00051656
lat5_lon3,training,CHM00051709
lat5_lon3,training,CHM00051777
lat5_lon3,training,CHM00051839
lat5_lon3,training,CHM00052533
lat5_lon3,training,CHM00052681
lat5_lon3,training,CHM00052866
lat5_lon3,training,CHM00052983
lat5_lon3,training,CHM00053463
lat5_lon3,training,CHM00053543
lat5_lon3,training,CHM00053614
lat5_lon3,training,CHM00053772
lat5_lon3,training,CHM00053845
lat5_lon3,training,CHM00053915
lat5_lon3,training,CHM00054102
lat5_lon3,training,CHM00054135
lat5_lon3,training,CHM00054218
lat5_lon3,training,CHM00054292
lat5_lon3,training,CHM00054340
lat5_lon3,training,CHM00054374
lat5_lon3,training,CHM00054662
lat5_lon3,training,CHM00054727
lat5_lon3,training,CHM00056080
lat5_lon3,training,CHM00056571
lat5_lon3,training,CHM00056739
lat5_lon3,training,CHM00056964
lat5_lon3,training,CHM00056985
lat5_lon3,training,CHM00057083
lat5_lon3,training,CHM00057127
lat5_lon3,training,CHM00057461
lat5_lon3,training,CHM00057494
lat5_lon3,training,CHM00057516
lat5_lon3,training,CHM00057541
lat5_lon3,training,CHM00057972
lat5_lon3,training,CHM00058203
lat5_lon3,training,CHM00058238
lat5_lon3,training,CHM00058457
lat5_lon3,training,CHM00058606
lat5_lon3,training,CHM00058633
lat5_lon3,training,CHM00058725
lat5_lon3,training,CHM00059265
lat5_lon3,training,CHM00059280
lat5_lon3,training,CHM00059293
lat5_lon3,training,CIM00085442
lat5_lon3,training,CIM00085586
lat5_lon3,training,CIM00085799
lat5_lon3,training,CKM00096996
lat5_lon3,training,COM00080001
lat5_lon3,training,COM00080222
lat5_lon3,training,COM00080398
lat5_lon3,training,EIM00003953
lat5_lon3,training,ENM00026038
lat5_lon3,training,EZM00011520
lat5_lon3,training,EZM00011747
lat5_lon3,training,FGM00081405
lat5_lon3,training,FJM00091680
lat5_lon3,training,FKM00088889
lat5_lon3,training,FMM00091334
lat5_lon3,training,FMM00091348
lat5_lon3,training,FOM00006011
lat5_lon3,training,FPM00091938
lat5_lon3,training,FRM00007110
lat5_lon3,training,FRM00007145
lat5_lon3,training,FRM00007510
lat5_lon3,training,FRM00007645
lat5_lon3,training,FRM00007761
lat5_lon3,training,GLM00004270
lat5_lon3,training,GMM00010035
lat5_lon3,training,GMM00010113
lat5_lon3,training,GMM00010184
lat5_lon3,training,GMM00010238
lat5_lon3,training,GMM00010304
lat5_lon3,training,GMM00010393
lat5_lon3,training,GMM00010410
lat5_lon3,training,GMM00010548
lat5_lon3,training,GMM00010618
lat5_lon3,training,GMM00010739
lat5_lon3,training,GMM00010868
lat5_lon3,training,GMM00010954
lat5_lon3,training,GPM00078897
lat5_lon3,training,GQM00091212
lat5_lon3,training,GRM00016622
lat5_lon3,training,GRM00016716
lat5_lon3,training,HKM00045004
lat5_lon3,training,HRM00014430
lat5_lon3,training,HUM00012843
lat5_lon3,training,HUM00012982
lat5_lon3,training,IDM00096237
lat5_lon3,training,IDM00096509
lat5_lon3,training,IDM00096581
lat5_lon3,training,IDM00096749
lat5_lon3,training,IDM00096935
lat5_lon3,training,IDM00097372
lat5_lon3,training,IDM00097980
lat5_lon3,training,INM00042111
lat5_lon3,training,INM00042220
lat5_lon3,training,INM00042348
lat5_lon3,training,INM00042410
lat5_lon3,training,INM00042623
lat5_lon3,training,INM00042647
lat5_lon3,training,INM00042675
lat5_lon3,training,INM00042809
lat5_lon3,training,INM00042886
lat5_lon3,training,INM00042971
lat5_lon3,training,INM00043003
lat5_lon3,training,INM00043049
lat5_lon3,training,INM00043063
lat5_lon3,training,INM00043128
lat5_lon3,training,INM00043150
lat5_lon3,training,INM00043346
lat5_lon3,training,INM00043353
lat5_lon3,training,INM00043371
lat5_lon3,training,IRM00040766
lat5_lon3,training,IRM00040809
lat5_lon3,training,IRM00040856
lat5_lon3,training,ITM00016045
lat5_lon3,training,ITM00016064
lat5_lon3,training,ITM00016113
lat5_lon3,training,ITM00016144
lat5_lon3,training,ITM00016245
lat5_lon3,training,IVM00065548
lat5_lon3,training,IZM00040650
lat5_lon3,training,JAM00047401
lat5_lon3,training,JAM00047582
lat5_lon3,training,JAM00047646
lat5_lon3,training,JAM00047678
lat5_lon3,training,JAM00047741
lat5_lon3,training,JAM00047807
lat5_lon3,training,JAM00047918
lat5_lon3,training,JAM00047945
lat5_lon3,training,JAM00047971
lat5_lon3,training,JAM00047991
lat5_lon3,training,JNM00001001
lat5_lon3,training,KSM00047138
lat5_lon3,training,KSM00047155
lat5_lon3,training,KSM00047169
lat5_lon3,training,KSM00047186
lat5_lon3,training,KZM00028951
lat5_lon3,training,KZM00035229
lat5_lon3,training,KZM00035671
lat5_lon3,training,KZM00035700
lat5_lon3,training,KZM00036003
lat5_lon3,training,KZM00036872
lat5_lon3,training,KZM00038064
lat5_lon3,training,KZM00038341
lat5_lon3,training,LHM00026629
lat5_lon3,training,MGM00044212
lat5_lon3,training,MGM00044231
lat5_lon3,training,MGM00044292
lat5_lon3,training,MGM00044373
lat5_lon3,training,MLM00061291
lat5_lon3,training,MOM00060155
lat5_lon3,training,MOM00060253
lat5_lon3,training,MXM00076458
lat5_lon3,training,MXM00076526
lat5_lon3,training,MXM00076595
lat5_lon3,training,MXM00076612
lat5_lon3,training,MXM00076679
lat5_lon3,training,MXM00076692
lat5_lon3,training,MYM00048601
lat5_lon3,training,MYM00048615
lat5_lon3,training,MYM00096441
lat5_lon3,training,MYM00096481
lat5_lon3,training,NCM00091592
lat5_lon3,training,NFM00094996
lat5_lon3,training,NGM00061024
lat5_lon3,training,NGM00061052
lat5_lon3,training,NLM00006260
lat5_lon3,training,NOM00001241
lat5_lon3,training,NOM00001400
lat5_lon3,training,NOM00001415
lat5_lon3,training,NZM00093112
lat5_lon3,training,PFM00059981
lat5_lon3,training,PLM00012575
lat5_lon3,training,PMM00078807
lat5_lon3,training,POM00008508
lat5_lon3,training,POM00008522
lat5_lon3,training,REM00061980
lat5_lon3,training,ROM00015420
lat5_lon3,training,RPM00098223
lat5_lon3,training,RPM00098233
lat5_lon3,training,RPM00098433
lat5_lon3,training,RPM00098444
lat5_lon3,training,RQM00078526
lat5_lon3,training,RSM00020046
lat5_lon3,training,RSM00020674
lat5_lon3,training,RSM00021824
lat5_lon3,training,RSM00022008
lat5_lon3,training,RSM00022217
lat5_lon3,training,RSM00022543
lat5_lon3,training,RSM00022845
lat5_lon3,training,RSM00023078
lat5_lon3,training,RSM00023205
lat5_lon3,training,RSM00023330
lat5_lon3,training,RSM00023415
lat5_lon3,training,RSM00023472
lat5_lon3,training,RSM00023802
lat5_lon3,training,RSM00023933
lat5_lon3,training,RSM00023955
lat5_lon3,training,RSM00024507
lat5_lon3,training,RSM00024641
lat5_lon3,training,RSM00024688
lat5_lon3,training,RSM00024726
lat5_lon3,training,RSM00024959
lat5_lon3,training,RSM00025403
lat5_lon3,training,RSM00025703
lat5_lon3,training,RSM00025913
lat5_lon3,training,RSM00026075
lat5_lon3,training,RSM00026298
lat5_lon3,training,RSM00026708
lat5_lon3,training,RSM00027038
lat5_lon3,training,RSM00027199
lat5_lon3,training,RSM00027707
lat5_lon3,training,RSM00027713
lat5_lon3,training,RSM00027730
lat5_lon3,training,RSM00028225
lat5_lon3,training,RSM00029263
lat5_lon3,training,RSM00029282
lat5_lon3,training,RSM00029572
lat5_lon3,training,RSM00029612
lat5_lon3,training,RSM00029839
lat5_lon3,training,RSM00029862
lat5_lon3,training,RSM00030054
lat5_lon3,training,RSM00030309
lat5_lon3,training,RSM00030557
lat5_lon3,training,RSM00030635
lat5_lon3,training,RSM00031088
lat5_lon3,training,RSM00031510
lat5_lon3,training,RSM00031538
lat5_lon3,training,RSM00031770
lat5_lon3,training,RSM00031873
lat5_lon3,training,RSM00032061
lat5_lon3,training,RSM00032098
lat5_lon3,training,RSM00032150
lat5_lon3,training,RSM00032389
lat5_lon3,training,RSM00032477
lat5_lon3,training,RSM00032540
lat5_lon3,training,RSM00032618
lat5_lon3,training,RSM00034172
lat5_lon3,training,RSM00034731
lat5_lon3,training,RSM00034858
lat5_lon3,training,RSM00034882
lat5_lon3,training,RSM00035121
lat5_lon3,training,RSM00037011
lat5_lon3,training,SAM00040373
lat5_lon3,training,SAM00040375
lat5_lon3,training,SAM00040394
lat5_lon3,training,SAM00040417
lat5_lon3,training,SAM00040430
lat5_lon3,training,SFM00068263
lat5_lon3,training,SFM00068512
lat5_lon3,training,SFM00068842
lat5_lon3,training,SHM00061901
lat5_lon3,training,SHM00068906
lat5_lon3,training,SNM00048698
lat5_lon3,training,SPM00008001
lat5_lon3,training,SPM00008023
lat5_lon3,training,SPM00008190
lat5_lon3,training,SPM00008221
lat5_lon3,training,SPM00008302
lat5_lon3,training,SPM00008383
lat5_lon3,training,SPM00008430
lat5_lon3,training,SWM00002591
lat5_lon3,training,SZM00006610
lat5_lon3,training,THM00048327
lat5_lon3,training,THM00048378
lat5_lon3,training,THM00048381
lat5_lon3,training,THM00048431
lat5_lon3,training,THM00048453
lat5_lon3,training,THM00048480
lat5_lon3,training,TUM00017064
lat5_lon3,training,TUM00017095
lat5_lon3,training,TUM00017220
lat5_lon3,training,TUM00017240
lat5_lon3,training,UKM00003005
lat5_lon3,training,UKM00003238
lat5_lon3,training,UKM00003918
lat5_lon3,training,USM00070308
lat5_lon3,training,USM00070350
lat5_lon3,training,USM00072201
lat5_lon3,training,USM00072202
lat5_lon3,training,USM00072206
lat5_lon3,training,USM00072208
lat5_lon3,training,USM00072210
lat5_lon3,training,USM00072215
lat5_lon3,training,USM00072235
lat5_lon3,training,USM00072240
lat5_lon3,training,USM00072248
lat5_lon3,training,USM00072249
lat5_lon3,training,USM00072251
lat5_lon3,training,USM00072261
lat5_lon3,training,USM00072265
lat5_lon3,training,USM00072293
lat5_lon3,training,USM00072317
lat5_lon3,training,USM00072327
lat5_lon3,training,USM00072357
lat5_lon3,training,USM00072364
lat5_lon3,training,USM00072376
lat5_lon3,training,USM00072393
lat5_lon3,training,USM00072402
lat5_lon3,training,USM00072403
lat5_lon3,training,USM00072426
lat5_lon3,training,USM00072440
lat5_lon3,training,USM00072451
lat5_lon3,training,USM00072456
lat5_lon3,training,USM00072476
lat5_lon3,training,USM00072493
lat5_lon3,training,USM00072518
lat5_lon3,training,USM00072520
lat5_lon3,training,USM00072582
lat5_lon3,training,USM00072597
lat5_lon3,training,USM00072632
lat5_lon3,training,USM00072634
lat5_lon3,training,USM00072645
lat5_lon3,training,USM00072659
lat5_lon3,training,USM00072662
lat5_lon3,training,USM00072672
lat5_lon3,training,USM00072681
lat5_lon3,training,USM00072694
lat5_lon3,training,USM00072712
lat5_lon3,training,USM00072764
lat5_lon3,training,USM00072768
lat5_lon3,training,USM00074560
lat5_lon3,training,USM00074646
lat5_lon3,training,USM00091165
lat5_lon3,training,USM00091285
lat5_lon3,training,VMM00048820
lat5_lon3,training,VMM00048855
lat5_lon3,early_validation,AEM00041217
lat5_lon3,early_validation,ASM00095527
lat5_lon3,early_validation,ATM00094001
lat5_lon3,early_validation,AYM00089592
lat5_lon3,early_validation,AYM00089642
lat5_lon3,early_validation,BBM00078954
lat5_lon3,early_validation,BRM00082107
lat5_lon3,early_validation,BRM00082824
lat5_lon3,early_validation,BRM00083779
lat5_lon3,early_validation,CAM00071081
lat5_lon3,early_validation,CAM00071823
lat5_lon3,early_validation,CHM00052203
lat5_lon3,early_validation,CHM00052267
lat5_lon3,early_validation,CHM00052418
lat5_lon3,early_validation,CHM00054857
lat5_lon3,early_validation,CHM00056187
lat5_lon3,early_validation,CHM00056778
lat5_lon3,early_validation,CHM00057245
lat5_lon3,early_validation,CHM00057687
lat5_lon3,early_validation,CHM00058362
lat5_lon3,early_validation,CHM00058424
lat5_lon3,early_validation,CHM00059134
lat5_lon3,early_validation,CIM00085934
lat5_lon3,early_validation,DRM00078486
lat5_lon3,early_validation,IDM00097502
lat5_lon3,early_validation,INM00042314
lat5_lon3,early_validation,IRM00040706
lat5_lon3,early_validation,ITM00016332
lat5_lon3,early_validation,JAM00047827
lat5_lon3,early_validation,JAM00047909
lat5_lon3,early_validation,KZM00035394
lat5_lon3,early_validation,MLM00048811
lat5_lon3,early_validation,MXM00076654
lat5_lon3,early_validation,MYM00048657
lat5_lon3,early_validation,MYM00096413
lat5_lon3,early_validation,MYM00096471
lat5_lon3,early_validation,PLM00012425
lat5_lon3,early_validation,POM00008536
lat5_lon3,early_validation,QAM00041169
lat5_lon3,early_validation,RSM00022522
lat5_lon3,early_validation,RSM00024343
lat5_lon3,early_validation,RSM00025123
lat5_lon3,early_validation,RSM00026477
lat5_lon3,early_validation,RSM00027962
lat5_lon3,early_validation,RSM00028275
lat5_lon3,early_validation,RSM00029231
lat5_lon3,early_validation,RSM00032215
lat5_lon3,early_validation,RSM00034009
lat5_lon3,early_validation,RSM00034247
lat5_lon3,early_validation,RSM00034467
lat5_lon3,early_validation,RSM00036096
lat5_lon3,early_validation,SFM00068816
lat5_lon3,early_validation,THM00048407
lat5_lon3,early_validation,TUM00017030
lat5_lon3,early_validation,TUM00017196
lat5_lon3,early_validation,UKM00003808
lat5_lon3,early_validation,USM00070361
lat5_lon3,early_validation,USM00070398
lat5_lon3,early_validation,USM00072489
lat5_lon3,early_validation,USM00072501
lat5_lon3,early_validation,USM00072558
lat5_lon3,early_validation,USM00072572
lat5_lon3,early_validation,USM00072747
lat5_lon3,early_validation,USM00074389
lat5_lon3,calibration,AGM00060390
lat5_lon3,calibration,ARM00087860
lat5_lon3,calibration,ASM00094637
lat5_lon3,calibration,AYM00089532
lat5_lon3,calibration,BRM00082022
lat5_lon3,calibration,BRM00083827
lat5_lon3,calibration,BRM00083899
lat5_lon3,calibration,CAM00071119
lat5_lon3,calibration,CAM00071845
lat5_lon3,calibration,CAM00071924
lat5_lon3,calibration,CHM00053513
lat5_lon3,calibration,CHM00054161
lat5_lon3,calibration,CHM00054511
lat5_lon3,calibration,CHM00056492
lat5_lon3,calibration,CHM00056651
lat5_lon3,calibration,CHM00058027
lat5_lon3,calibration,CHM00058150
lat5_lon3,calibration,CHM00058665
lat5_lon3,calibration,CHM00058847
lat5_lon3,calibration,CHM00059023
lat5_lon3,calibration,FMM00091413
lat5_lon3,calibration,FPM00091925
lat5_lon3,calibration,GLM00004220
lat5_lon3,calibration,HRM00014240
lat5_lon3,calibration,IDM00097180
lat5_lon3,calibration,INM00042339
lat5_lon3,calibration,INM00043185
lat5_lon3,calibration,IRM00040841
lat5_lon3,calibration,ITM00016546
lat5_lon3,calibration,JAM00047412
lat5_lon3,calibration,KEM00063741
lat5_lon3,calibration,KSM00047230
lat5_lon3,calibration,MXM00076256
lat5_lon3,calibration,MXM00076644
lat5_lon3,calibration,NZM00093844
lat5_lon3,calibration,PLM00012374
lat5_lon3,calibration,PSM00091408
lat5_lon3,calibration,RSM00022271
lat5_lon3,calibration,RSM00023884
lat5_lon3,calibration,RSM00023921
lat5_lon3,calibration,RSM00024122
lat5_lon3,calibration,RSM00024908
lat5_lon3,calibration,RSM00026781
lat5_lon3,calibration,RSM00027594
lat5_lon3,calibration,RSM00027995
lat5_lon3,calibration,RSM00028445
lat5_lon3,calibration,RSM00028695
lat5_lon3,calibration,RSM00028722
lat5_lon3,calibration,RSM00029634
lat5_lon3,calibration,RSM00031300
lat5_lon3,calibration,SAM00041112
lat5_lon3,calibration,SVM00001028
lat5_lon3,calibration,THM00048500
lat5_lon3,calibration,UKM00003354
lat5_lon3,calibration,USM00070316
lat5_lon3,calibration,USM00070326
lat5_lon3,calibration,USM00072230
lat5_lon3,calibration,USM00072274
lat5_lon3,calibration,USM00072363
lat5_lon3,calibration,USM00072528
lat5_lon3,calibration,USM00074455
lat5_lon3,calibration,VMM00048839
lat2_lon0,evaluation,AOM00066160
lat2_lon0,evaluation,CFM00064400
lat2_lon0,evaluation,KEM00063741
lat2_lon0,evaluation,REM00061980
lat2_lon0,evaluation,SEM00063985
lat2_lon0,evaluation,SFM00068263
lat2_lon0,evaluation,SFM00068512
lat2_lon0,evaluation,SFM00068592
lat2_lon0,training,AGM00060680
lat2_lon0,training,AQM00091765
lat2_lon0,training,ARM00087155
lat2_lon0,training,ARM00087344
lat2_lon0,training,ARM00087623
lat2_lon0,training,ARM00087715
lat2_lon0,training,ASM00094170
lat2_lon0,training,ASM00094203
lat2_lon0,training,ASM00094302
lat2_lon0,training,ASM00094312
lat2_lon0,training,ASM00094403
lat2_lon0,training,ASM00094430
lat2_lon0,training,ASM00094461
lat2_lon0,training,ASM00094510
lat2_lon0,training,ASM00094578
lat2_lon0,training,ASM00094610
lat2_lon0,training,ASM00094659
lat2_lon0,training,ASM00094672
lat2_lon0,training,ASM00094711
lat2_lon0,training,ASM00094802
lat2_lon0,training,ASM00094866
lat2_lon0,training,ASM00094995
lat2_lon0,training,ASM00094998
lat2_lon0,training,ATM00094005
lat2_lon0,training,ATM00095282
lat2_lon0,training,AYM00089062
lat2_lon0,training,AYM00089564
lat2_lon0,training,AYM00089571
lat2_lon0,training,AYM00089611
lat2_lon0,training,AYM00089664
lat2_lon0,training,BDM00078016
lat2_lon0,training,BEM00006458
lat2_lon0,training,BGM00041923
lat2_lon0,training,BHM00078583
lat2_lon0,training,BRM00082026
lat2_lon0,training,BRM00082099
lat2_lon0,training,BRM00082193
lat2_lon0,training,BRM00082244
lat2_lon0,training,BRM00082332
lat2_lon0,training,BRM00082532
lat2_lon0,training,BRM00082705
lat2_lon0,training,BRM00082965
lat2_lon0,training,BRM00083525
lat2_lon0,training,BRM00083566
lat2_lon0,training,BRM00083612
lat2_lon0,training,BRM00083649
lat2_lon0,training,BRM00083840
lat2_lon0,training,BRM00083937
lat2_lon0,training,CAM00071109
lat2_lon0,training,CAM00071603
lat2_lon0,training,CAM00071722
lat2_lon0,training,CAM00071802
lat2_lon0,training,CAM00071816
lat2_lon0,training,CAM00071867
lat2_lon0,training,CAM00071906
lat2_lon0,training,CAM00071907
lat2_lon0,training,CAM00071908
lat2_lon0,training,CAM00071909
lat2_lon0,training,CAM00071913
lat2_lon0,training,CAM00071917
lat2_lon0,training,CAM00071925
lat2_lon0,training,CAM00071934
lat2_lon0,training,CAM00071957
lat2_lon0,training,CAM00073033
lat2_lon0,training,CAM00073110
lat2_lon0,training,CHM00050527
lat2_lon0,training,CHM00050557
lat2_lon0,training,CHM00050774
lat2_lon0,training,CHM00050953
lat2_lon0,training,CHM00051076
lat2_lon0,training,CHM00051243
lat2_lon0,training,CHM00051431
lat2_lon0,training,CHM00051463
lat2_lon0,training,CHM00051644
lat2_lon0,training,CHM00051656
lat2_lon0,training,CHM00051709
lat2_lon0,training,CHM00051777
lat2_lon0,training,CHM00051839
lat2_lon0,training,CHM00052533
lat2_lon0,training,CHM00052681
lat2_lon0,training,CHM00052866
lat2_lon0,training,CHM00052983
lat2_lon0,training,CHM00053463
lat2_lon0,training,CHM00053543
lat2_lon0,training,CHM00053614
lat2_lon0,training,CHM00053772
lat2_lon0,training,CHM00053845
lat2_lon0,training,CHM00053915
lat2_lon0,training,CHM00054102
lat2_lon0,training,CHM00054135
lat2_lon0,training,CHM00054218
lat2_lon0,training,CHM00054292
lat2_lon0,training,CHM00054340
lat2_lon0,training,CHM00054374
lat2_lon0,training,CHM00054662
lat2_lon0,training,CHM00054727
lat2_lon0,training,CHM00056080
lat2_lon0,training,CHM00056571
lat2_lon0,training,CHM00056739
lat2_lon0,training,CHM00056964
lat2_lon0,training,CHM00056985
lat2_lon0,training,CHM00057083
lat2_lon0,training,CHM00057127
lat2_lon0,training,CHM00057461
lat2_lon0,training,CHM00057494
lat2_lon0,training,CHM00057516
lat2_lon0,training,CHM00057541
lat2_lon0,training,CHM00057972
lat2_lon0,training,CHM00058203
lat2_lon0,training,CHM00058238
lat2_lon0,training,CHM00058457
lat2_lon0,training,CHM00058606
lat2_lon0,training,CHM00058633
lat2_lon0,training,CHM00058725
lat2_lon0,training,CHM00059265
lat2_lon0,training,CHM00059280
lat2_lon0,training,CHM00059293
lat2_lon0,training,CIM00085442
lat2_lon0,training,CIM00085586
lat2_lon0,training,CIM00085799
lat2_lon0,training,CKM00096996
lat2_lon0,training,COM00080001
lat2_lon0,training,COM00080222
lat2_lon0,training,COM00080398
lat2_lon0,training,EIM00003953
lat2_lon0,training,ENM00026038
lat2_lon0,training,EZM00011520
lat2_lon0,training,EZM00011747
lat2_lon0,training,FGM00081405
lat2_lon0,training,FJM00091680
lat2_lon0,training,FKM00088889
lat2_lon0,training,FMM00091334
lat2_lon0,training,FMM00091348
lat2_lon0,training,FOM00006011
lat2_lon0,training,FPM00091938
lat2_lon0,training,FRM00007110
lat2_lon0,training,FRM00007145
lat2_lon0,training,FRM00007510
lat2_lon0,training,FRM00007645
lat2_lon0,training,FRM00007761
lat2_lon0,training,GLM00004270
lat2_lon0,training,GMM00010035
lat2_lon0,training,GMM00010113
lat2_lon0,training,GMM00010184
lat2_lon0,training,GMM00010238
lat2_lon0,training,GMM00010304
lat2_lon0,training,GMM00010393
lat2_lon0,training,GMM00010410
lat2_lon0,training,GMM00010548
lat2_lon0,training,GMM00010618
lat2_lon0,training,GMM00010739
lat2_lon0,training,GMM00010868
lat2_lon0,training,GMM00010954
lat2_lon0,training,GPM00078897
lat2_lon0,training,GQM00091212
lat2_lon0,training,GRM00016622
lat2_lon0,training,GRM00016716
lat2_lon0,training,HKM00045004
lat2_lon0,training,HRM00014430
lat2_lon0,training,HUM00012843
lat2_lon0,training,HUM00012982
lat2_lon0,training,IDM00096237
lat2_lon0,training,IDM00096509
lat2_lon0,training,IDM00096581
lat2_lon0,training,IDM00096749
lat2_lon0,training,IDM00096935
lat2_lon0,training,IDM00097372
lat2_lon0,training,IDM00097980
lat2_lon0,training,INM00042111
lat2_lon0,training,INM00042220
lat2_lon0,training,INM00042348
lat2_lon0,training,INM00042410
lat2_lon0,training,INM00042623
lat2_lon0,training,INM00042647
lat2_lon0,training,INM00042675
lat2_lon0,training,INM00042809
lat2_lon0,training,INM00042886
lat2_lon0,training,INM00042971
lat2_lon0,training,INM00043003
lat2_lon0,training,INM00043049
lat2_lon0,training,INM00043063
lat2_lon0,training,INM00043128
lat2_lon0,training,INM00043150
lat2_lon0,training,INM00043346
lat2_lon0,training,INM00043353
lat2_lon0,training,INM00043371
lat2_lon0,training,IRM00040766
lat2_lon0,training,IRM00040809
lat2_lon0,training,IRM00040856
lat2_lon0,training,ITM00016045
lat2_lon0,training,ITM00016064
lat2_lon0,training,ITM00016113
lat2_lon0,training,ITM00016144
lat2_lon0,training,ITM00016245
lat2_lon0,training,IVM00065548
lat2_lon0,training,IZM00040650
lat2_lon0,training,JAM00047401
lat2_lon0,training,JAM00047582
lat2_lon0,training,JAM00047646
lat2_lon0,training,JAM00047678
lat2_lon0,training,JAM00047741
lat2_lon0,training,JAM00047807
lat2_lon0,training,JAM00047918
lat2_lon0,training,JAM00047945
lat2_lon0,training,JAM00047971
lat2_lon0,training,JAM00047991
lat2_lon0,training,JNM00001001
lat2_lon0,training,KSM00047138
lat2_lon0,training,KSM00047155
lat2_lon0,training,KSM00047169
lat2_lon0,training,KSM00047186
lat2_lon0,training,KZM00028951
lat2_lon0,training,KZM00035229
lat2_lon0,training,KZM00035671
lat2_lon0,training,KZM00035700
lat2_lon0,training,KZM00036003
lat2_lon0,training,KZM00036872
lat2_lon0,training,KZM00038064
lat2_lon0,training,KZM00038341
lat2_lon0,training,LHM00026629
lat2_lon0,training,MGM00044212
lat2_lon0,training,MGM00044231
lat2_lon0,training,MGM00044292
lat2_lon0,training,MGM00044373
lat2_lon0,training,MLM00061291
lat2_lon0,training,MOM00060155
lat2_lon0,training,MOM00060253
lat2_lon0,training,MXM00076458
lat2_lon0,training,MXM00076526
lat2_lon0,training,MXM00076595
lat2_lon0,training,MXM00076612
lat2_lon0,training,MXM00076679
lat2_lon0,training,MXM00076692
lat2_lon0,training,MYM00048601
lat2_lon0,training,MYM00048615
lat2_lon0,training,MYM00096441
lat2_lon0,training,MYM00096481
lat2_lon0,training,NCM00091592
lat2_lon0,training,NFM00094996
lat2_lon0,training,NGM00061024
lat2_lon0,training,NGM00061052
lat2_lon0,training,NLM00006260
lat2_lon0,training,NOM00001241
lat2_lon0,training,NOM00001400
lat2_lon0,training,NOM00001415
lat2_lon0,training,NZM00093112
lat2_lon0,training,PFM00059981
lat2_lon0,training,PLM00012575
lat2_lon0,training,PMM00078807
lat2_lon0,training,POM00008508
lat2_lon0,training,POM00008522
lat2_lon0,training,ROM00015420
lat2_lon0,training,RPM00098223
lat2_lon0,training,RPM00098233
lat2_lon0,training,RPM00098433
lat2_lon0,training,RPM00098444
lat2_lon0,training,RQM00078526
lat2_lon0,training,RSM00020046
lat2_lon0,training,RSM00020674
lat2_lon0,training,RSM00021824
lat2_lon0,training,RSM00022008
lat2_lon0,training,RSM00022217
lat2_lon0,training,RSM00022543
lat2_lon0,training,RSM00022845
lat2_lon0,training,RSM00023078
lat2_lon0,training,RSM00023205
lat2_lon0,training,RSM00023330
lat2_lon0,training,RSM00023415
lat2_lon0,training,RSM00023472
lat2_lon0,training,RSM00023802
lat2_lon0,training,RSM00023933
lat2_lon0,training,RSM00023955
lat2_lon0,training,RSM00024507
lat2_lon0,training,RSM00024641
lat2_lon0,training,RSM00024688
lat2_lon0,training,RSM00024726
lat2_lon0,training,RSM00024959
lat2_lon0,training,RSM00025403
lat2_lon0,training,RSM00025703
lat2_lon0,training,RSM00025913
lat2_lon0,training,RSM00026075
lat2_lon0,training,RSM00026298
lat2_lon0,training,RSM00026708
lat2_lon0,training,RSM00027038
lat2_lon0,training,RSM00027199
lat2_lon0,training,RSM00027707
lat2_lon0,training,RSM00027713
lat2_lon0,training,RSM00027730
lat2_lon0,training,RSM00028225
lat2_lon0,training,RSM00029263
lat2_lon0,training,RSM00029282
lat2_lon0,training,RSM00029572
lat2_lon0,training,RSM00029612
lat2_lon0,training,RSM00029839
lat2_lon0,training,RSM00029862
lat2_lon0,training,RSM00030054
lat2_lon0,training,RSM00030309
lat2_lon0,training,RSM00030557
lat2_lon0,training,RSM00030635
lat2_lon0,training,RSM00031088
lat2_lon0,training,RSM00031510
lat2_lon0,training,RSM00031538
lat2_lon0,training,RSM00031770
lat2_lon0,training,RSM00031873
lat2_lon0,training,RSM00032061
lat2_lon0,training,RSM00032098
lat2_lon0,training,RSM00032150
lat2_lon0,training,RSM00032389
lat2_lon0,training,RSM00032477
lat2_lon0,training,RSM00032540
lat2_lon0,training,RSM00032618
lat2_lon0,training,RSM00034172
lat2_lon0,training,RSM00034731
lat2_lon0,training,RSM00034858
lat2_lon0,training,RSM00034882
lat2_lon0,training,RSM00035121
lat2_lon0,training,RSM00037011
lat2_lon0,training,SAM00040373
lat2_lon0,training,SAM00040375
lat2_lon0,training,SAM00040394
lat2_lon0,training,SAM00040417
lat2_lon0,training,SAM00040430
lat2_lon0,training,SFM00068842
lat2_lon0,training,SHM00061901
lat2_lon0,training,SHM00068906
lat2_lon0,training,SNM00048698
lat2_lon0,training,SPM00008001
lat2_lon0,training,SPM00008023
lat2_lon0,training,SPM00008190
lat2_lon0,training,SPM00008221
lat2_lon0,training,SPM00008302
lat2_lon0,training,SPM00008383
lat2_lon0,training,SPM00008430
lat2_lon0,training,SWM00002591
lat2_lon0,training,SZM00006610
lat2_lon0,training,THM00048327
lat2_lon0,training,THM00048378
lat2_lon0,training,THM00048381
lat2_lon0,training,THM00048431
lat2_lon0,training,THM00048453
lat2_lon0,training,THM00048480
lat2_lon0,training,TUM00017064
lat2_lon0,training,TUM00017095
lat2_lon0,training,TUM00017220
lat2_lon0,training,TUM00017240
lat2_lon0,training,UKM00003005
lat2_lon0,training,UKM00003238
lat2_lon0,training,UKM00003918
lat2_lon0,training,USM00070026
lat2_lon0,training,USM00070200
lat2_lon0,training,USM00070219
lat2_lon0,training,USM00070261
lat2_lon0,training,USM00070273
lat2_lon0,training,USM00070308
lat2_lon0,training,USM00070350
lat2_lon0,training,USM00072201
lat2_lon0,training,USM00072202
lat2_lon0,training,USM00072206
lat2_lon0,training,USM00072208
lat2_lon0,training,USM00072210
lat2_lon0,training,USM00072215
lat2_lon0,training,USM00072235
lat2_lon0,training,USM00072240
lat2_lon0,training,USM00072248
lat2_lon0,training,USM00072249
lat2_lon0,training,USM00072251
lat2_lon0,training,USM00072261
lat2_lon0,training,USM00072265
lat2_lon0,training,USM00072293
lat2_lon0,training,USM00072317
lat2_lon0,training,USM00072327
lat2_lon0,training,USM00072357
lat2_lon0,training,USM00072364
lat2_lon0,training,USM00072376
lat2_lon0,training,USM00072393
lat2_lon0,training,USM00072402
lat2_lon0,training,USM00072403
lat2_lon0,training,USM00072426
lat2_lon0,training,USM00072440
lat2_lon0,training,USM00072451
lat2_lon0,training,USM00072456
lat2_lon0,training,USM00072476
lat2_lon0,training,USM00072493
lat2_lon0,training,USM00072518
lat2_lon0,training,USM00072520
lat2_lon0,training,USM00072582
lat2_lon0,training,USM00072597
lat2_lon0,training,USM00072632
lat2_lon0,training,USM00072634
lat2_lon0,training,USM00072645
lat2_lon0,training,USM00072659
lat2_lon0,training,USM00072662
lat2_lon0,training,USM00072672
lat2_lon0,training,USM00072681
lat2_lon0,training,USM00072694
lat2_lon0,training,USM00072712
lat2_lon0,training,USM00072764
lat2_lon0,training,USM00072768
lat2_lon0,training,USM00074560
lat2_lon0,training,USM00074646
lat2_lon0,training,USM00091165
lat2_lon0,training,USM00091285
lat2_lon0,training,VMM00048820
lat2_lon0,training,VMM00048855
lat2_lon0,early_validation,AEM00041217
lat2_lon0,early_validation,ASM00095527
lat2_lon0,early_validation,ATM00094001
lat2_lon0,early_validation,AYM00089592
lat2_lon0,early_validation,AYM00089642
lat2_lon0,early_validation,BBM00078954
lat2_lon0,early_validation,BRM00082107
lat2_lon0,early_validation,BRM00082824
lat2_lon0,early_validation,BRM00083779
lat2_lon0,early_validation,CAM00071081
lat2_lon0,early_validation,CAM00071823
lat2_lon0,early_validation,CHM00052203
lat2_lon0,early_validation,CHM00052267
lat2_lon0,early_validation,CHM00052418
lat2_lon0,early_validation,CHM00054857
lat2_lon0,early_validation,CHM00056187
lat2_lon0,early_validation,CHM00056778
lat2_lon0,early_validation,CHM00057245
lat2_lon0,early_validation,CHM00057687
lat2_lon0,early_validation,CHM00058362
lat2_lon0,early_validation,CHM00058424
lat2_lon0,early_validation,CHM00059134
lat2_lon0,early_validation,CIM00085934
lat2_lon0,early_validation,DRM00078486
lat2_lon0,early_validation,IDM00097502
lat2_lon0,early_validation,INM00042314
lat2_lon0,early_validation,IRM00040706
lat2_lon0,early_validation,ITM00016332
lat2_lon0,early_validation,JAM00047827
lat2_lon0,early_validation,JAM00047909
lat2_lon0,early_validation,KZM00035394
lat2_lon0,early_validation,MLM00048811
lat2_lon0,early_validation,MXM00076654
lat2_lon0,early_validation,MYM00048657
lat2_lon0,early_validation,MYM00096413
lat2_lon0,early_validation,MYM00096471
lat2_lon0,early_validation,PLM00012425
lat2_lon0,early_validation,POM00008536
lat2_lon0,early_validation,QAM00041169
lat2_lon0,early_validation,RSM00022522
lat2_lon0,early_validation,RSM00024343
lat2_lon0,early_validation,RSM00025123
lat2_lon0,early_validation,RSM00026477
lat2_lon0,early_validation,RSM00027962
lat2_lon0,early_validation,RSM00028275
lat2_lon0,early_validation,RSM00029231
lat2_lon0,early_validation,RSM00032215
lat2_lon0,early_validation,RSM00034009
lat2_lon0,early_validation,RSM00034247
lat2_lon0,early_validation,RSM00034467
lat2_lon0,early_validation,RSM00036096
lat2_lon0,early_validation,SFM00068816
lat2_lon0,early_validation,THM00048407
lat2_lon0,early_validation,TUM00017030
lat2_lon0,early_validation,TUM00017196
lat2_lon0,early_validation,UKM00003808
lat2_lon0,early_validation,USM00070361
lat2_lon0,early_validation,USM00070398
lat2_lon0,early_validation,USM00072489
lat2_lon0,early_validation,USM00072501
lat2_lon0,early_validation,USM00072558
lat2_lon0,early_validation,USM00072572
lat2_lon0,early_validation,USM00072747
lat2_lon0,early_validation,USM00074389
lat2_lon0,calibration,AGM00060390
lat2_lon0,calibration,ARM00087860
lat2_lon0,calibration,ASM00094637
lat2_lon0,calibration,AYM00089532
lat2_lon0,calibration,BRM00082022
lat2_lon0,calibration,BRM00083827
lat2_lon0,calibration,BRM00083899
lat2_lon0,calibration,CAM00071043
lat2_lon0,calibration,CAM00071119
lat2_lon0,calibration,CAM00071845
lat2_lon0,calibration,CAM00071924
lat2_lon0,calibration,CHM00053513
lat2_lon0,calibration,CHM00054161
lat2_lon0,calibration,CHM00054511
lat2_lon0,calibration,CHM00056492
lat2_lon0,calibration,CHM00056651
lat2_lon0,calibration,CHM00058027
lat2_lon0,calibration,CHM00058150
lat2_lon0,calibration,CHM00058665
lat2_lon0,calibration,CHM00058847
lat2_lon0,calibration,CHM00059023
lat2_lon0,calibration,FMM00091413
lat2_lon0,calibration,FPM00091925
lat2_lon0,calibration,GLM00004220
lat2_lon0,calibration,HRM00014240
lat2_lon0,calibration,IDM00097180
lat2_lon0,calibration,INM00042339
lat2_lon0,calibration,INM00043185
lat2_lon0,calibration,IRM00040841
lat2_lon0,calibration,ITM00016546
lat2_lon0,calibration,JAM00047412
lat2_lon0,calibration,KSM00047230
lat2_lon0,calibration,MXM00076256
lat2_lon0,calibration,MXM00076644
lat2_lon0,calibration,NZM00093844
lat2_lon0,calibration,PLM00012374
lat2_lon0,calibration,PSM00091408
lat2_lon0,calibration,RSM00022271
lat2_lon0,calibration,RSM00023884
lat2_lon0,calibration,RSM00023921
lat2_lon0,calibration,RSM00024122
lat2_lon0,calibration,RSM00024908
lat2_lon0,calibration,RSM00026781
lat2_lon0,calibration,RSM00027594
lat2_lon0,calibration,RSM00027995
lat2_lon0,calibration,RSM00028445
lat2_lon0,calibration,RSM00028695
lat2_lon0,calibration,RSM00028722
lat2_lon0,calibration,RSM00029634
lat2_lon0,calibration,RSM00031300
lat2_lon0,calibration,SAM00041112
lat2_lon0,calibration,SVM00001028
lat2_lon0,calibration,THM00048500
lat2_lon0,calibration,UKM00003354
lat2_lon0,calibration,USM00070316
lat2_lon0,calibration,USM00070326
lat2_lon0,calibration,USM00072230
lat2_lon0,calibration,USM00072274
lat2_lon0,calibration,USM00072363
lat2_lon0,calibration,USM00072528
lat2_lon0,calibration,USM00074455
lat2_lon0,calibration,VMM00048839
